@timestamp,event.action,message,process.name,process.parent.name,process.args,dll.pe.original_file_name,dll.name,file.name,registry.path,registry.value,dns.question.name,destination.address,domain.abused,domain.spamhaus.score,ipgeolocation.country.name,ipgeolocation.city.name,ipgeolocation.latitude,ipgeolocation.longitude,ipgeolocation.isp,kibana.alert.rule.threat.tactic.name,kibana.alert.rule.threat.technique.subtechnique.name
"Sep 29, 2024 @ 13:27:10.471",lookup_requested,"DNS query is completed for the name raw.githubusercontent.com, type 28, query options 2251800887582720 with status 10054 Results  ",fb951d3186b65a831453a187f6ee313af91de289c43c246f0e25a62657c919c8.exe,-,-,-,-,-,-,-,raw.githubusercontent.com,185.199.111.133,-,-,United States,San Francisco,37.78229,-122.39117,"GitHub, Inc.","Command and Control, Exfiltration","Domain Generation Algorithms, Exfiltration to Code Repository, Exfiltration to Cloud Storage"
"Sep 29, 2024 @ 13:26:19.827",creation,Endpoint file event,fb951d3186b65a831453a187f6ee313af91de289c43c246f0e25a62657c919c8.exe,-,-,-,-,nodejs-portable.log,-,-,-,-,-,-,-,-,-,-,-,-,-
"Sep 29, 2024 @ 13:26:19.798",end,Endpoint process event,fb951d3186b65a831453a187f6ee313af91de289c43c246f0e25a62657c919c8.exe,explorer.exe,C:\Users\John\fb951d3186b65a831453a187f6ee313af91de289c43c246f0e25a62657c919c8.exe,-,-,-,-,-,-,-,-,-,-,-,-,-,-,-,-
"Sep 29, 2024 @ 13:24:48.039",lookup_requested,"DNS query is completed for the name nodejs.org, type 28, query options 2251800887582720 with status 1460 Results  ",fb951d3186b65a831453a187f6ee313af91de289c43c246f0e25a62657c919c8.exe,-,-,-,-,-,-,-,nodejs.org,104.20.22.46,False,39,United States,San Francisco,37.78035,-122.39059,"Cloudflare, Inc.",-,-
"Sep 29, 2024 @ 13:24:27.179",lookup_requested,"DNS query is completed for the name raw.githubusercontent.com, type 28, query options 2251800887582720 with status 10054 Results  ",fb951d3186b65a831453a187f6ee313af91de289c43c246f0e25a62657c919c8.exe,-,-,-,-,-,-,-,raw.githubusercontent.com,185.199.111.133,-,-,United States,San Francisco,37.78229,-122.39117,"GitHub, Inc.",-,-
"Sep 29, 2024 @ 13:24:22.085",overwrite,Endpoint file event,fb951d3186b65a831453a187f6ee313af91de289c43c246f0e25a62657c919c8.exe,-,-,-,-,nodejs-portable.conf,-,-,-,-,-,-,-,-,-,-,-,-,-
"Sep 29, 2024 @ 13:24:22.084",creation,Endpoint file event,fb951d3186b65a831453a187f6ee313af91de289c43c246f0e25a62657c919c8.exe,-,-,-,-,nodejs-portable.conf,-,-,-,-,-,-,-,-,-,-,-,-,-
"Sep 29, 2024 @ 13:24:21.888",load,Endpoint DLL load event,fb951d3186b65a831453a187f6ee313af91de289c43c246f0e25a62657c919c8.exe,-,-,nodejs-portable.exe,fb951d3186b65a831453a187f6ee313af91de289c43c246f0e25a62657c919c8.exe,-,-,-,-,-,-,-,-,-,-,-,-,-,-
"Sep 29, 2024 @ 13:24:21.832",start,Endpoint process event,fb951d3186b65a831453a187f6ee313af91de289c43c246f0e25a62657c919c8.exe,explorer.exe,C:\Users\John\fb951d3186b65a831453a187f6ee313af91de289c43c246f0e25a62657c919c8.exe,-,-,-,-,-,-,-,-,-,-,-,-,-,-,-,-
"Sep 16, 2024 @ 17:41:55.416",lookup_requested,"DNS query is completed for the name a.tsroxybaa.com, type 1, query options 140737488355336 with status 1460 Results  ",mspaint.exe,-,-,-,-,-,-,-,a.tsroxybaa.com,199.2.137.29,-,-,United States,Redmond,47.63883,-122.13123,Microsoft Corporation,-,-
"Sep 16, 2024 @ 17:41:28.375",lookup_requested,"DNS query is completed for the name a.joerv06.com, type 1, query options 140737488355336 with status 10054 Results  ",mspaint.exe,-,-,-,-,-,-,-,a.joerv06.com,199.2.137.29,-,-,United States,Redmond,47.63883,-122.13123,Microsoft Corporation,-,-
"Sep 16, 2024 @ 17:41:06.297",lookup_requested,"DNS query is completed for the name a.baerr000.ru, type 1, query options 140737488355336 with status 1460 Results  ",mspaint.exe,-,-,-,-,-,-,-,a.baerr000.ru,-,-,-,-,-,-,-,-,-,-
"Sep 16, 2024 @ 17:32:05.598",modification,Endpoint registry event,mspaint.exe,-,-,-,-,-,HKEY_USERS\S-1-5-21-2438712759-301890551-4283054500-1001\SOFTWARE\Microsoft\Windows\CurrentVersion\Run\Kwcocy,Kwcocy,-,-,-,-,-,-,-,-,-,Persistence,Registry Run Keys / Startup Folder
"Sep 16, 2024 @ 17:32:05.595",modification,Endpoint registry event,137fde2bb3da136cf0886186a666b14312ab5dfa6e3b2282cd1c2d973f34dba8.exe,-,-,-,-,-,HKEY_USERS\S-1-5-21-2438712759-301890551-4283054500-1001\SOFTWARE\Microsoft\Windows\CurrentVersion\Run\Screen Saver Pro 3.1,Screen Saver Pro 3.1,-,-,-,-,-,-,-,-,-,Persistence,Registry Run Keys / Startup Folder
"Sep 16, 2024 @ 17:31:10.290",modification,Malware Detection Alert,-,-,-,-,-,w32.exe,-,-,-,-,-,-,-,-,-,-,-,-,-
"Sep 16, 2024 @ 17:30:52.110",modification,Malware Detection Alert,-,-,-,-,-,t32.exe,-,-,-,-,-,-,-,-,-,-,-,-,-
"Sep 16, 2024 @ 17:30:35.659",modification,Malware Detection Alert,-,-,-,-,-,notification_helper.exe,-,-,-,-,-,-,-,-,-,-,-,-,-
"Sep 16, 2024 @ 17:30:20.578",modification,Malware Detection Alert,-,-,-,-,-,elevation_service.exe,-,-,-,-,-,-,-,-,-,-,-,-,-
"Sep 16, 2024 @ 17:29:57.245",modification,Malware Detection Alert,zAbUoM.exe,-,-,-,-,chrome_pwa_launcher.exe,-,-,-,-,-,-,-,-,-,-,-,-,-
"Sep 16, 2024 @ 17:29:35.434",modification,Malware Detection Alert,zAbUoM.exe,-,C:\Users\John\AppData\Local\Temp\zAbUoM.exe,-,-,chrome_proxy.exe,-,-,-,-,-,-,-,-,-,-,-,-,-
"Sep 16, 2024 @ 17:29:14.457",modification,Malware Detection Alert,zAbUoM.exe,137fde2bb3da136cf0886186a666b14312ab5dfa6e3b2282cd1c2d973f34dba8.exe,C:\Users\John\AppData\Local\Temp\zAbUoM.exe,-,-,chrome.exe,-,-,-,-,-,-,-,-,-,-,-,-,-
"Sep 16, 2024 @ 17:29:11.794",end,Endpoint process event,cmd.exe,zAbUoM.exe,"C:\Windows\system32\cmd.exe, /c, C:\Users\John\AppData\Local\Temp\61227504.bat ",-,-,-,-,-,-,-,-,-,-,-,-,-,-,-,-
"Sep 16, 2024 @ 17:29:11.793",deletion,Endpoint file event,cmd.exe,-,-,-,-,61227504.bat,-,-,-,-,-,-,-,-,-,-,-,-,-
"Sep 16, 2024 @ 17:29:11.283",end,Endpoint process event,zAbUoM.exe,137fde2bb3da136cf0886186a666b14312ab5dfa6e3b2282cd1c2d973f34dba8.exe,C:\Users\John\AppData\Local\Temp\zAbUoM.exe,-,-,-,-,-,-,-,-,-,-,-,-,-,-,-,-
"Sep 16, 2024 @ 17:29:11.244",start,Endpoint process event,cmd.exe,zAbUoM.exe,"C:\Windows\system32\cmd.exe, /c, C:\Users\John\AppData\Local\Temp\61227504.bat ",-,-,-,-,-,-,-,-,-,-,-,-,-,-,-,-
"Sep 16, 2024 @ 17:29:10.610",creation,Endpoint file event,zAbUoM.exe,-,-,-,-,61227504.bat,-,-,-,-,-,-,-,-,-,-,-,-,-
"Sep 16, 2024 @ 17:29:10.609",modification,Endpoint registry event,zAbUoM.exe,-,-,-,-,-,HKLM\SOFTWARE\WOW6432Node\GTplus\Time,Time,-,-,-,-,-,-,-,-,-,-,-
"Sep 16, 2024 @ 17:29:02.109",modification,Endpoint file event,zAbUoM.exe,-,-,-,-,w32.exe,-,-,-,-,-,-,-,-,-,-,-,-,-
"Sep 16, 2024 @ 17:29:02.073",modification,Endpoint file event,zAbUoM.exe,-,-,-,-,t32.exe,-,-,-,-,-,-,-,-,-,-,-,-,-
"Sep 16, 2024 @ 17:28:56.110",rename,Malware Detection Alert,137fde2bb3da136cf0886186a666b14312ab5dfa6e3b2282cd1c2d973f34dba8.exe,explorer.exe,-,-,-,137fde2bb3da136cf0886186a666b14312ab5dfa6e3b2282cd1c2d973f34dba8.exe.gonewiththewings,-,-,-,-,-,-,-,-,-,-,-,-,-
"Sep 16, 2024 @ 17:28:48.826",modification,Malware Detection Alert,137fde2bb3da136cf0886186a666b14312ab5dfa6e3b2282cd1c2d973f34dba8.exe,explorer.exe,C:\Users\John\137fde2bb3da136cf0886186a666b14312ab5dfa6e3b2282cd1c2d973f34dba8.exe,-,-,zAbUoM.exe.gonewiththewings,-,-,-,-,-,-,-,-,-,-,-,-,-
"Sep 16, 2024 @ 17:28:36.779",modification,Endpoint file event,zAbUoM.exe,-,-,-,-,notification_helper.exe,-,-,-,-,-,-,-,-,-,-,-,-,-
"Sep 16, 2024 @ 17:28:36.742",modification,Endpoint file event,zAbUoM.exe,-,-,-,-,interactive_ui_tests.exe,-,-,-,-,-,-,-,-,-,-,-,-,-
"Sep 16, 2024 @ 17:28:36.642",modification,Endpoint file event,zAbUoM.exe,-,-,-,-,elevation_service.exe,-,-,-,-,-,-,-,-,-,-,-,-,-
"Sep 16, 2024 @ 17:28:36.609",modification,Endpoint file event,zAbUoM.exe,-,-,-,-,chrome_proxy.exe,-,-,-,-,-,-,-,-,-,-,-,-,-
"Sep 16, 2024 @ 17:28:36.600",modification,Endpoint file event,zAbUoM.exe,-,-,-,-,chrome.exe,-,-,-,-,-,-,-,-,-,-,-,-,-
"Sep 16, 2024 @ 17:28:25.130",creation,Malware Detection Alert,137fde2bb3da136cf0886186a666b14312ab5dfa6e3b2282cd1c2d973f34dba8.exe,explorer.exe,C:\Users\John\137fde2bb3da136cf0886186a666b14312ab5dfa6e3b2282cd1c2d973f34dba8.exe,-,-,ScreenSaverPro.scr,-,-,-,-,-,-,-,-,-,-,-,-,-
"Sep 16, 2024 @ 17:28:23.210",lookup_requested,"DNS query is completed for the name ddos.dnsnb8.net, type 28, query options 2251800887582720 with status 1460 Results  ",zAbUoM.exe,-,-,-,-,-,-,-,ddos.dnsnb8.net,44.221.84.105,-,-,United States,North,37.45243,-76.41686,Amazon Data Services NoVa,-,-
"Sep 16, 2024 @ 17:28:21.783",lookup_requested,"DNS query is completed for the name api.wipmania.com, type 28, query options 2251800887582720 with status 1460 Results  ",mspaint.exe,-,-,-,-,-,-,-,api.wipmania.com,-,-,-,-,-,-,-,-,-,-
"Sep 16, 2024 @ 17:28:17.463",end,Endpoint process event,137fde2bb3da136cf0886186a666b14312ab5dfa6e3b2282cd1c2d973f34dba8.exe,explorer.exe,C:\Users\John\137fde2bb3da136cf0886186a666b14312ab5dfa6e3b2282cd1c2d973f34dba8.exe,-,-,-,-,-,-,-,-,-,-,-,-,-,-,-,-
"Sep 16, 2024 @ 17:28:14.456",end,Endpoint process event,iexplore.exe,iexplore.exe,C:\Program Files\Internet Explorer\IEXPLORE.EXE,-,-,-,-,-,-,-,-,-,-,-,-,-,-,-,-
"Sep 16, 2024 @ 17:28:14.205",lookup_requested,"DNS query is completed for the name go.microsoft.com, type 28, query options 2251800887582720 with status 1460 Results  ",iexplore.exe,-,-,-,-,-,-,-,go.microsoft.com,23.40.33.147,-,-,Singapore,Singapore,1.29041,103.85211,"Akamai Technologies, Inc.",-,-
"Sep 16, 2024 @ 17:28:12.704",modification,Endpoint registry event,mspaint.exe,-,-,-,-,-,HKEY_USERS\S-1-5-21-2438712759-301890551-4283054500-1001\SOFTWARE\Microsoft\Windows\CurrentVersion\Internet Settings\ZoneMap\UNCAsIntranet,UNCAsIntranet,-,-,-,-,-,-,-,-,-,-,-
"Sep 16, 2024 @ 17:28:12.704",modification,Endpoint registry event,mspaint.exe,-,-,-,-,-,HKEY_USERS\S-1-5-21-2438712759-301890551-4283054500-1001\SOFTWARE\Microsoft\Windows\CurrentVersion\Internet Settings\ZoneMap\AutoDetect,AutoDetect,-,-,-,-,-,-,-,-,-,-,-
"Sep 16, 2024 @ 17:28:12.703",modification,Endpoint registry event,mspaint.exe,-,-,-,-,-,HKEY_USERS\S-1-5-21-2438712759-301890551-4283054500-1001\SOFTWARE\Microsoft\Windows\CurrentVersion\Internet Settings\ZoneMap\ProxyBypass,ProxyBypass,-,-,-,-,-,-,-,-,-,-,-
"Sep 16, 2024 @ 17:28:12.703",modification,Endpoint registry event,mspaint.exe,-,-,-,-,-,HKEY_USERS\S-1-5-21-2438712759-301890551-4283054500-1001\SOFTWARE\Microsoft\Windows\CurrentVersion\Internet Settings\ZoneMap\IntranetName,IntranetName,-,-,-,-,-,-,-,-,-,-,-
"Sep 16, 2024 @ 17:28:12.696",modification,Endpoint registry event,mspaint.exe,-,-,-,-,-,HKEY_USERS\S-1-5-21-2438712759-301890551-4283054500-1001\SOFTWARE\Microsoft\Windows\CurrentVersion\Internet Settings\5.0\Cache\History\CachePrefix,CachePrefix,-,-,-,-,-,-,-,-,-,-,-
"Sep 16, 2024 @ 17:28:12.695",modification,Endpoint registry event,mspaint.exe,-,-,-,-,-,HKEY_USERS\S-1-5-21-2438712759-301890551-4283054500-1001\SOFTWARE\Microsoft\Windows\CurrentVersion\Internet Settings\5.0\Cache\Cookies\CachePrefix,CachePrefix,-,-,-,-,-,-,-,-,-,-,-
"Sep 16, 2024 @ 17:28:12.694",modification,Endpoint registry event,mspaint.exe,-,-,-,-,-,HKEY_USERS\S-1-5-21-2438712759-301890551-4283054500-1001\SOFTWARE\Microsoft\Windows\CurrentVersion\Internet Settings\5.0\Cache\Content\CachePrefix,CachePrefix,-,-,-,-,-,-,-,-,-,-,-
"Sep 16, 2024 @ 17:28:12.652",modification,Endpoint registry event,mspaint.exe,-,-,-,-,-,HKEY_USERS\S-1-5-21-2438712759-301890551-4283054500-1001\SOFTWARE\Microsoft\Windows\CurrentVersion\Run\Kwcocy,Kwcocy,-,-,-,-,-,-,-,-,-,-,-
"Sep 16, 2024 @ 17:28:12.644",end,Endpoint process event,137fde2bb3da136cf0886186a666b14312ab5dfa6e3b2282cd1c2d973f34dba8.exe,137fde2bb3da136cf0886186a666b14312ab5dfa6e3b2282cd1c2d973f34dba8.exe,C:\Users\John\137fde2bb3da136cf0886186a666b14312ab5dfa6e3b2282cd1c2d973f34dba8.exe,-,-,-,-,-,-,-,-,-,-,-,-,-,-,-,-
"Sep 16, 2024 @ 17:28:12.064",end,Endpoint process event,iexplore.exe,137fde2bb3da136cf0886186a666b14312ab5dfa6e3b2282cd1c2d973f34dba8.exe,C:\Program Files (x86)\Internet Explorer\iexplore.exe,-,-,-,-,-,-,-,-,-,-,-,-,-,-,-,-
"Sep 16, 2024 @ 17:28:12.055",modification,Endpoint registry event,iexplore.exe,-,-,-,-,-,HKEY_USERS\S-1-5-21-2438712759-301890551-4283054500-1001\SOFTWARE\Microsoft\Internet Explorer\Main\DisableFirstRunCustomize,DisableFirstRunCustomize,-,-,-,-,-,-,-,-,-,-,-
"Sep 16, 2024 @ 17:28:12.051",modification,Endpoint registry event,iexplore.exe,-,-,-,-,-,HKEY_USERS\S-1-5-21-2438712759-301890551-4283054500-1001\SOFTWARE\Microsoft\Windows\CurrentVersion\Internet Settings\Zones\SecuritySafe,SecuritySafe,-,-,-,-,-,-,-,-,-,-,-
"Sep 16, 2024 @ 17:28:12.046",modification,Endpoint registry event,iexplore.exe,-,-,-,-,-,HKEY_USERS\S-1-5-21-2438712759-301890551-4283054500-1001\SOFTWARE\Microsoft\Windows\CurrentVersion\Internet Settings\ZoneMap\IntranetName,IntranetName,-,-,-,-,-,-,-,-,-,-,-
"Sep 16, 2024 @ 17:28:12.046",modification,Endpoint registry event,iexplore.exe,-,-,-,-,-,HKEY_USERS\S-1-5-21-2438712759-301890551-4283054500-1001\SOFTWARE\Microsoft\Windows\CurrentVersion\Internet Settings\ZoneMap\UNCAsIntranet,UNCAsIntranet,-,-,-,-,-,-,-,-,-,-,-
"Sep 16, 2024 @ 17:28:12.046",modification,Endpoint registry event,iexplore.exe,-,-,-,-,-,HKEY_USERS\S-1-5-21-2438712759-301890551-4283054500-1001\SOFTWARE\Microsoft\Windows\CurrentVersion\Internet Settings\ZoneMap\AutoDetect,AutoDetect,-,-,-,-,-,-,-,-,-,-,-
"Sep 16, 2024 @ 17:28:12.045",modification,Endpoint registry event,iexplore.exe,-,-,-,-,-,HKEY_USERS\S-1-5-21-2438712759-301890551-4283054500-1001\SOFTWARE\Microsoft\Windows\CurrentVersion\Internet Settings\ZoneMap\ProxyBypass,ProxyBypass,-,-,-,-,-,-,-,-,-,-,-
"Sep 16, 2024 @ 17:28:12.044",modification,Endpoint registry event,iexplore.exe,-,-,-,-,-,HKEY_USERS\S-1-5-21-2438712759-301890551-4283054500-1001\SOFTWARE\Microsoft\Internet Explorer\Protected - It is a violation of Windows Policy to modify. See aka.ms/browserpolicy\HomepagesUpgradeVersion,HomepagesUpgradeVersion,-,-,-,-,-,-,-,-,-,-,-
"Sep 16, 2024 @ 17:28:12.040",modification,Endpoint registry event,iexplore.exe,-,-,-,-,-,HKEY_USERS\S-1-5-21-2438712759-301890551-4283054500-1001\SOFTWARE\Microsoft\Internet Explorer\Main\CompatibilityFlags,CompatibilityFlags,-,-,-,-,-,-,-,-,-,-,-
"Sep 16, 2024 @ 17:28:11.936",load,Endpoint DLL load event,iexplore.exe,-,-,-,ieproxy.dll,-,-,-,-,-,-,-,-,-,-,-,-,-,-
"Sep 16, 2024 @ 17:28:11.686",modification,Endpoint registry event,iexplore.exe,-,-,-,-,-,HKEY_USERS\S-1-5-21-2438712759-301890551-4283054500-1001\SOFTWARE\Microsoft\Internet Explorer\VersionManager\FirstCheckForUpdateHighDateTime,FirstCheckForUpdateHighDateTime,-,-,-,-,-,-,-,-,-,-,-
"Sep 16, 2024 @ 17:28:11.675",modification,Endpoint registry event,iexplore.exe,-,-,-,-,-,HKEY_USERS\S-1-5-21-2438712759-301890551-4283054500-1001\SOFTWARE\Microsoft\Internet Explorer\VersionManager\FirstCheckForUpdateLowDateTime,FirstCheckForUpdateLowDateTime,-,-,-,-,-,-,-,-,-,-,-
"Sep 16, 2024 @ 17:28:11.594",modification,Endpoint registry event,iexplore.exe,-,-,-,-,-,HKEY_USERS\S-1-5-21-2438712759-301890551-4283054500-1001\SOFTWARE\Microsoft\Internet Explorer\GPU\Revision,Revision,-,-,-,-,-,-,-,-,-,-,-
"Sep 16, 2024 @ 17:28:11.594",modification,Endpoint registry event,iexplore.exe,-,-,-,-,-,HKEY_USERS\S-1-5-21-2438712759-301890551-4283054500-1001\SOFTWARE\Microsoft\Internet Explorer\BrowserEmulation\CVListDomainAttributeSet,CVListDomainAttributeSet,-,-,-,-,-,-,-,-,-,-,-
"Sep 16, 2024 @ 17:28:11.594",modification,Endpoint registry event,iexplore.exe,-,-,-,-,-,HKEY_USERS\S-1-5-21-2438712759-301890551-4283054500-1001\SOFTWARE\Microsoft\Internet Explorer\BrowserEmulation\StaleCompatCache,StaleCompatCache,-,-,-,-,-,-,-,-,-,-,-
"Sep 16, 2024 @ 17:28:11.593",modification,Endpoint registry event,iexplore.exe,-,-,-,-,-,HKEY_USERS\S-1-5-21-2438712759-301890551-4283054500-1001\SOFTWARE\Microsoft\Internet Explorer\GPU\SoftwareFallback,SoftwareFallback,-,-,-,-,-,-,-,-,-,-,-
"Sep 16, 2024 @ 17:28:11.593",modification,Endpoint registry event,iexplore.exe,-,-,-,-,-,HKEY_USERS\S-1-5-21-2438712759-301890551-4283054500-1001\SOFTWARE\Microsoft\Internet Explorer\GPU\VendorId,VendorId,-,-,-,-,-,-,-,-,-,-,-
"Sep 16, 2024 @ 17:28:11.593",modification,Endpoint registry event,iexplore.exe,-,-,-,-,-,HKEY_USERS\S-1-5-21-2438712759-301890551-4283054500-1001\SOFTWARE\Microsoft\Internet Explorer\GPU\DeviceId,DeviceId,-,-,-,-,-,-,-,-,-,-,-
"Sep 16, 2024 @ 17:28:11.593",modification,Endpoint registry event,iexplore.exe,-,-,-,-,-,HKEY_USERS\S-1-5-21-2438712759-301890551-4283054500-1001\SOFTWARE\Microsoft\Internet Explorer\GPU\SubSysId,SubSysId,-,-,-,-,-,-,-,-,-,-,-
"Sep 16, 2024 @ 17:28:11.552",modification,Endpoint registry event,iexplore.exe,-,-,-,-,-,HKEY_USERS\S-1-5-21-2438712759-301890551-4283054500-1001\SOFTWARE\Microsoft\Internet Explorer\BrowserEmulation\CVListXMLVersionLow,CVListXMLVersionLow,-,-,-,-,-,-,-,-,-,-,-
"Sep 16, 2024 @ 17:28:11.552",modification,Endpoint registry event,iexplore.exe,-,-,-,-,-,HKEY_USERS\S-1-5-21-2438712759-301890551-4283054500-1001\SOFTWARE\Microsoft\Internet Explorer\BrowserEmulation\CVListXMLVersionHigh,CVListXMLVersionHigh,-,-,-,-,-,-,-,-,-,-,-
"Sep 16, 2024 @ 17:28:11.469",modification,Endpoint registry event,iexplore.exe,-,-,-,-,-,HKEY_USERS\S-1-5-21-2438712759-301890551-4283054500-1001\SOFTWARE\Microsoft\Internet Explorer\BrowserEmulation\IECompatVersionLow,IECompatVersionLow,-,-,-,-,-,-,-,-,-,-,-
"Sep 16, 2024 @ 17:28:11.461",modification,Endpoint registry event,iexplore.exe,-,-,-,-,-,HKEY_USERS\S-1-5-21-2438712759-301890551-4283054500-1001\SOFTWARE\Microsoft\Internet Explorer\BrowserEmulation\IECompatVersionHigh,IECompatVersionHigh,-,-,-,-,-,-,-,-,-,-,-
"Sep 16, 2024 @ 17:28:11.423",modification,Endpoint registry event,iexplore.exe,-,-,-,-,-,HKEY_USERS\S-1-5-21-2438712759-301890551-4283054500-1001\SOFTWARE\Microsoft\Windows\CurrentVersion\Internet Settings\5.0\Cache\History\CachePrefix,CachePrefix,-,-,-,-,-,-,-,-,-,-,-
"Sep 16, 2024 @ 17:28:11.422",modification,Endpoint registry event,iexplore.exe,-,-,-,-,-,HKEY_USERS\S-1-5-21-2438712759-301890551-4283054500-1001\SOFTWARE\Microsoft\Windows\CurrentVersion\Internet Settings\5.0\Cache\Cookies\CachePrefix,CachePrefix,-,-,-,-,-,-,-,-,-,-,-
"Sep 16, 2024 @ 17:28:11.421",modification,Endpoint registry event,iexplore.exe,-,-,-,-,-,HKEY_USERS\S-1-5-21-2438712759-301890551-4283054500-1001\SOFTWARE\Microsoft\Windows\CurrentVersion\Internet Settings\5.0\Cache\Content\CachePrefix,CachePrefix,-,-,-,-,-,-,-,-,-,-,-
"Sep 16, 2024 @ 17:28:11.276",modification,Endpoint registry event,iexplore.exe,-,-,-,-,-,HKEY_USERS\S-1-5-21-2438712759-301890551-4283054500-1001\SOFTWARE\Microsoft\Internet Explorer\TabbedBrowsing\NTPMigrationVer,NTPMigrationVer,-,-,-,-,-,-,-,-,-,-,-
"Sep 16, 2024 @ 17:28:10.835",modification,Endpoint registry event,iexplore.exe,-,-,-,-,-,HKEY_USERS\S-1-5-21-2438712759-301890551-4283054500-1001\SOFTWARE\Microsoft\Internet Explorer\Main\OperationalData,OperationalData,-,-,-,-,-,-,-,-,-,-,-
"Sep 16, 2024 @ 17:28:10.587",start,Endpoint process event,iexplore.exe,iexplore.exe,C:\Program Files\Internet Explorer\IEXPLORE.EXE,-,-,-,-,-,-,-,-,-,-,-,-,-,-,-,-
"Sep 16, 2024 @ 17:28:09.900",start,Endpoint process event,iexplore.exe,137fde2bb3da136cf0886186a666b14312ab5dfa6e3b2282cd1c2d973f34dba8.exe,C:\Program Files (x86)\Internet Explorer\iexplore.exe,-,-,-,-,-,-,-,-,-,-,-,-,-,-,-,-
"Sep 16, 2024 @ 17:28:08.458",creation,Malware Detection Alert,137fde2bb3da136cf0886186a666b14312ab5dfa6e3b2282cd1c2d973f34dba8.exe,explorer.exe,C:\Users\John\137fde2bb3da136cf0886186a666b14312ab5dfa6e3b2282cd1c2d973f34dba8.exe,-,-,temp.bin,-,-,-,-,-,-,-,-,-,-,-,-,-
"Sep 16, 2024 @ 17:28:05.439",lookup_requested,"DNS query is completed for the name api.wipmania.net, type 1, query options 1073766400 with status 87 Results  ",137fde2bb3da136cf0886186a666b14312ab5dfa6e3b2282cd1c2d973f34dba8.exe,-,-,-,-,-,-,-,api.wipmania.net,100.172.38.94,-,-,United States,Bellevue,47.57660,-122.16709,"T Mobile USA, Inc.",-,-
"Sep 16, 2024 @ 17:28:05.431",modification,Endpoint registry event,137fde2bb3da136cf0886186a666b14312ab5dfa6e3b2282cd1c2d973f34dba8.exe,-,-,-,-,-,HKEY_USERS\S-1-5-21-2438712759-301890551-4283054500-1001\SOFTWARE\Microsoft\Windows\CurrentVersion\Internet Settings\5.0\Cache\History\CachePrefix,CachePrefix,-,-,-,-,-,-,-,-,-,-,-
"Sep 16, 2024 @ 17:28:05.430",modification,Endpoint registry event,137fde2bb3da136cf0886186a666b14312ab5dfa6e3b2282cd1c2d973f34dba8.exe,-,-,-,-,-,HKEY_USERS\S-1-5-21-2438712759-301890551-4283054500-1001\SOFTWARE\Microsoft\Windows\CurrentVersion\Internet Settings\5.0\Cache\Cookies\CachePrefix,CachePrefix,-,-,-,-,-,-,-,-,-,-,-
"Sep 16, 2024 @ 17:28:05.429",modification,Endpoint registry event,137fde2bb3da136cf0886186a666b14312ab5dfa6e3b2282cd1c2d973f34dba8.exe,-,-,-,-,-,HKEY_USERS\S-1-5-21-2438712759-301890551-4283054500-1001\SOFTWARE\Microsoft\Windows\CurrentVersion\Internet Settings\5.0\Cache\Content\CachePrefix,CachePrefix,-,-,-,-,-,-,-,-,-,-,-
"Sep 16, 2024 @ 17:28:05.422",modification,Endpoint registry event,137fde2bb3da136cf0886186a666b14312ab5dfa6e3b2282cd1c2d973f34dba8.exe,-,-,-,-,-,HKEY_USERS\S-1-5-21-2438712759-301890551-4283054500-1001\SOFTWARE\Microsoft\Windows\CurrentVersion\Internet Settings\ZoneMap\UNCAsIntranet,UNCAsIntranet,-,-,-,-,-,-,-,-,-,-,-
"Sep 16, 2024 @ 17:28:05.422",modification,Endpoint registry event,137fde2bb3da136cf0886186a666b14312ab5dfa6e3b2282cd1c2d973f34dba8.exe,-,-,-,-,-,HKEY_USERS\S-1-5-21-2438712759-301890551-4283054500-1001\SOFTWARE\Microsoft\Windows\CurrentVersion\Internet Settings\ZoneMap\AutoDetect,AutoDetect,-,-,-,-,-,-,-,-,-,-,-
"Sep 16, 2024 @ 17:28:05.421",modification,Endpoint registry event,137fde2bb3da136cf0886186a666b14312ab5dfa6e3b2282cd1c2d973f34dba8.exe,-,-,-,-,-,HKEY_USERS\S-1-5-21-2438712759-301890551-4283054500-1001\SOFTWARE\Microsoft\Windows\CurrentVersion\Internet Settings\ZoneMap\IntranetName,IntranetName,-,-,-,-,-,-,-,-,-,-,-
"Sep 16, 2024 @ 17:28:05.421",modification,Endpoint registry event,137fde2bb3da136cf0886186a666b14312ab5dfa6e3b2282cd1c2d973f34dba8.exe,-,-,-,-,-,HKEY_USERS\S-1-5-21-2438712759-301890551-4283054500-1001\SOFTWARE\Microsoft\Windows\CurrentVersion\Internet Settings\ZoneMap\ProxyBypass,ProxyBypass,-,-,-,-,-,-,-,-,-,-,-
"Sep 16, 2024 @ 17:28:05.399",rename,Endpoint file event,137fde2bb3da136cf0886186a666b14312ab5dfa6e3b2282cd1c2d973f34dba8.exe,-,-,-,-,137fde2bb3da136cf0886186a666b14312ab5dfa6e3b2282cd1c2d973f34dba8.exe.gonewiththewings,-,-,-,-,-,-,-,-,-,-,-,-,-
"Sep 16, 2024 @ 17:28:05.391",rename,Endpoint file event,137fde2bb3da136cf0886186a666b14312ab5dfa6e3b2282cd1c2d973f34dba8.exe,-,-,-,-,zAbUoM.exe.gonewiththewings,-,-,-,-,-,-,-,-,-,-,-,-,-
"Sep 16, 2024 @ 17:28:05.387",modification,Endpoint file event,137fde2bb3da136cf0886186a666b14312ab5dfa6e3b2282cd1c2d973f34dba8.exe,-,-,-,-,zAbUoM.exe.gonewiththewings,-,-,-,-,-,-,-,-,-,-,-,-,-
"Sep 16, 2024 @ 17:28:05.385",load,Endpoint DLL load event,137fde2bb3da136cf0886186a666b14312ab5dfa6e3b2282cd1c2d973f34dba8.exe,-,-,Klx2bivsvy8.exe,137fde2bb3da136cf0886186a666b14312ab5dfa6e3b2282cd1c2d973f34dba8.exe,-,-,-,-,-,-,-,-,-,-,-,-,-,-
"Sep 16, 2024 @ 17:27:56.181",start,Endpoint process event,mspaint.exe,svchost.exe,C:\Windows\system32\mspaint.exe,-,-,-,-,-,-,-,-,-,-,-,-,-,-,-,-
"Sep 16, 2024 @ 17:27:55.330",start,Endpoint process event,137fde2bb3da136cf0886186a666b14312ab5dfa6e3b2282cd1c2d973f34dba8.exe,137fde2bb3da136cf0886186a666b14312ab5dfa6e3b2282cd1c2d973f34dba8.exe,C:\Users\John\137fde2bb3da136cf0886186a666b14312ab5dfa6e3b2282cd1c2d973f34dba8.exe,-,-,-,-,-,-,-,-,-,-,-,-,-,-,-,-
"Sep 16, 2024 @ 17:27:55.327",execution,Malware Detection Alert,137fde2bb3da136cf0886186a666b14312ab5dfa6e3b2282cd1c2d973f34dba8.exe,137fde2bb3da136cf0886186a666b14312ab5dfa6e3b2282cd1c2d973f34dba8.exe,C:\Users\John\137fde2bb3da136cf0886186a666b14312ab5dfa6e3b2282cd1c2d973f34dba8.exe,-,-,137fde2bb3da136cf0886186a666b14312ab5dfa6e3b2282cd1c2d973f34dba8.exe,-,-,-,-,-,-,-,-,-,-,-,-,-
"Sep 16, 2024 @ 17:27:55.172",modification,Endpoint registry event,137fde2bb3da136cf0886186a666b14312ab5dfa6e3b2282cd1c2d973f34dba8.exe,-,-,-,-,-,HKEY_USERS\S-1-5-21-2438712759-301890551-4283054500-1001\SOFTWARE\Microsoft\Windows\CurrentVersion\Run\Screen Saver Pro 3.1,Screen Saver Pro 3.1,-,-,-,-,-,-,-,-,-,-,-
"Sep 16, 2024 @ 17:27:55.171",creation,Endpoint file event,137fde2bb3da136cf0886186a666b14312ab5dfa6e3b2282cd1c2d973f34dba8.exe,-,-,-,-,ScreenSaverPro.scr,-,-,-,-,-,-,-,-,-,-,-,-,-
"Sep 16, 2024 @ 17:27:55.170",creation,Endpoint file event,137fde2bb3da136cf0886186a666b14312ab5dfa6e3b2282cd1c2d973f34dba8.exe,-,-,-,-,temp.bin,-,-,-,-,-,-,-,-,-,-,-,-,-
"Sep 16, 2024 @ 17:27:54.807",modification,Endpoint registry event,zAbUoM.exe,-,-,-,-,-,HKEY_USERS\S-1-5-21-2438712759-301890551-4283054500-1001\SOFTWARE\Microsoft\Windows\CurrentVersion\Internet Settings\5.0\Cache\History\CachePrefix,CachePrefix,-,-,-,-,-,-,-,-,-,-,-
"Sep 16, 2024 @ 17:27:54.806",modification,Endpoint registry event,zAbUoM.exe,-,-,-,-,-,HKEY_USERS\S-1-5-21-2438712759-301890551-4283054500-1001\SOFTWARE\Microsoft\Windows\CurrentVersion\Internet Settings\5.0\Cache\Cookies\CachePrefix,CachePrefix,-,-,-,-,-,-,-,-,-,-,-
"Sep 16, 2024 @ 17:27:54.805",modification,Endpoint registry event,zAbUoM.exe,-,-,-,-,-,HKEY_USERS\S-1-5-21-2438712759-301890551-4283054500-1001\SOFTWARE\Microsoft\Windows\CurrentVersion\Internet Settings\5.0\Cache\Content\CachePrefix,CachePrefix,-,-,-,-,-,-,-,-,-,-,-
"Sep 16, 2024 @ 17:27:54.763",modification,Endpoint registry event,zAbUoM.exe,-,-,-,-,-,HKEY_USERS\S-1-5-21-2438712759-301890551-4283054500-1001\SOFTWARE\Microsoft\Windows\CurrentVersion\Internet Settings\ZoneMap\UNCAsIntranet,UNCAsIntranet,-,-,-,-,-,-,-,-,-,-,-
"Sep 16, 2024 @ 17:27:54.763",modification,Endpoint registry event,zAbUoM.exe,-,-,-,-,-,HKEY_USERS\S-1-5-21-2438712759-301890551-4283054500-1001\SOFTWARE\Microsoft\Windows\CurrentVersion\Internet Settings\ZoneMap\AutoDetect,AutoDetect,-,-,-,-,-,-,-,-,-,-,-
"Sep 16, 2024 @ 17:27:54.762",modification,Endpoint registry event,zAbUoM.exe,-,-,-,-,-,HKEY_USERS\S-1-5-21-2438712759-301890551-4283054500-1001\SOFTWARE\Microsoft\Windows\CurrentVersion\Internet Settings\ZoneMap\ProxyBypass,ProxyBypass,-,-,-,-,-,-,-,-,-,-,-
"Sep 16, 2024 @ 17:27:54.762",modification,Endpoint registry event,zAbUoM.exe,-,-,-,-,-,HKEY_USERS\S-1-5-21-2438712759-301890551-4283054500-1001\SOFTWARE\Microsoft\Windows\CurrentVersion\Internet Settings\ZoneMap\IntranetName,IntranetName,-,-,-,-,-,-,-,-,-,-,-
"Sep 16, 2024 @ 17:27:54.536",load,Endpoint DLL load event,zAbUoM.exe,-,-,-,zAbUoM.exe,-,-,-,-,-,-,-,-,-,-,-,-,-,-
"Sep 16, 2024 @ 17:27:44.530",execution,Malware Detection Alert,zAbUoM.exe,137fde2bb3da136cf0886186a666b14312ab5dfa6e3b2282cd1c2d973f34dba8.exe,C:\Users\John\AppData\Local\Temp\zAbUoM.exe,-,-,zAbUoM.exe,-,-,-,-,-,-,-,-,-,-,-,-,-
"Sep 16, 2024 @ 17:27:44.530",creation,Malware Detection Alert,137fde2bb3da136cf0886186a666b14312ab5dfa6e3b2282cd1c2d973f34dba8.exe,explorer.exe,C:\Users\John\137fde2bb3da136cf0886186a666b14312ab5dfa6e3b2282cd1c2d973f34dba8.exe,-,-,zAbUoM.exe,-,-,-,-,-,-,-,-,-,-,-,-,-
"Sep 16, 2024 @ 17:27:44.490",start,Endpoint process event,zAbUoM.exe,137fde2bb3da136cf0886186a666b14312ab5dfa6e3b2282cd1c2d973f34dba8.exe,C:\Users\John\AppData\Local\Temp\zAbUoM.exe,-,-,-,-,-,-,-,-,-,-,-,-,-,-,-,-
"Sep 16, 2024 @ 17:27:44.461",creation,Endpoint file event,137fde2bb3da136cf0886186a666b14312ab5dfa6e3b2282cd1c2d973f34dba8.exe,-,-,-,-,zAbUoM.exe,-,-,-,-,-,-,-,-,-,-,-,-,-
"Sep 16, 2024 @ 17:27:34.381",start,Endpoint process event,137fde2bb3da136cf0886186a666b14312ab5dfa6e3b2282cd1c2d973f34dba8.exe,explorer.exe,C:\Users\John\137fde2bb3da136cf0886186a666b14312ab5dfa6e3b2282cd1c2d973f34dba8.exe,-,-,-,-,-,-,-,-,-,-,-,-,-,-,-,-
"Aug 28, 2024 @ 22:12:00.102",start,Endpoint process event,axplong.exe,svchost.exe,C:\Users\John\AppData\Local\Temp\44111dbc49\axplong.exe,-,-,-,-,-,-,-,-,-,-,-,-,-,-,-,-
"Aug 28, 2024 @ 22:12:00.099",execution,Malware Detection Alert,axplong.exe,svchost.exe,C:\Users\John\AppData\Local\Temp\44111dbc49\axplong.exe,-,-,axplong.exe,-,-,-,-,-,-,-,-,-,-,-,-,-
"Aug 28, 2024 @ 22:11:19.138",end,Endpoint process event,powershell.exe,CompatTelRunner.exe,"powershell.exe, -ExecutionPolicy, Restricted, -Command, $Res, =, 0;, $Infs, =, Get-Item, -Path, ($env:WinDir, +, '\inf\*.inf');, foreach, ($Inf, in, $Infs), {, $Data, =, Get-Content, $Inf.FullName;, if, ($Data, -match, '\[defaultinstall.nt(amd64|arm|arm64|x86)\]'), {, $Res, =, 1;, break;, }, }, Write-Host, 'Final, result:',, $Res;",-,-,-,-,-,-,-,-,-,-,-,-,-,-,-,-
"Aug 28, 2024 @ 22:11:19.115",overwrite,Endpoint file event,powershell.exe,-,-,-,-,StartupProfileData-NonInteractive,-,-,-,-,-,-,-,-,-,-,-,-,-
"Aug 28, 2024 @ 22:11:18.950",load,Endpoint DLL load event,powershell.exe,-,-,Microsoft.PowerShell.Commands.Utility.dll,Microsoft.PowerShell.Commands.Utility.ni.dll,-,-,-,-,-,-,-,-,-,-,-,-,-,-
"Aug 28, 2024 @ 22:11:12.755",end,Endpoint process event,powershell.exe,CompatTelRunner.exe,"powershell.exe, -ExecutionPolicy, Restricted, -Command, Write-Host, 'Final, result:, 1';",-,-,-,-,-,-,-,-,-,-,-,-,-,-,-,-
"Aug 28, 2024 @ 22:11:12.385",load,Endpoint DLL load event,powershell.exe,-,-,System.Configuration.Install.dll,System.Configuration.Install.ni.dll,-,-,-,-,-,-,-,-,-,-,-,-,-,-
"Aug 28, 2024 @ 22:11:12.215",load,Endpoint DLL load event,powershell.exe,-,-,Microsoft.PowerShell.Commands.Management.dll,Microsoft.PowerShell.Commands.Management.ni.dll,-,-,-,-,-,-,-,-,-,-,-,-,-,-
"Aug 28, 2024 @ 22:11:08.735",load,Endpoint DLL load event,powershell.exe,-,-,system.transactions.dll,System.Transactions.ni.dll,-,-,-,-,-,-,-,-,-,-,-,-,-,-
"Aug 28, 2024 @ 22:11:08.273",load,Endpoint DLL load event,powershell.exe,-,-,Microsoft.PowerShell.Security.dll,Microsoft.PowerShell.Security.ni.dll,-,-,-,-,-,-,-,-,-,-,-,-,-,-
"Aug 28, 2024 @ 22:11:03.488",load,Endpoint DLL load event,powershell.exe,-,-,-,System.Configuration.ni.dll,-,-,-,-,-,-,-,-,-,-,-,-,-,-
"Aug 28, 2024 @ 22:11:02.508",deletion,Endpoint file event,powershell.exe,-,-,-,-,__PSScriptPolicyTest_hxdbkzyh.laz.psm1,-,-,-,-,-,-,-,-,-,-,-,-,-
"Aug 28, 2024 @ 22:11:02.506",deletion,Endpoint file event,powershell.exe,-,-,-,-,__PSScriptPolicyTest_qzgnv3wq.5to.ps1,-,-,-,-,-,-,-,-,-,-,-,-,-
"Aug 28, 2024 @ 22:11:02.502",load,Endpoint DLL load event,powershell.exe,-,-,system.data.dll,System.Data.ni.dll,-,-,-,-,-,-,-,-,-,-,-,-,-,-
"Aug 28, 2024 @ 22:11:02.493",creation,Endpoint file event,powershell.exe,-,-,-,-,__PSScriptPolicyTest_hxdbkzyh.laz.psm1,-,-,-,-,-,-,-,-,-,-,-,-,-
"Aug 28, 2024 @ 22:11:02.487",creation,Endpoint file event,powershell.exe,-,-,-,-,__PSScriptPolicyTest_qzgnv3wq.5to.ps1,-,-,-,-,-,-,-,-,-,-,-,-,-
"Aug 28, 2024 @ 22:11:02.477",load,Endpoint DLL load event,powershell.exe,-,-,-,System.Xml.ni.dll,-,-,-,-,-,-,-,-,-,-,-,-,-,-
"Aug 28, 2024 @ 22:11:02.475",load,Endpoint DLL load event,powershell.exe,-,-,System.DirectoryServices.dll,System.DirectoryServices.ni.dll,-,-,-,-,-,-,-,-,-,-,-,-,-,-
"Aug 28, 2024 @ 22:11:02.474",load,Endpoint DLL load event,powershell.exe,-,-,-,System.Management.ni.dll,-,-,-,-,-,-,-,-,-,-,-,-,-,-
"Aug 28, 2024 @ 22:11:02.472",load,Endpoint DLL load event,powershell.exe,-,-,Microsoft.Management.Infrastructure.dll,Microsoft.Management.Infrastructure.ni.dll,-,-,-,-,-,-,-,-,-,-,-,-,-,-
"Aug 28, 2024 @ 22:11:02.414",load,Endpoint DLL load event,powershell.exe,-,-,System.Management.Automation.dll,System.Management.Automation.ni.dll,-,-,-,-,-,-,-,-,-,-,-,-,-,-
"Aug 28, 2024 @ 22:11:02.390",load,Endpoint DLL load event,powershell.exe,-,-,Microsoft.PowerShell.ConsoleHost.dll,Microsoft.PowerShell.ConsoleHost.ni.dll,-,-,-,-,-,-,-,-,-,-,-,-,-,-
"Aug 28, 2024 @ 22:11:02.389",load,Endpoint DLL load event,powershell.exe,-,-,-,System.Core.ni.dll,-,-,-,-,-,-,-,-,-,-,-,-,-,-
"Aug 28, 2024 @ 22:11:02.387",load,Endpoint DLL load event,powershell.exe,-,-,System.dll,System.ni.dll,-,-,-,-,-,-,-,-,-,-,-,-,-,-
"Aug 28, 2024 @ 22:11:02.374",load,Endpoint DLL load event,powershell.exe,-,-,clr.dll,clr.dll,-,-,-,-,-,-,-,-,-,-,-,-,-,-
"Aug 28, 2024 @ 22:11:02.336",start,Endpoint process event,powershell.exe,CompatTelRunner.exe,"powershell.exe, -ExecutionPolicy, Restricted, -Command, $Res, =, 0;, $Infs, =, Get-Item, -Path, ($env:WinDir, +, '\inf\*.inf');, foreach, ($Inf, in, $Infs), {, $Data, =, Get-Content, $Inf.FullName;, if, ($Data, -match, '\[defaultinstall.nt(amd64|arm|arm64|x86)\]'), {, $Res, =, 1;, break;, }, }, Write-Host, 'Final, result:',, $Res;",-,-,-,-,-,-,-,-,-,-,-,-,-,-,-,-
"Aug 28, 2024 @ 22:11:02.261",deletion,Endpoint file event,powershell.exe,-,-,-,-,__PSScriptPolicyTest_ucicxyqw.wd2.psm1,-,-,-,-,-,-,-,-,-,-,-,-,-
"Aug 28, 2024 @ 22:11:02.259",deletion,Endpoint file event,powershell.exe,-,-,-,-,__PSScriptPolicyTest_a3a3ywcb.a2p.ps1,-,-,-,-,-,-,-,-,-,-,-,-,-
"Aug 28, 2024 @ 22:11:02.195",creation,Endpoint file event,powershell.exe,-,-,-,-,__PSScriptPolicyTest_ucicxyqw.wd2.psm1,-,-,-,-,-,-,-,-,-,-,-,-,-
"Aug 28, 2024 @ 22:11:02.190",creation,Endpoint file event,powershell.exe,-,-,-,-,__PSScriptPolicyTest_a3a3ywcb.a2p.ps1,-,-,-,-,-,-,-,-,-,-,-,-,-
"Aug 28, 2024 @ 22:11:00.749",end,Endpoint process event,axplong.exe,svchost.exe,C:\Users\John\AppData\Local\Temp\44111dbc49\axplong.exe,-,-,-,-,-,-,-,-,-,-,-,-,-,-,-,-
"Aug 28, 2024 @ 22:11:00.240",load,Endpoint DLL load event,axplong.exe,-,-,-,axplong.exe,-,-,-,-,-,-,-,-,-,-,-,-,-,-
"Aug 28, 2024 @ 22:10:56.314",start,Endpoint process event,powershell.exe,CompatTelRunner.exe,"powershell.exe, -ExecutionPolicy, Restricted, -Command, Write-Host, 'Final, result:, 1';",-,-,-,-,-,-,-,-,-,-,-,-,-,-,-,-
"Aug 28, 2024 @ 22:01:01.412",creation,Endpoint file event,29db4d6bce2297d878cfef9b5ffc452dc7299a25b53219fa215cce7f7bdd3910.exe,-,-,-,-,axplong.job,-,-,-,-,-,-,-,-,-,-,-,Persistence,Scheduled Task
"Aug 28, 2024 @ 21:58:07.422",modification,Endpoint registry event,axplong.exe,-,-,-,-,-,HKEY_USERS\S-1-5-21-2438712759-301890551-4283054500-1001\SOFTWARE\Microsoft\Windows\CurrentVersion\Internet Settings\ZoneMap\AutoDetect,AutoDetect,-,-,-,-,-,-,-,-,-,-,-
"Aug 28, 2024 @ 21:58:07.421",modification,Endpoint registry event,axplong.exe,-,-,-,-,-,HKEY_USERS\S-1-5-21-2438712759-301890551-4283054500-1001\SOFTWARE\Microsoft\Windows\CurrentVersion\Internet Settings\ZoneMap\ProxyBypass,ProxyBypass,-,-,-,-,-,-,-,-,-,-,-
"Aug 28, 2024 @ 21:58:07.421",modification,Endpoint registry event,axplong.exe,-,-,-,-,-,HKEY_USERS\S-1-5-21-2438712759-301890551-4283054500-1001\SOFTWARE\Microsoft\Windows\CurrentVersion\Internet Settings\ZoneMap\IntranetName,IntranetName,-,-,-,-,-,-,-,-,-,-,-
"Aug 28, 2024 @ 21:58:07.421",modification,Endpoint registry event,axplong.exe,-,-,-,-,-,HKEY_USERS\S-1-5-21-2438712759-301890551-4283054500-1001\SOFTWARE\Microsoft\Windows\CurrentVersion\Internet Settings\ZoneMap\UNCAsIntranet,UNCAsIntranet,-,-,-,-,-,-,-,-,-,-,-
"Aug 28, 2024 @ 21:58:07.396",modification,Endpoint registry event,axplong.exe,-,-,-,-,-,HKEY_USERS\S-1-5-21-2438712759-301890551-4283054500-1001\SOFTWARE\Microsoft\Windows\CurrentVersion\Internet Settings\5.0\Cache\History\CachePrefix,CachePrefix,-,-,-,-,-,-,-,-,-,-,-
"Aug 28, 2024 @ 21:58:07.395",modification,Endpoint registry event,axplong.exe,-,-,-,-,-,HKEY_USERS\S-1-5-21-2438712759-301890551-4283054500-1001\SOFTWARE\Microsoft\Windows\CurrentVersion\Internet Settings\5.0\Cache\Cookies\CachePrefix,CachePrefix,-,-,-,-,-,-,-,-,-,-,-
"Aug 28, 2024 @ 21:58:07.394",modification,Endpoint registry event,axplong.exe,-,-,-,-,-,HKEY_USERS\S-1-5-21-2438712759-301890551-4283054500-1001\SOFTWARE\Microsoft\Windows\CurrentVersion\Internet Settings\5.0\Cache\Content\CachePrefix,CachePrefix,-,-,-,-,-,-,-,-,-,-,-
"Aug 28, 2024 @ 21:58:06.860",end,Endpoint process event,29db4d6bce2297d878cfef9b5ffc452dc7299a25b53219fa215cce7f7bdd3910.exe,explorer.exe,C:\Users\John\29db4d6bce2297d878cfef9b5ffc452dc7299a25b53219fa215cce7f7bdd3910.exe,-,-,-,-,-,-,-,-,-,-,-,-,-,-,-,-
"Aug 28, 2024 @ 21:57:56.795",start,Endpoint process event,axplong.exe,29db4d6bce2297d878cfef9b5ffc452dc7299a25b53219fa215cce7f7bdd3910.exe,C:\Users\John\AppData\Local\Temp\44111dbc49\axplong.exe,-,-,-,-,-,-,-,-,-,-,-,-,-,-,-,-
"Aug 28, 2024 @ 21:57:56.791",execution,Malware Detection Alert,axplong.exe,29db4d6bce2297d878cfef9b5ffc452dc7299a25b53219fa215cce7f7bdd3910.exe,C:\Users\John\AppData\Local\Temp\44111dbc49\axplong.exe,-,-,axplong.exe,-,-,-,-,-,-,-,-,-,-,-,-,-
"Aug 28, 2024 @ 21:57:56.339",modification,Endpoint registry event,29db4d6bce2297d878cfef9b5ffc452dc7299a25b53219fa215cce7f7bdd3910.exe,-,-,-,-,-,HKEY_USERS\S-1-5-21-2438712759-301890551-4283054500-1001\SOFTWARE\Microsoft\Windows\CurrentVersion\Internet Settings\ZoneMap\IntranetName,IntranetName,-,-,-,-,-,-,-,-,-,-,-
"Aug 28, 2024 @ 21:57:56.339",modification,Endpoint registry event,29db4d6bce2297d878cfef9b5ffc452dc7299a25b53219fa215cce7f7bdd3910.exe,-,-,-,-,-,HKEY_USERS\S-1-5-21-2438712759-301890551-4283054500-1001\SOFTWARE\Microsoft\Windows\CurrentVersion\Internet Settings\ZoneMap\UNCAsIntranet,UNCAsIntranet,-,-,-,-,-,-,-,-,-,-,-
"Aug 28, 2024 @ 21:57:56.339",modification,Endpoint registry event,29db4d6bce2297d878cfef9b5ffc452dc7299a25b53219fa215cce7f7bdd3910.exe,-,-,-,-,-,HKEY_USERS\S-1-5-21-2438712759-301890551-4283054500-1001\SOFTWARE\Microsoft\Windows\CurrentVersion\Internet Settings\ZoneMap\AutoDetect,AutoDetect,-,-,-,-,-,-,-,-,-,-,-
"Aug 28, 2024 @ 21:57:56.338",modification,Endpoint registry event,29db4d6bce2297d878cfef9b5ffc452dc7299a25b53219fa215cce7f7bdd3910.exe,-,-,-,-,-,HKEY_USERS\S-1-5-21-2438712759-301890551-4283054500-1001\SOFTWARE\Microsoft\Windows\CurrentVersion\Internet Settings\ZoneMap\ProxyBypass,ProxyBypass,-,-,-,-,-,-,-,-,-,-,-
"Aug 28, 2024 @ 21:57:56.212",creation,Malware Detection Alert,29db4d6bce2297d878cfef9b5ffc452dc7299a25b53219fa215cce7f7bdd3910.exe,explorer.exe,C:\Users\John\29db4d6bce2297d878cfef9b5ffc452dc7299a25b53219fa215cce7f7bdd3910.exe,-,-,axplong.exe,-,-,-,-,-,-,-,-,-,-,-,-,-
"Aug 28, 2024 @ 21:57:56.196",creation,Endpoint file event,29db4d6bce2297d878cfef9b5ffc452dc7299a25b53219fa215cce7f7bdd3910.exe,-,-,-,-,axplong.exe,-,-,-,-,-,-,-,-,-,-,-,-,-
"Aug 28, 2024 @ 21:57:55.488",load,Endpoint DLL load event,29db4d6bce2297d878cfef9b5ffc452dc7299a25b53219fa215cce7f7bdd3910.exe,-,-,-,wtsapi32.dll,-,-,-,-,-,-,-,-,-,-,-,-,-,-
"Aug 28, 2024 @ 21:57:51.015",creation,Endpoint file event,29db4d6bce2297d878cfef9b5ffc452dc7299a25b53219fa215cce7f7bdd3910.exe,-,-,-,-,axplong.job,-,-,-,-,-,-,-,-,-,-,-,-,-
"Aug 28, 2024 @ 21:57:50.984",load,Endpoint DLL load event,29db4d6bce2297d878cfef9b5ffc452dc7299a25b53219fa215cce7f7bdd3910.exe,-,-,mstask.dll,mstask.dll,-,-,-,-,-,-,-,-,-,-,-,-,-,-
"Aug 28, 2024 @ 21:57:50.149",load,Endpoint DLL load event,29db4d6bce2297d878cfef9b5ffc452dc7299a25b53219fa215cce7f7bdd3910.exe,-,-,-,29db4d6bce2297d878cfef9b5ffc452dc7299a25b53219fa215cce7f7bdd3910.exe,-,-,-,-,-,-,-,-,-,-,-,-,-,-
"Aug 28, 2024 @ 21:57:40.098",start,Endpoint process event,29db4d6bce2297d878cfef9b5ffc452dc7299a25b53219fa215cce7f7bdd3910.exe,explorer.exe,C:\Users\John\29db4d6bce2297d878cfef9b5ffc452dc7299a25b53219fa215cce7f7bdd3910.exe,-,-,-,-,-,-,-,-,-,-,-,-,-,-,-,-
"Sep 23, 2024 @ 15:22:49.844",end,Endpoint process event,Fondue.exe,c1c2dca754085aff5214da6e196b7973da114eabc1632d077a505504d950acaf.exe,"C:\Windows\system32\fondue.exe, /enable-feature:NetFx3, /caller-name:mscoreei.dll",-,-,-,-,-,-,-,-,-,-,-,-,-,-,-,-
"Sep 23, 2024 @ 15:22:49.835",end,Endpoint process event,Fondue.exe,Fondue.exe,"C:\Windows\sysnative\FonDUE.EXE, /enable-feature:NetFx3, /caller-name:mscoreei.dll",-,-,-,-,-,-,-,-,-,-,-,-,-,-,-,-
"Sep 23, 2024 @ 15:22:49.828",end,Endpoint process event,OptionalFeatures.exe,Fondue.exe,"C:\Windows\system32\OptionalFeatures.EXE, /enable-feature:NetFx3, /caller-name:mscoreei.dll",-,-,-,-,-,-,-,-,-,-,-,-,-,-,-,-
"Sep 23, 2024 @ 15:22:00.759",end,Endpoint process event,wsqmcons.exe,svchost.exe,C:\Windows\System32\wsqmcons.exe,-,-,-,-,-,-,-,-,-,-,-,-,-,-,-,-
"Sep 23, 2024 @ 15:21:58.502",start,Endpoint process event,wsqmcons.exe,svchost.exe,C:\Windows\System32\wsqmcons.exe,-,-,-,-,-,-,-,-,-,-,-,-,-,-,-,-
"Sep 23, 2024 @ 15:19:34.197",start,Endpoint process event,OptionalFeatures.exe,Fondue.exe,"C:\Windows\system32\OptionalFeatures.EXE, /enable-feature:NetFx3, /caller-name:mscoreei.dll",-,-,-,-,-,-,-,-,-,-,-,-,-,-,-,-
"Sep 23, 2024 @ 15:19:34.139",modification,Endpoint registry event,Fondue.exe,-,-,-,-,-,HKEY_USERS\S-1-5-21-2438712759-301890551-4283054500-1001\SOFTWARE\Microsoft\Windows\CurrentVersion\Internet Settings\ZoneMap\IntranetName,IntranetName,-,-,-,-,-,-,-,-,-,-,-
"Sep 23, 2024 @ 15:19:34.139",modification,Endpoint registry event,Fondue.exe,-,-,-,-,-,HKEY_USERS\S-1-5-21-2438712759-301890551-4283054500-1001\SOFTWARE\Microsoft\Windows\CurrentVersion\Internet Settings\ZoneMap\UNCAsIntranet,UNCAsIntranet,-,-,-,-,-,-,-,-,-,-,-
"Sep 23, 2024 @ 15:19:34.139",modification,Endpoint registry event,Fondue.exe,-,-,-,-,-,HKEY_USERS\S-1-5-21-2438712759-301890551-4283054500-1001\SOFTWARE\Microsoft\Windows\CurrentVersion\Internet Settings\ZoneMap\AutoDetect,AutoDetect,-,-,-,-,-,-,-,-,-,-,-
"Sep 23, 2024 @ 15:19:34.138",modification,Endpoint registry event,Fondue.exe,-,-,-,-,-,HKEY_USERS\S-1-5-21-2438712759-301890551-4283054500-1001\SOFTWARE\Microsoft\Windows\CurrentVersion\Internet Settings\ZoneMap\ProxyBypass,ProxyBypass,-,-,-,-,-,-,-,-,-,-,-
"Sep 23, 2024 @ 15:18:08.363",start,Endpoint process event,Fondue.exe,Fondue.exe,"C:\Windows\sysnative\FonDUE.EXE, /enable-feature:NetFx3, /caller-name:mscoreei.dll",-,-,-,-,-,-,-,-,-,-,-,-,-,-,-,-
"Sep 23, 2024 @ 15:18:07.332",end,Endpoint process event,c1c2dca754085aff5214da6e196b7973da114eabc1632d077a505504d950acaf.exe,explorer.exe,C:\Users\John\c1c2dca754085aff5214da6e196b7973da114eabc1632d077a505504d950acaf.exe,-,-,-,-,-,-,-,-,-,-,-,-,-,-,-,-
"Sep 23, 2024 @ 15:18:07.129",start,Endpoint process event,Fondue.exe,c1c2dca754085aff5214da6e196b7973da114eabc1632d077a505504d950acaf.exe,"C:\Windows\system32\fondue.exe, /enable-feature:NetFx3, /caller-name:mscoreei.dll",-,-,-,-,-,-,-,-,-,-,-,-,-,-,-,-
"Sep 23, 2024 @ 15:18:06.983",load,Endpoint DLL load event,c1c2dca754085aff5214da6e196b7973da114eabc1632d077a505504d950acaf.exe,-,-,-,c1c2dca754085aff5214da6e196b7973da114eabc1632d077a505504d950acaf.exe,-,-,-,-,-,-,-,-,-,-,-,-,-,-
"Sep 23, 2024 @ 15:17:56.941",execution,Malware Detection Alert,c1c2dca754085aff5214da6e196b7973da114eabc1632d077a505504d950acaf.exe,explorer.exe,C:\Users\John\c1c2dca754085aff5214da6e196b7973da114eabc1632d077a505504d950acaf.exe,-,-,c1c2dca754085aff5214da6e196b7973da114eabc1632d077a505504d950acaf.exe,-,-,-,-,-,-,-,-,-,-,-,-,-
"Sep 23, 2024 @ 15:17:56.937",start,Endpoint process event,c1c2dca754085aff5214da6e196b7973da114eabc1632d077a505504d950acaf.exe,explorer.exe,C:\Users\John\c1c2dca754085aff5214da6e196b7973da114eabc1632d077a505504d950acaf.exe,-,-,-,-,-,-,-,-,-,-,-,-,-,-,-,-
"Sep 15, 2024 @ 19:31:55.580",deletion,Endpoint file event,cmd.exe,-,-,-,-,jHYZko.exe,-,-,-,-,-,-,-,-,-,-,-,Defense Evasion,"Invalid Code Signature, File Deletion"
"Sep 15, 2024 @ 19:31:55.576",end,Endpoint process event,jHYZko.exe,60285015f8b5e32f20411d30b7c64d8748827409275f5a42053b307bc2ff17de.exe,C:\Users\John\AppData\Local\Temp\jHYZko.exe,-,-,-,-,-,-,-,-,-,-,-,-,-,-,Defense Evasion,"Invalid Code Signature, File Deletion"
"Sep 15, 2024 @ 19:27:30.586",end,Endpoint process event,cmd.exe,jHYZko.exe,"C:\Windows\system32\cmd.exe, /c, C:\Users\John\AppData\Local\Temp\5c5447f6.bat ",-,-,-,-,-,-,-,-,-,-,-,-,-,-,-,-
"Sep 15, 2024 @ 19:27:30.571",deletion,Endpoint file event,cmd.exe,-,-,-,-,5c5447f6.bat,-,-,-,-,-,-,-,-,-,-,-,-,-
"Sep 15, 2024 @ 19:27:30.569",deletion,Endpoint file event,cmd.exe,-,-,-,-,jHYZko.exe,-,-,-,-,-,-,-,-,-,-,-,-,-
"Sep 15, 2024 @ 19:27:30.187",end,Endpoint process event,jHYZko.exe,60285015f8b5e32f20411d30b7c64d8748827409275f5a42053b307bc2ff17de.exe,C:\Users\John\AppData\Local\Temp\jHYZko.exe,-,-,-,-,-,-,-,-,-,-,-,-,-,-,-,-
"Sep 15, 2024 @ 19:27:30.129",start,Endpoint process event,cmd.exe,jHYZko.exe,"C:\Windows\system32\cmd.exe, /c, C:\Users\John\AppData\Local\Temp\5c5447f6.bat ",-,-,-,-,-,-,-,-,-,-,-,-,-,-,-,-
"Sep 15, 2024 @ 19:27:29.213",modification,Malware Detection Alert,jHYZko.exe,60285015f8b5e32f20411d30b7c64d8748827409275f5a42053b307bc2ff17de.exe,C:\Users\John\AppData\Local\Temp\jHYZko.exe,-,-,w32.exe,-,-,-,-,-,-,-,-,-,-,-,-,-
"Sep 15, 2024 @ 19:27:28.666",creation,Endpoint file event,jHYZko.exe,-,-,-,-,5c5447f6.bat,-,-,-,-,-,-,-,-,-,-,-,-,-
"Sep 15, 2024 @ 19:27:28.665",modification,Endpoint registry event,jHYZko.exe,-,-,-,-,-,HKLM\SOFTWARE\WOW6432Node\GTplus\Time,Time,-,-,-,-,-,-,-,-,-,-,-
"Sep 15, 2024 @ 19:27:25.765",modification,Malware Detection Alert,jHYZko.exe,60285015f8b5e32f20411d30b7c64d8748827409275f5a42053b307bc2ff17de.exe,C:\Users\John\AppData\Local\Temp\jHYZko.exe,-,-,t32.exe,-,-,-,-,-,-,-,-,-,-,-,-,-
"Sep 15, 2024 @ 19:27:16.276",modification,Malware Detection Alert,jHYZko.exe,60285015f8b5e32f20411d30b7c64d8748827409275f5a42053b307bc2ff17de.exe,C:\Users\John\AppData\Local\Temp\jHYZko.exe,-,-,notification_helper.exe,-,-,-,-,-,-,-,-,-,-,-,-,-
"Sep 15, 2024 @ 19:27:14.219",modification,Endpoint file event,jHYZko.exe,-,-,-,-,w32.exe,-,-,-,-,-,-,-,-,-,-,-,-,-
"Sep 15, 2024 @ 19:27:14.167",modification,Endpoint file event,jHYZko.exe,-,-,-,-,t32.exe,-,-,-,-,-,-,-,-,-,-,-,-,-
"Sep 15, 2024 @ 19:27:09.204",modification,Malware Detection Alert,jHYZko.exe,60285015f8b5e32f20411d30b7c64d8748827409275f5a42053b307bc2ff17de.exe,C:\Users\John\AppData\Local\Temp\jHYZko.exe,-,-,elevation_service.exe,-,-,-,-,-,-,-,-,-,-,-,-,-
"Sep 15, 2024 @ 19:26:59.460",modification,Malware Detection Alert,jHYZko.exe,60285015f8b5e32f20411d30b7c64d8748827409275f5a42053b307bc2ff17de.exe,C:\Users\John\AppData\Local\Temp\jHYZko.exe,-,-,chrome_pwa_launcher.exe,-,-,-,-,-,-,-,-,-,-,-,-,-
"Sep 15, 2024 @ 19:26:56.959",lookup_requested,"DNS query is completed for the name ddos.dnsnb8.net, type 28, query options 2251800887582720 with status 10054 Results  ",jHYZko.exe,-,-,-,-,-,-,-,ddos.dnsnb8.net,44.221.84.105,-,-,United States,North,37.45243,-76.41686,Amazon Data Services NoVa,-,-
"Sep 15, 2024 @ 19:26:53.740",modification,Malware Detection Alert,jHYZko.exe,60285015f8b5e32f20411d30b7c64d8748827409275f5a42053b307bc2ff17de.exe,C:\Users\John\AppData\Local\Temp\jHYZko.exe,-,-,chrome_proxy.exe,-,-,-,-,-,-,-,-,-,-,-,-,-
"Sep 15, 2024 @ 19:26:42.224",modification,Endpoint file event,jHYZko.exe,-,-,-,-,notification_helper.exe,-,-,-,-,-,-,-,-,-,-,-,-,-
"Sep 15, 2024 @ 19:26:42.167",modification,Endpoint file event,jHYZko.exe,-,-,-,-,interactive_ui_tests.exe,-,-,-,-,-,-,-,-,-,-,-,-,-
"Sep 15, 2024 @ 19:26:42.136",modification,Endpoint file event,jHYZko.exe,-,-,-,-,elevation_service.exe,-,-,-,-,-,-,-,-,-,-,-,-,-
"Sep 15, 2024 @ 19:26:42.126",modification,Malware Detection Alert,jHYZko.exe,60285015f8b5e32f20411d30b7c64d8748827409275f5a42053b307bc2ff17de.exe,C:\Users\John\AppData\Local\Temp\jHYZko.exe,-,-,chrome.exe,-,-,-,-,-,-,-,-,-,-,-,-,-
"Sep 15, 2024 @ 19:26:42.074",modification,Endpoint file event,jHYZko.exe,-,-,-,-,chrome_pwa_launcher.exe,-,-,-,-,-,-,-,-,-,-,-,-,-
"Sep 15, 2024 @ 19:26:42.011",modification,Endpoint file event,jHYZko.exe,-,-,-,-,chrome_proxy.exe,-,-,-,-,-,-,-,-,-,-,-,-,-
"Sep 15, 2024 @ 19:26:42.003",modification,Endpoint file event,jHYZko.exe,-,-,-,-,chrome.exe,-,-,-,-,-,-,-,-,-,-,-,-,-
"Sep 15, 2024 @ 19:26:11.505",modification,Endpoint registry event,jHYZko.exe,-,-,-,-,-,HKEY_USERS\S-1-5-21-2438712759-301890551-4283054500-1001\SOFTWARE\Microsoft\Windows\CurrentVersion\Internet Settings\5.0\Cache\History\CachePrefix,CachePrefix,-,-,-,-,-,-,-,-,-,-,-
"Sep 15, 2024 @ 19:26:11.503",modification,Endpoint registry event,jHYZko.exe,-,-,-,-,-,HKEY_USERS\S-1-5-21-2438712759-301890551-4283054500-1001\SOFTWARE\Microsoft\Windows\CurrentVersion\Internet Settings\5.0\Cache\Content\CachePrefix,CachePrefix,-,-,-,-,-,-,-,-,-,-,-
"Sep 15, 2024 @ 19:26:11.503",modification,Endpoint registry event,jHYZko.exe,-,-,-,-,-,HKEY_USERS\S-1-5-21-2438712759-301890551-4283054500-1001\SOFTWARE\Microsoft\Windows\CurrentVersion\Internet Settings\5.0\Cache\Cookies\CachePrefix,CachePrefix,-,-,-,-,-,-,-,-,-,-,-
"Sep 15, 2024 @ 19:26:11.493",modification,Endpoint registry event,jHYZko.exe,-,-,-,-,-,HKEY_USERS\S-1-5-21-2438712759-301890551-4283054500-1001\SOFTWARE\Microsoft\Windows\CurrentVersion\Internet Settings\ZoneMap\AutoDetect,AutoDetect,-,-,-,-,-,-,-,-,-,-,-
"Sep 15, 2024 @ 19:26:11.492",modification,Endpoint registry event,jHYZko.exe,-,-,-,-,-,HKEY_USERS\S-1-5-21-2438712759-301890551-4283054500-1001\SOFTWARE\Microsoft\Windows\CurrentVersion\Internet Settings\ZoneMap\UNCAsIntranet,UNCAsIntranet,-,-,-,-,-,-,-,-,-,-,-
"Sep 15, 2024 @ 19:26:11.492",modification,Endpoint registry event,jHYZko.exe,-,-,-,-,-,HKEY_USERS\S-1-5-21-2438712759-301890551-4283054500-1001\SOFTWARE\Microsoft\Windows\CurrentVersion\Internet Settings\ZoneMap\ProxyBypass,ProxyBypass,-,-,-,-,-,-,-,-,-,-,-
"Sep 15, 2024 @ 19:26:11.492",modification,Endpoint registry event,jHYZko.exe,-,-,-,-,-,HKEY_USERS\S-1-5-21-2438712759-301890551-4283054500-1001\SOFTWARE\Microsoft\Windows\CurrentVersion\Internet Settings\ZoneMap\IntranetName,IntranetName,-,-,-,-,-,-,-,-,-,-,-
"Sep 15, 2024 @ 19:26:11.436",load,Endpoint DLL load event,jHYZko.exe,-,-,-,jHYZko.exe,-,-,-,-,-,-,-,-,-,-,-,-,-,-
"Sep 15, 2024 @ 19:26:03.185",execution,Malware Detection Alert,jHYZko.exe,60285015f8b5e32f20411d30b7c64d8748827409275f5a42053b307bc2ff17de.exe,C:\Users\John\AppData\Local\Temp\jHYZko.exe,-,-,jHYZko.exe,-,-,-,-,-,-,-,-,-,-,-,-,-
"Sep 15, 2024 @ 19:26:03.170",creation,Malware Detection Alert,60285015f8b5e32f20411d30b7c64d8748827409275f5a42053b307bc2ff17de.exe,explorer.exe,C:\Users\John\60285015f8b5e32f20411d30b7c64d8748827409275f5a42053b307bc2ff17de.exe,-,-,jHYZko.exe,-,-,-,-,-,-,-,-,-,-,-,-,-
"Sep 15, 2024 @ 19:26:03.167",start,Endpoint process event,jHYZko.exe,60285015f8b5e32f20411d30b7c64d8748827409275f5a42053b307bc2ff17de.exe,C:\Users\John\AppData\Local\Temp\jHYZko.exe,-,-,-,-,-,-,-,-,-,-,-,-,-,-,-,-
"Sep 15, 2024 @ 19:26:03.096",creation,Endpoint file event,60285015f8b5e32f20411d30b7c64d8748827409275f5a42053b307bc2ff17de.exe,-,-,-,-,jHYZko.exe,-,-,-,-,-,-,-,-,-,-,-,-,-
"Sep 15, 2024 @ 19:26:03.064",load,Endpoint DLL load event,60285015f8b5e32f20411d30b7c64d8748827409275f5a42053b307bc2ff17de.exe,-,-,Ay3Info.exe,60285015f8b5e32f20411d30b7c64d8748827409275f5a42053b307bc2ff17de.exe,-,-,-,-,-,-,-,-,-,-,-,-,-,-
"Sep 15, 2024 @ 19:25:57.788",execution,Malware Detection Alert,60285015f8b5e32f20411d30b7c64d8748827409275f5a42053b307bc2ff17de.exe,explorer.exe,C:\Users\John\60285015f8b5e32f20411d30b7c64d8748827409275f5a42053b307bc2ff17de.exe,-,-,60285015f8b5e32f20411d30b7c64d8748827409275f5a42053b307bc2ff17de.exe,-,-,-,-,-,-,-,-,-,-,-,-,-
"Sep 16, 2024 @ 19:05:05.128",open,Endpoint file event,589b3c67f1f81cadbedca487bfd81e6cc604bf6df1354a4d1fd66fd652276d8a.exe,-,-,-,-,key4.db,-,-,-,-,-,-,-,-,-,-,-,-,-
"Sep 16, 2024 @ 19:05:04.632",modification,Endpoint registry event,589b3c67f1f81cadbedca487bfd81e6cc604bf6df1354a4d1fd66fd652276d8a.exe,-,-,-,-,-,HKEY_USERS\S-1-5-21-2438712759-301890551-4283054500-1001\SOFTWARE\Microsoft\RestartManager\Session0000\RegFilesHash,RegFilesHash,-,-,-,-,-,-,-,-,-,-,-
"Sep 16, 2024 @ 19:05:04.631",modification,Endpoint registry event,589b3c67f1f81cadbedca487bfd81e6cc604bf6df1354a4d1fd66fd652276d8a.exe,-,-,-,-,-,HKEY_USERS\S-1-5-21-2438712759-301890551-4283054500-1001\SOFTWARE\Microsoft\RestartManager\Session0000\Sequence,Sequence,-,-,-,-,-,-,-,-,-,-,-
"Sep 16, 2024 @ 19:05:04.631",modification,Endpoint registry event,589b3c67f1f81cadbedca487bfd81e6cc604bf6df1354a4d1fd66fd652276d8a.exe,-,-,-,-,-,HKEY_USERS\S-1-5-21-2438712759-301890551-4283054500-1001\SOFTWARE\Microsoft\RestartManager\Session0000\RegFiles0000,RegFiles0000,-,-,-,-,-,-,-,-,-,-,-
"Sep 16, 2024 @ 19:05:04.630",modification,Endpoint registry event,589b3c67f1f81cadbedca487bfd81e6cc604bf6df1354a4d1fd66fd652276d8a.exe,-,-,-,-,-,HKEY_USERS\S-1-5-21-2438712759-301890551-4283054500-1001\SOFTWARE\Microsoft\RestartManager\Session0000\Owner,Owner,-,-,-,-,-,-,-,-,-,-,-
"Sep 16, 2024 @ 19:05:04.630",modification,Endpoint registry event,589b3c67f1f81cadbedca487bfd81e6cc604bf6df1354a4d1fd66fd652276d8a.exe,-,-,-,-,-,HKEY_USERS\S-1-5-21-2438712759-301890551-4283054500-1001\SOFTWARE\Microsoft\RestartManager\Session0000\SessionHash,SessionHash,-,-,-,-,-,-,-,-,-,-,-
"Sep 16, 2024 @ 18:54:25.036",lookup_requested,"DNS query is completed for the name thirtvd13vs.top, type 28, query options 2251800887582720 with status 1460 Results  ",589b3c67f1f81cadbedca487bfd81e6cc604bf6df1354a4d1fd66fd652276d8a.exe,-,-,-,-,-,-,-,thirtvd13vs.top,-,False,-9,-,-,-,-,-,-,-
"Sep 16, 2024 @ 18:51:48.757",load,Endpoint DLL load event,589b3c67f1f81cadbedca487bfd81e6cc604bf6df1354a4d1fd66fd652276d8a.exe,-,-,-,589b3c67f1f81cadbedca487bfd81e6cc604bf6df1354a4d1fd66fd652276d8a.exe,-,-,-,-,-,-,-,-,-,-,-,-,-,-
"Sep 16, 2024 @ 18:51:48.644",start,Endpoint process event,589b3c67f1f81cadbedca487bfd81e6cc604bf6df1354a4d1fd66fd652276d8a.exe,explorer.exe,C:\Users\John\589b3c67f1f81cadbedca487bfd81e6cc604bf6df1354a4d1fd66fd652276d8a.exe,-,-,-,-,-,-,-,-,-,-,-,-,-,-,-,-
"Sep 14, 2024 @ 15:05:50.573",creation,Endpoint file event,cebffbdd811f604d41fcc5fd805ac4cbfb92b1e2fdf9ca644de03d39b946ac84.exe,-,-,-,-,explorgu.job,-,-,-,-,-,-,-,-,-,-,-,Persistence,Scheduled Task
"Sep 14, 2024 @ 15:04:09.622",deletion,Endpoint file event,explorgu.exe,-,-,-,-,clip64.dll,-,-,-,-,-,-,-,-,-,-,-,-,-
"Sep 14, 2024 @ 15:04:09.621",creation,Endpoint file event,explorgu.exe,-,-,-,-,clip64.dll,-,-,-,-,-,-,-,-,-,-,-,-,-
"Sep 14, 2024 @ 15:02:41.411",deletion,Endpoint file event,explorgu.exe,-,-,-,-,cred64.dll,-,-,-,-,-,-,-,-,-,-,-,-,-
"Sep 14, 2024 @ 15:02:41.409",creation,Endpoint file event,explorgu.exe,-,-,-,-,cred64.dll,-,-,-,-,-,-,-,-,-,-,-,-,-
"Sep 14, 2024 @ 15:02:10.408",modification,Endpoint registry event,explorgu.exe,-,-,-,-,-,HKEY_USERS\S-1-5-21-2438712759-301890551-4283054500-1001\SOFTWARE\Microsoft\Windows\CurrentVersion\Internet Settings\ZoneMap\AutoDetect,AutoDetect,-,-,-,-,-,-,-,-,-,-,-
"Sep 14, 2024 @ 15:02:10.407",modification,Endpoint registry event,explorgu.exe,-,-,-,-,-,HKEY_USERS\S-1-5-21-2438712759-301890551-4283054500-1001\SOFTWARE\Microsoft\Windows\CurrentVersion\Internet Settings\ZoneMap\IntranetName,IntranetName,-,-,-,-,-,-,-,-,-,-,-
"Sep 14, 2024 @ 15:02:10.407",modification,Endpoint registry event,explorgu.exe,-,-,-,-,-,HKEY_USERS\S-1-5-21-2438712759-301890551-4283054500-1001\SOFTWARE\Microsoft\Windows\CurrentVersion\Internet Settings\ZoneMap\UNCAsIntranet,UNCAsIntranet,-,-,-,-,-,-,-,-,-,-,-
"Sep 14, 2024 @ 15:02:10.406",modification,Endpoint registry event,explorgu.exe,-,-,-,-,-,HKEY_USERS\S-1-5-21-2438712759-301890551-4283054500-1001\SOFTWARE\Microsoft\Windows\CurrentVersion\Internet Settings\ZoneMap\ProxyBypass,ProxyBypass,-,-,-,-,-,-,-,-,-,-,-
"Sep 14, 2024 @ 15:02:10.379",modification,Endpoint registry event,explorgu.exe,-,-,-,-,-,HKEY_USERS\S-1-5-21-2438712759-301890551-4283054500-1001\SOFTWARE\Microsoft\Windows\CurrentVersion\Internet Settings\5.0\Cache\History\CachePrefix,CachePrefix,-,-,-,-,-,-,-,-,-,-,-
"Sep 14, 2024 @ 15:02:10.378",modification,Endpoint registry event,explorgu.exe,-,-,-,-,-,HKEY_USERS\S-1-5-21-2438712759-301890551-4283054500-1001\SOFTWARE\Microsoft\Windows\CurrentVersion\Internet Settings\5.0\Cache\Cookies\CachePrefix,CachePrefix,-,-,-,-,-,-,-,-,-,-,-
"Sep 14, 2024 @ 15:02:10.377",modification,Endpoint registry event,explorgu.exe,-,-,-,-,-,HKEY_USERS\S-1-5-21-2438712759-301890551-4283054500-1001\SOFTWARE\Microsoft\Windows\CurrentVersion\Internet Settings\5.0\Cache\Content\CachePrefix,CachePrefix,-,-,-,-,-,-,-,-,-,-,-
"Sep 14, 2024 @ 15:02:09.061",load,Endpoint DLL load event,explorgu.exe,-,-,-,explorgu.exe,-,-,-,-,-,-,-,-,-,-,-,-,-,-
"Sep 14, 2024 @ 15:02:00.013",start,Endpoint process event,explorgu.exe,svchost.exe,C:\Users\John\AppData\Local\Temp\00c07260dc\explorgu.exe,-,-,-,-,-,-,-,-,-,-,-,-,-,-,-,-
"Sep 14, 2024 @ 15:02:00.006",execution,Malware Detection Alert,explorgu.exe,svchost.exe,C:\Users\John\AppData\Local\Temp\00c07260dc\explorgu.exe,-,-,explorgu.exe,-,-,-,-,-,-,-,-,-,-,-,-,-
"Sep 14, 2024 @ 15:01:59.407",end,Endpoint process event,cebffbdd811f604d41fcc5fd805ac4cbfb92b1e2fdf9ca644de03d39b946ac84.exe,explorer.exe,C:\Users\John\cebffbdd811f604d41fcc5fd805ac4cbfb92b1e2fdf9ca644de03d39b946ac84.exe,-,-,-,-,-,-,-,-,-,-,-,-,-,-,-,-
"Sep 14, 2024 @ 15:01:59.342",creation,Malware Detection Alert,cebffbdd811f604d41fcc5fd805ac4cbfb92b1e2fdf9ca644de03d39b946ac84.exe,explorer.exe,C:\Users\John\cebffbdd811f604d41fcc5fd805ac4cbfb92b1e2fdf9ca644de03d39b946ac84.exe,-,-,explorgu.exe,-,-,-,-,-,-,-,-,-,-,-,-,-
"Sep 14, 2024 @ 15:01:59.272",creation,Endpoint file event,cebffbdd811f604d41fcc5fd805ac4cbfb92b1e2fdf9ca644de03d39b946ac84.exe,-,-,-,-,explorgu.exe,-,-,-,-,-,-,-,-,-,-,-,-,-
"Sep 14, 2024 @ 15:01:58.480",load,Endpoint DLL load event,cebffbdd811f604d41fcc5fd805ac4cbfb92b1e2fdf9ca644de03d39b946ac84.exe,-,-,-,wtsapi32.dll,-,-,-,-,-,-,-,-,-,-,-,-,-,-
"Sep 14, 2024 @ 15:01:57.533",creation,Endpoint file event,cebffbdd811f604d41fcc5fd805ac4cbfb92b1e2fdf9ca644de03d39b946ac84.exe,-,-,-,-,explorgu.job,-,-,-,-,-,-,-,-,-,-,-,-,-
"Sep 14, 2024 @ 15:01:57.505",load,Endpoint DLL load event,cebffbdd811f604d41fcc5fd805ac4cbfb92b1e2fdf9ca644de03d39b946ac84.exe,-,-,mstask.dll,mstask.dll,-,-,-,-,-,-,-,-,-,-,-,-,-,-
"Sep 14, 2024 @ 15:01:55.791",load,Endpoint DLL load event,cebffbdd811f604d41fcc5fd805ac4cbfb92b1e2fdf9ca644de03d39b946ac84.exe,-,-,-,cebffbdd811f604d41fcc5fd805ac4cbfb92b1e2fdf9ca644de03d39b946ac84.exe,-,-,-,-,-,-,-,-,-,-,-,-,-,-
"Sep 14, 2024 @ 15:01:53.297",execution,Malware Detection Alert,cebffbdd811f604d41fcc5fd805ac4cbfb92b1e2fdf9ca644de03d39b946ac84.exe,explorer.exe,C:\Users\John\cebffbdd811f604d41fcc5fd805ac4cbfb92b1e2fdf9ca644de03d39b946ac84.exe,-,-,cebffbdd811f604d41fcc5fd805ac4cbfb92b1e2fdf9ca644de03d39b946ac84.exe,-,-,-,-,-,-,-,-,-,-,-,-,-
"Sep 14, 2024 @ 15:01:53.296",start,Endpoint process event,cebffbdd811f604d41fcc5fd805ac4cbfb92b1e2fdf9ca644de03d39b946ac84.exe,explorer.exe,C:\Users\John\cebffbdd811f604d41fcc5fd805ac4cbfb92b1e2fdf9ca644de03d39b946ac84.exe,-,-,-,-,-,-,-,-,-,-,-,-,-,-,-,-
"Aug 28, 2024 @ 22:36:09.570",lookup_requested,"DNS query is completed for the name govntutzt.life, type 28, query options 2392538375938048 with status 10054 Results  ",ccc029998b00cd29335e0729d852becea2ebe6a9ce2547f963f71da97d07439f.exe,-,-,-,-,-,-,-,govntutzt.life,188.166.15.250,False,-11,Netherlands,Amsterdam,52.35630,4.95714,"DigitalOcean, LLC",-,-
"Aug 28, 2024 @ 22:36:00.495",lookup_requested,"DNS query is completed for the name cj87mkoo4.life, type 28, query options 2392538375938048 with status 10054 Results  ",ccc029998b00cd29335e0729d852becea2ebe6a9ce2547f963f71da97d07439f.exe,-,-,-,-,-,-,-,cj87mkoo4.life,188.166.15.250,False,-3,Netherlands,Amsterdam,52.35630,4.95714,"DigitalOcean, LLC",-,-
"Aug 28, 2024 @ 22:35:50.412",lookup_requested,"DNS query is completed for the name o3f4d47j3.life, type 28, query options 2392538375938048 with status 10054 Results  ",ccc029998b00cd29335e0729d852becea2ebe6a9ce2547f963f71da97d07439f.exe,-,-,-,-,-,-,-,o3f4d47j3.life,188.166.15.250,False,-3,Netherlands,Amsterdam,52.35630,4.95714,"DigitalOcean, LLC",-,-
"Aug 28, 2024 @ 22:35:48.371",end,Endpoint process event,powershell.exe,CompatTelRunner.exe,"powershell.exe, -ExecutionPolicy, Restricted, -Command, $Res, =, 0;, $Infs, =, Get-Item, -Path, ($env:WinDir, +, '\inf\*.inf');, foreach, ($Inf, in, $Infs), {, $Data, =, Get-Content, $Inf.FullName;, if, ($Data, -match, '\[defaultinstall.nt(amd64|arm|arm64|x86)\]'), {, $Res, =, 1;, break;, }, }, Write-Host, 'Final, result:',, $Res;",-,-,-,-,-,-,-,-,-,-,-,-,-,-,-,-
"Aug 28, 2024 @ 22:35:48.352",overwrite,Endpoint file event,powershell.exe,-,-,-,-,StartupProfileData-NonInteractive,-,-,-,-,-,-,-,-,-,-,-,-,-
"Aug 28, 2024 @ 22:35:48.137",load,Endpoint DLL load event,powershell.exe,-,-,Microsoft.PowerShell.Commands.Utility.dll,Microsoft.PowerShell.Commands.Utility.ni.dll,-,-,-,-,-,-,-,-,-,-,-,-,-,-
"Aug 28, 2024 @ 22:35:43.337",lookup_requested,"DNS query is completed for the name s7n9pjbnl.life, type 28, query options 2392538375938048 with status 10054 Results  ",ccc029998b00cd29335e0729d852becea2ebe6a9ce2547f963f71da97d07439f.exe,-,-,-,-,-,-,-,s7n9pjbnl.life,-,False,-5,-,-,-,-,-,-,-
"Aug 28, 2024 @ 22:35:41.996",end,Endpoint process event,powershell.exe,CompatTelRunner.exe,"powershell.exe, -ExecutionPolicy, Restricted, -Command, Write-Host, 'Final, result:, 1';",-,-,-,-,-,-,-,-,-,-,-,-,-,-,-,-
"Aug 28, 2024 @ 22:35:41.561",load,Endpoint DLL load event,powershell.exe,-,-,System.Configuration.Install.dll,System.Configuration.Install.ni.dll,-,-,-,-,-,-,-,-,-,-,-,-,-,-
"Aug 28, 2024 @ 22:35:41.415",load,Endpoint DLL load event,powershell.exe,-,-,Microsoft.PowerShell.Commands.Management.dll,Microsoft.PowerShell.Commands.Management.ni.dll,-,-,-,-,-,-,-,-,-,-,-,-,-,-
"Aug 28, 2024 @ 22:35:37.521",load,Endpoint DLL load event,powershell.exe,-,-,system.transactions.dll,System.Transactions.ni.dll,-,-,-,-,-,-,-,-,-,-,-,-,-,-
"Aug 28, 2024 @ 22:35:36.997",load,Endpoint DLL load event,powershell.exe,-,-,Microsoft.PowerShell.Security.dll,Microsoft.PowerShell.Security.ni.dll,-,-,-,-,-,-,-,-,-,-,-,-,-,-
"Aug 28, 2024 @ 22:35:36.248",lookup_requested,"DNS query is completed for the name 3rldogkrx.life, type 28, query options 2392538375938048 with status 10054 Results  ",ccc029998b00cd29335e0729d852becea2ebe6a9ce2547f963f71da97d07439f.exe,-,-,-,-,-,-,-,3rldogkrx.life,188.166.15.250,False,-3,Netherlands,Amsterdam,52.35630,4.95714,"DigitalOcean, LLC",-,-
"Aug 28, 2024 @ 22:35:31.891",load,Endpoint DLL load event,powershell.exe,-,-,-,System.Configuration.ni.dll,-,-,-,-,-,-,-,-,-,-,-,-,-,-
"Aug 28, 2024 @ 22:35:31.575",deletion,Endpoint file event,powershell.exe,-,-,-,-,__PSScriptPolicyTest_caasjc2e.asz.psm1,-,-,-,-,-,-,-,-,-,-,-,-,-
"Aug 28, 2024 @ 22:35:31.573",deletion,Endpoint file event,powershell.exe,-,-,-,-,__PSScriptPolicyTest_tsqevhac.j2a.ps1,-,-,-,-,-,-,-,-,-,-,-,-,-
"Aug 28, 2024 @ 22:35:31.562",creation,Endpoint file event,powershell.exe,-,-,-,-,__PSScriptPolicyTest_caasjc2e.asz.psm1,-,-,-,-,-,-,-,-,-,-,-,-,-
"Aug 28, 2024 @ 22:35:31.548",load,Endpoint DLL load event,powershell.exe,-,-,system.data.dll,System.Data.ni.dll,-,-,-,-,-,-,-,-,-,-,-,-,-,-
"Aug 28, 2024 @ 22:35:31.544",creation,Endpoint file event,powershell.exe,-,-,-,-,__PSScriptPolicyTest_tsqevhac.j2a.ps1,-,-,-,-,-,-,-,-,-,-,-,-,-
"Aug 28, 2024 @ 22:35:31.541",load,Endpoint DLL load event,powershell.exe,-,-,-,System.Xml.ni.dll,-,-,-,-,-,-,-,-,-,-,-,-,-,-
"Aug 28, 2024 @ 22:35:31.539",load,Endpoint DLL load event,powershell.exe,-,-,System.DirectoryServices.dll,System.DirectoryServices.ni.dll,-,-,-,-,-,-,-,-,-,-,-,-,-,-
"Aug 28, 2024 @ 22:35:31.537",load,Endpoint DLL load event,powershell.exe,-,-,-,System.Management.ni.dll,-,-,-,-,-,-,-,-,-,-,-,-,-,-
"Aug 28, 2024 @ 22:35:31.535",load,Endpoint DLL load event,powershell.exe,-,-,Microsoft.Management.Infrastructure.dll,Microsoft.Management.Infrastructure.ni.dll,-,-,-,-,-,-,-,-,-,-,-,-,-,-
"Aug 28, 2024 @ 22:35:31.439",load,Endpoint DLL load event,powershell.exe,-,-,System.Management.Automation.dll,System.Management.Automation.ni.dll,-,-,-,-,-,-,-,-,-,-,-,-,-,-
"Aug 28, 2024 @ 22:35:31.432",load,Endpoint DLL load event,powershell.exe,-,-,Microsoft.PowerShell.ConsoleHost.dll,Microsoft.PowerShell.ConsoleHost.ni.dll,-,-,-,-,-,-,-,-,-,-,-,-,-,-
"Aug 28, 2024 @ 22:35:31.425",load,Endpoint DLL load event,powershell.exe,-,-,-,System.Core.ni.dll,-,-,-,-,-,-,-,-,-,-,-,-,-,-
"Aug 28, 2024 @ 22:35:31.423",load,Endpoint DLL load event,powershell.exe,-,-,System.dll,System.ni.dll,-,-,-,-,-,-,-,-,-,-,-,-,-,-
"Aug 28, 2024 @ 22:35:31.403",load,Endpoint DLL load event,powershell.exe,-,-,clr.dll,clr.dll,-,-,-,-,-,-,-,-,-,-,-,-,-,-
"Aug 28, 2024 @ 22:35:31.367",start,Endpoint process event,powershell.exe,CompatTelRunner.exe,"powershell.exe, -ExecutionPolicy, Restricted, -Command, $Res, =, 0;, $Infs, =, Get-Item, -Path, ($env:WinDir, +, '\inf\*.inf');, foreach, ($Inf, in, $Infs), {, $Data, =, Get-Content, $Inf.FullName;, if, ($Data, -match, '\[defaultinstall.nt(amd64|arm|arm64|x86)\]'), {, $Res, =, 1;, break;, }, }, Write-Host, 'Final, result:',, $Res;",-,-,-,-,-,-,-,-,-,-,-,-,-,-,-,-
"Aug 28, 2024 @ 22:35:30.738",deletion,Endpoint file event,powershell.exe,-,-,-,-,__PSScriptPolicyTest_a1ghubcr.4xl.psm1,-,-,-,-,-,-,-,-,-,-,-,-,-
"Aug 28, 2024 @ 22:35:30.737",deletion,Endpoint file event,powershell.exe,-,-,-,-,__PSScriptPolicyTest_omk1zxez.sgr.ps1,-,-,-,-,-,-,-,-,-,-,-,-,-
"Aug 28, 2024 @ 22:35:30.661",creation,Endpoint file event,powershell.exe,-,-,-,-,__PSScriptPolicyTest_a1ghubcr.4xl.psm1,-,-,-,-,-,-,-,-,-,-,-,-,-
"Aug 28, 2024 @ 22:35:30.659",creation,Endpoint file event,powershell.exe,-,-,-,-,__PSScriptPolicyTest_omk1zxez.sgr.ps1,-,-,-,-,-,-,-,-,-,-,-,-,-
"Aug 28, 2024 @ 22:35:29.143",lookup_requested,"DNS query is completed for the name z75717vaj.life, type 28, query options 2392538375938048 with status 10054 Results  ",ccc029998b00cd29335e0729d852becea2ebe6a9ce2547f963f71da97d07439f.exe,-,-,-,-,-,-,-,z75717vaj.life,188.166.15.250,False,-3,Netherlands,Amsterdam,52.35630,4.95714,"DigitalOcean, LLC",-,-
"Aug 28, 2024 @ 22:35:25.348",start,Endpoint process event,powershell.exe,CompatTelRunner.exe,"powershell.exe, -ExecutionPolicy, Restricted, -Command, Write-Host, 'Final, result:, 1';",-,-,-,-,-,-,-,-,-,-,-,-,-,-,-,-
"Aug 28, 2024 @ 22:35:21.064",lookup_requested,"DNS query is completed for the name ezsj23n67.life, type 1, query options 140738562121728 with status 87 Results  ",ccc029998b00cd29335e0729d852becea2ebe6a9ce2547f963f71da97d07439f.exe,-,-,-,-,-,-,-,ezsj23n67.life,188.166.15.250,False,-3,Netherlands,Amsterdam,52.35630,4.95714,"DigitalOcean, LLC",-,-
"Aug 28, 2024 @ 22:35:18.051",lookup_requested,"DNS query is completed for the name 8fqxxf116.life, type 28, query options 2392538375938048 with status 1460 Results  ",ccc029998b00cd29335e0729d852becea2ebe6a9ce2547f963f71da97d07439f.exe,-,-,-,-,-,-,-,8fqxxf116.life,188.166.15.250,False,-3,Netherlands,Amsterdam,52.35630,4.95714,"DigitalOcean, LLC",-,-
"Aug 28, 2024 @ 22:35:08.957",lookup_requested,"DNS query is completed for the name gmsjfazpo.life, type 28, query options 2392538375938048 with status 1460 Results  ",ccc029998b00cd29335e0729d852becea2ebe6a9ce2547f963f71da97d07439f.exe,-,-,-,-,-,-,-,gmsjfazpo.life,188.166.15.250,False,-3,Netherlands,Amsterdam,52.35630,4.95714,"DigitalOcean, LLC",-,-
"Aug 28, 2024 @ 22:34:56.890",lookup_requested,"DNS query is completed for the name wp9wddjn4.life, type 28, query options 2392538375938048 with status 10054 Results  ",ccc029998b00cd29335e0729d852becea2ebe6a9ce2547f963f71da97d07439f.exe,-,-,-,-,-,-,-,wp9wddjn4.life,188.166.15.250,False,-3,Netherlands,Amsterdam,52.35630,4.95714,"DigitalOcean, LLC",-,-
"Aug 28, 2024 @ 22:34:49.801",lookup_requested,"DNS query is completed for the name axqje16l4.life, type 28, query options 2392538375938048 with status 10054 Results  ",ccc029998b00cd29335e0729d852becea2ebe6a9ce2547f963f71da97d07439f.exe,-,-,-,-,-,-,-,axqje16l4.life,188.166.15.250,False,-3,Netherlands,Amsterdam,52.35630,4.95714,"DigitalOcean, LLC",-,-
"Aug 28, 2024 @ 22:34:41.734",lookup_requested,"DNS query is completed for the name 99t9f8t4c.life, type 28, query options 2392538375938048 with status 10054 Results  ",ccc029998b00cd29335e0729d852becea2ebe6a9ce2547f963f71da97d07439f.exe,-,-,-,-,-,-,-,99t9f8t4c.life,188.166.15.250,False,-3,Netherlands,Amsterdam,52.35630,4.95714,"DigitalOcean, LLC",-,-
"Aug 28, 2024 @ 22:34:35.621",lookup_requested,"DNS query is completed for the name lcd7igvud.life, type 28, query options 2392538375938048 with status 10054 Results  ",ccc029998b00cd29335e0729d852becea2ebe6a9ce2547f963f71da97d07439f.exe,-,-,-,-,-,-,-,lcd7igvud.life,188.166.15.250,False,-3,Netherlands,Amsterdam,52.35630,4.95714,"DigitalOcean, LLC",-,-
"Aug 28, 2024 @ 22:34:24.560",lookup_requested,"DNS query is completed for the name pzhihpnt2.life, type 28, query options 2392538375938048 with status 1460 Results  ",ccc029998b00cd29335e0729d852becea2ebe6a9ce2547f963f71da97d07439f.exe,-,-,-,-,-,-,-,pzhihpnt2.life,188.166.15.250,False,-3,Netherlands,Amsterdam,52.35630,4.95714,"DigitalOcean, LLC",-,-
"Aug 28, 2024 @ 22:34:12.518",lookup_requested,"DNS query is completed for the name 4kqz7kqt2.life, type 28, query options 2392538375938048 with status 1460 Results  ",ccc029998b00cd29335e0729d852becea2ebe6a9ce2547f963f71da97d07439f.exe,-,-,-,-,-,-,-,4kqz7kqt2.life,188.166.15.250,False,-3,Netherlands,Amsterdam,52.35630,4.95714,"DigitalOcean, LLC",-,-
"Aug 28, 2024 @ 22:33:58.452",lookup_requested,"DNS query is completed for the name wox5mblpd.life, type 28, query options 2392538375938048 with status 10054 Results  ",ccc029998b00cd29335e0729d852becea2ebe6a9ce2547f963f71da97d07439f.exe,-,-,-,-,-,-,-,wox5mblpd.life,188.166.15.250,False,-3,Netherlands,Amsterdam,52.35630,4.95714,"DigitalOcean, LLC",-,-
"Aug 28, 2024 @ 22:33:52.345",lookup_requested,"DNS query is completed for the name vjgmo889e.life, type 28, query options 2392538375938048 with status 1460 Results  ",ccc029998b00cd29335e0729d852becea2ebe6a9ce2547f963f71da97d07439f.exe,-,-,-,-,-,-,-,vjgmo889e.life,188.166.15.250,False,-3,Netherlands,Amsterdam,52.35630,4.95714,"DigitalOcean, LLC",-,-
"Aug 28, 2024 @ 22:33:44.257",lookup_requested,"DNS query is completed for the name 497hssmh9.life, type 28, query options 2392538375938048 with status 10054 Results  ",ccc029998b00cd29335e0729d852becea2ebe6a9ce2547f963f71da97d07439f.exe,-,-,-,-,-,-,-,497hssmh9.life,188.166.15.250,False,-3,Netherlands,Amsterdam,52.35630,4.95714,"DigitalOcean, LLC",-,-
"Aug 28, 2024 @ 22:33:39.143",lookup_requested,"DNS query is completed for the name mei2hlvph.life, type 28, query options 2392538375938048 with status 1460 Results  ",ccc029998b00cd29335e0729d852becea2ebe6a9ce2547f963f71da97d07439f.exe,-,-,-,-,-,-,-,mei2hlvph.life,188.166.15.250,False,-3,Netherlands,Amsterdam,52.35630,4.95714,"DigitalOcean, LLC",-,-
"Aug 28, 2024 @ 22:33:28.082",lookup_requested,"DNS query is completed for the name uvx6qjirx.life, type 28, query options 2392538375938048 with status 1460 Results  ",ccc029998b00cd29335e0729d852becea2ebe6a9ce2547f963f71da97d07439f.exe,-,-,-,-,-,-,-,uvx6qjirx.life,188.166.15.250,False,-3,Netherlands,Amsterdam,52.35630,4.95714,"DigitalOcean, LLC",-,-
"Aug 28, 2024 @ 22:33:19.017",lookup_requested,"DNS query is completed for the name prl7fpdgq.life, type 28, query options 2392538375938048 with status 10054 Results  ",ccc029998b00cd29335e0729d852becea2ebe6a9ce2547f963f71da97d07439f.exe,-,-,-,-,-,-,-,prl7fpdgq.life,188.166.15.250,False,-3,Netherlands,Amsterdam,52.35630,4.95714,"DigitalOcean, LLC",-,-
"Aug 28, 2024 @ 22:33:11.896",lookup_requested,"DNS query is completed for the name 8jcl1fkor.life, type 28, query options 2392538375938048 with status 10054 Results  ",ccc029998b00cd29335e0729d852becea2ebe6a9ce2547f963f71da97d07439f.exe,-,-,-,-,-,-,-,8jcl1fkor.life,188.166.15.250,False,-3,Netherlands,Amsterdam,52.35630,4.95714,"DigitalOcean, LLC",-,-
"Aug 28, 2024 @ 22:33:03.829",lookup_requested,"DNS query is completed for the name x7ir6c3dp.life, type 28, query options 2392538375938048 with status 10054 Results  ",ccc029998b00cd29335e0729d852becea2ebe6a9ce2547f963f71da97d07439f.exe,-,-,-,-,-,-,-,x7ir6c3dp.life,188.166.15.250,False,-3,Netherlands,Amsterdam,52.35630,4.95714,"DigitalOcean, LLC",-,-
"Aug 28, 2024 @ 22:32:55.762",lookup_requested,"DNS query is completed for the name 8s75cl4j9.life, type 28, query options 2392538375938048 with status 10054 Results  ",ccc029998b00cd29335e0729d852becea2ebe6a9ce2547f963f71da97d07439f.exe,-,-,-,-,-,-,-,8s75cl4j9.life,188.166.15.250,False,-3,Netherlands,Amsterdam,52.35630,4.95714,"DigitalOcean, LLC",-,-
"Aug 28, 2024 @ 22:32:47.671",lookup_requested,"DNS query is completed for the name 5yv0b66c5.life, type 28, query options 2392538375938048 with status 1460 Results  ",ccc029998b00cd29335e0729d852becea2ebe6a9ce2547f963f71da97d07439f.exe,-,-,-,-,-,-,-,5yv0b66c5.life,188.166.15.250,False,-3,Netherlands,Amsterdam,52.35630,4.95714,"DigitalOcean, LLC",-,-
"Aug 28, 2024 @ 22:32:33.640",lookup_requested,"DNS query is completed for the name p9m9as6rc.life, type 28, query options 2392538375938048 with status 10054 Results  ",ccc029998b00cd29335e0729d852becea2ebe6a9ce2547f963f71da97d07439f.exe,-,-,-,-,-,-,-,p9m9as6rc.life,188.166.15.250,False,-3,Netherlands,Amsterdam,52.35630,4.95714,"DigitalOcean, LLC",-,-
"Aug 28, 2024 @ 22:32:22.563",lookup_requested,"DNS query is completed for the name c3x5wqfqd.life, type 28, query options 2392538375938048 with status 1460 Results  ",ccc029998b00cd29335e0729d852becea2ebe6a9ce2547f963f71da97d07439f.exe,-,-,-,-,-,-,-,c3x5wqfqd.life,188.166.15.250,False,-3,Netherlands,Amsterdam,52.35630,4.95714,"DigitalOcean, LLC",-,-
"Aug 28, 2024 @ 22:32:11.510",lookup_requested,"DNS query is completed for the name y0ue7nc4v.life, type 28, query options 2392538375938048 with status 1460 Results  ",ccc029998b00cd29335e0729d852becea2ebe6a9ce2547f963f71da97d07439f.exe,-,-,-,-,-,-,-,y0ue7nc4v.life,188.166.15.250,False,-3,Netherlands,Amsterdam,52.35630,4.95714,"DigitalOcean, LLC",-,-
"Aug 28, 2024 @ 22:32:02.460",lookup_requested,"DNS query is completed for the name y7mmp6opv.life, type 28, query options 2392538375938048 with status 10054 Results  ",ccc029998b00cd29335e0729d852becea2ebe6a9ce2547f963f71da97d07439f.exe,-,-,-,-,-,-,-,y7mmp6opv.life,188.166.15.250,False,-3,Netherlands,Amsterdam,52.35630,4.95714,"DigitalOcean, LLC",-,-
"Aug 28, 2024 @ 22:31:52.387",lookup_requested,"DNS query is completed for the name lnoz4exs6.life, type 28, query options 2392538375938048 with status 1460 Results  ",ccc029998b00cd29335e0729d852becea2ebe6a9ce2547f963f71da97d07439f.exe,-,-,-,-,-,-,-,lnoz4exs6.life,188.166.15.250,False,-3,Netherlands,Amsterdam,52.35630,4.95714,"DigitalOcean, LLC",-,-
"Aug 28, 2024 @ 22:31:40.307",lookup_requested,"DNS query is completed for the name trfy09x33.life, type 28, query options 2392538375938048 with status 10054 Results  ",ccc029998b00cd29335e0729d852becea2ebe6a9ce2547f963f71da97d07439f.exe,-,-,-,-,-,-,-,trfy09x33.life,188.166.15.250,False,-3,Netherlands,Amsterdam,52.35630,4.95714,"DigitalOcean, LLC",-,-
"Aug 28, 2024 @ 22:31:32.205",lookup_requested,"DNS query is completed for the name j2hsoa4va.life, type 28, query options 2392538375938048 with status 1460 Results  ",ccc029998b00cd29335e0729d852becea2ebe6a9ce2547f963f71da97d07439f.exe,-,-,-,-,-,-,-,j2hsoa4va.life,188.166.15.250,False,-3,Netherlands,Amsterdam,52.35630,4.95714,"DigitalOcean, LLC",-,-
"Aug 28, 2024 @ 22:31:23.134",lookup_requested,"DNS query is completed for the name 2x5cn12li.life, type 28, query options 2392538375938048 with status 10054 Results  ",ccc029998b00cd29335e0729d852becea2ebe6a9ce2547f963f71da97d07439f.exe,-,-,-,-,-,-,-,2x5cn12li.life,188.166.15.250,False,-3,Netherlands,Amsterdam,52.35630,4.95714,"DigitalOcean, LLC",-,-
"Aug 28, 2024 @ 22:31:15.036",lookup_requested,"DNS query is completed for the name 43dtvcgy6.life, type 28, query options 2392538375938048 with status 10054 Results  ",ccc029998b00cd29335e0729d852becea2ebe6a9ce2547f963f71da97d07439f.exe,-,-,-,-,-,-,-,43dtvcgy6.life,188.166.15.250,False,-3,Netherlands,Amsterdam,52.35630,4.95714,"DigitalOcean, LLC",-,-
"Aug 28, 2024 @ 22:31:06.973",lookup_requested,"DNS query is completed for the name 1d98d2w0k.life, type 28, query options 2392538375938048 with status 1460 Results  ",ccc029998b00cd29335e0729d852becea2ebe6a9ce2547f963f71da97d07439f.exe,-,-,-,-,-,-,-,1d98d2w0k.life,188.166.15.250,False,-3,Netherlands,Amsterdam,52.35630,4.95714,"DigitalOcean, LLC",-,-
"Aug 28, 2024 @ 22:30:56.905",lookup_requested,"DNS query is completed for the name rm43ln1wn.life, type 28, query options 2392538375938048 with status 1460 Results  ",ccc029998b00cd29335e0729d852becea2ebe6a9ce2547f963f71da97d07439f.exe,-,-,-,-,-,-,-,rm43ln1wn.life,188.166.15.250,False,-3,Netherlands,Amsterdam,52.35630,4.95714,"DigitalOcean, LLC",-,-
"Aug 28, 2024 @ 22:30:46.849",lookup_requested,"DNS query is completed for the name oqfb13om6.life, type 28, query options 2392538375938048 with status 10054 Results  ",ccc029998b00cd29335e0729d852becea2ebe6a9ce2547f963f71da97d07439f.exe,-,-,-,-,-,-,-,oqfb13om6.life,188.166.15.250,False,-3,Netherlands,Amsterdam,52.35630,4.95714,"DigitalOcean, LLC",-,-
"Aug 28, 2024 @ 22:30:38.747",lookup_requested,"DNS query is completed for the name 49jw256uc.life, type 28, query options 2392538375938048 with status 1460 Results  ",ccc029998b00cd29335e0729d852becea2ebe6a9ce2547f963f71da97d07439f.exe,-,-,-,-,-,-,-,49jw256uc.life,188.166.15.250,False,-3,Netherlands,Amsterdam,52.35630,4.95714,"DigitalOcean, LLC",-,-
"Aug 28, 2024 @ 22:30:29.661",lookup_requested,"DNS query is completed for the name tcyvzdeex.life, type 28, query options 2392538375938048 with status 10054 Results  ",ccc029998b00cd29335e0729d852becea2ebe6a9ce2547f963f71da97d07439f.exe,-,-,-,-,-,-,-,tcyvzdeex.life,188.166.15.250,False,-3,Netherlands,Amsterdam,52.35630,4.95714,"DigitalOcean, LLC",-,-
"Aug 28, 2024 @ 22:30:19.581",lookup_requested,"DNS query is completed for the name 2jlczycvw.life, type 28, query options 2392538375938048 with status 1460 Results  ",ccc029998b00cd29335e0729d852becea2ebe6a9ce2547f963f71da97d07439f.exe,-,-,-,-,-,-,-,2jlczycvw.life,188.166.15.250,False,-3,Netherlands,Amsterdam,52.35630,4.95714,"DigitalOcean, LLC",-,-
"Aug 28, 2024 @ 22:30:05.531",lookup_requested,"DNS query is completed for the name lgu7drz5a.life, type 28, query options 2392538375938048 with status 1460 Results  ",ccc029998b00cd29335e0729d852becea2ebe6a9ce2547f963f71da97d07439f.exe,-,-,-,-,-,-,-,lgu7drz5a.life,173.255.204.62,False,-5,United States,Richardson,32.94833,-96.72985,Linode,-,-
"Aug 28, 2024 @ 22:29:54.465",lookup_requested,"DNS query is completed for the name 8t8g8jquy.life, type 28, query options 2392538375938048 with status 1460 Results  ",ccc029998b00cd29335e0729d852becea2ebe6a9ce2547f963f71da97d07439f.exe,-,-,-,-,-,-,-,8t8g8jquy.life,173.255.204.62,False,-5,United States,Richardson,32.94833,-96.72985,Linode,-,-
"Aug 28, 2024 @ 22:29:40.400",lookup_requested,"DNS query is completed for the name k4ikh1i8s.life, type 28, query options 2392538375938048 with status 1460 Results  ",ccc029998b00cd29335e0729d852becea2ebe6a9ce2547f963f71da97d07439f.exe,-,-,-,-,-,-,-,k4ikh1i8s.life,91.195.240.123,False,-5,Germany,Cologne,50.94897,6.94439,SEDO GmbH,-,-
"Aug 28, 2024 @ 22:29:28.307",lookup_requested,"DNS query is completed for the name xszhjlyga.life, type 28, query options 2392538375938048 with status 10054 Results  ",ccc029998b00cd29335e0729d852becea2ebe6a9ce2547f963f71da97d07439f.exe,-,-,-,-,-,-,-,xszhjlyga.life,94.131.100.44,False,-12,Finland,Helsinki,60.17116,24.93265,STARK INDUSTRIES SOLUTIONS LTD.,-,-
"Aug 28, 2024 @ 22:29:20.207",lookup_requested,"DNS query is completed for the name x5zxvz2yn.life, type 28, query options 2392538375938048 with status 1460 Results  ",ccc029998b00cd29335e0729d852becea2ebe6a9ce2547f963f71da97d07439f.exe,-,-,-,-,-,-,-,x5zxvz2yn.life,193.235.147.132,False,-5,Netherlands,Schiphol-Rijk,52.28431,4.75761,EDIS GmbH,-,-
"Aug 28, 2024 @ 22:29:09.133",lookup_requested,"DNS query is completed for the name inekdxiil.life, type 28, query options 2392538375938048 with status 10054 Results  ",ccc029998b00cd29335e0729d852becea2ebe6a9ce2547f963f71da97d07439f.exe,-,-,-,-,-,-,-,inekdxiil.life,85.209.153.84,False,-12,Netherlands,Dronten,52.54361,5.70491,STARK INDUSTRIES SOLUTIONS LTD.,-,-
"Aug 28, 2024 @ 22:29:01.036",lookup_requested,"DNS query is completed for the name jzvx353vf.life, type 28, query options 2392538375938048 with status 10054 Results  ",ccc029998b00cd29335e0729d852becea2ebe6a9ce2547f963f71da97d07439f.exe,-,-,-,-,-,-,-,jzvx353vf.life,188.166.15.250,False,-3,Netherlands,Amsterdam,52.35630,4.95714,"DigitalOcean, LLC",-,-
"Aug 28, 2024 @ 22:28:52.969",lookup_requested,"DNS query is completed for the name l9w8yn2fo.life, type 28, query options 2392538375938048 with status 10054 Results  ",ccc029998b00cd29335e0729d852becea2ebe6a9ce2547f963f71da97d07439f.exe,-,-,-,-,-,-,-,l9w8yn2fo.life,188.166.15.250,False,-3,Netherlands,Amsterdam,52.35630,4.95714,"DigitalOcean, LLC",-,-
"Aug 28, 2024 @ 22:28:44.886",lookup_requested,"DNS query is completed for the name awmv2d35g.life, type 28, query options 2392538375938048 with status 10054 Results  ",ccc029998b00cd29335e0729d852becea2ebe6a9ce2547f963f71da97d07439f.exe,-,-,-,-,-,-,-,awmv2d35g.life,188.166.15.250,False,-3,Netherlands,Amsterdam,52.35630,4.95714,"DigitalOcean, LLC",-,-
"Aug 28, 2024 @ 22:28:36.804",lookup_requested,"DNS query is completed for the name 5hsghdbng.life, type 28, query options 2392538375938048 with status 10054 Results  ",ccc029998b00cd29335e0729d852becea2ebe6a9ce2547f963f71da97d07439f.exe,-,-,-,-,-,-,-,5hsghdbng.life,188.166.15.250,False,-3,Netherlands,Amsterdam,52.35630,4.95714,"DigitalOcean, LLC",-,-
"Aug 28, 2024 @ 22:28:30.707",lookup_requested,"DNS query is completed for the name ulfv8hiv3.life, type 28, query options 2392538375938048 with status 10054 Results  ",ccc029998b00cd29335e0729d852becea2ebe6a9ce2547f963f71da97d07439f.exe,-,-,-,-,-,-,-,ulfv8hiv3.life,188.166.15.250,False,-3,Netherlands,Amsterdam,52.35630,4.95714,"DigitalOcean, LLC",-,-
"Aug 28, 2024 @ 22:28:23.617",lookup_requested,"DNS query is completed for the name m460p6w8i.life, type 28, query options 2392538375938048 with status 10054 Results  ",ccc029998b00cd29335e0729d852becea2ebe6a9ce2547f963f71da97d07439f.exe,-,-,-,-,-,-,-,m460p6w8i.life,188.166.15.250,False,-3,Netherlands,Amsterdam,52.35630,4.95714,"DigitalOcean, LLC",-,-
"Aug 28, 2024 @ 22:28:18.522",lookup_requested,"DNS query is completed for the name arl8xdy0i.life, type 28, query options 2392538375938048 with status 1460 Results  ",ccc029998b00cd29335e0729d852becea2ebe6a9ce2547f963f71da97d07439f.exe,-,-,-,-,-,-,-,arl8xdy0i.life,188.166.15.250,False,-3,Netherlands,Amsterdam,52.35630,4.95714,"DigitalOcean, LLC",-,-
"Aug 28, 2024 @ 22:28:03.488",lookup_requested,"DNS query is completed for the name awjjbslep.life, type 28, query options 2392538375938048 with status 1460 Results  ",ccc029998b00cd29335e0729d852becea2ebe6a9ce2547f963f71da97d07439f.exe,-,-,-,-,-,-,-,awjjbslep.life,188.166.15.250,False,-3,Netherlands,Amsterdam,52.35630,4.95714,"DigitalOcean, LLC",-,-
"Aug 28, 2024 @ 22:27:49.457",lookup_requested,"DNS query is completed for the name yombx43uh.life, type 28, query options 2392538375938048 with status 10054 Results  ",ccc029998b00cd29335e0729d852becea2ebe6a9ce2547f963f71da97d07439f.exe,-,-,-,-,-,-,-,yombx43uh.life,188.166.15.250,False,-3,Netherlands,Amsterdam,52.35630,4.95714,"DigitalOcean, LLC",-,-
"Aug 28, 2024 @ 22:27:39.392",lookup_requested,"DNS query is completed for the name un5nke6rt.life, type 28, query options 2392538375938048 with status 1460 Results  ",ccc029998b00cd29335e0729d852becea2ebe6a9ce2547f963f71da97d07439f.exe,-,-,-,-,-,-,-,un5nke6rt.life,188.166.15.250,False,-3,Netherlands,Amsterdam,52.35630,4.95714,"DigitalOcean, LLC",-,-
"Aug 28, 2024 @ 22:27:28.337",lookup_requested,"DNS query is completed for the name db9oyi6b2.life, type 28, query options 2392538375938048 with status 1460 Results  ",ccc029998b00cd29335e0729d852becea2ebe6a9ce2547f963f71da97d07439f.exe,-,-,-,-,-,-,-,db9oyi6b2.life,188.166.15.250,False,-3,Netherlands,Amsterdam,52.35630,4.95714,"DigitalOcean, LLC",-,-
"Aug 28, 2024 @ 22:27:19.268",lookup_requested,"DNS query is completed for the name uaeo95mzk.life, type 28, query options 2392538375938048 with status 1460 Results  ",ccc029998b00cd29335e0729d852becea2ebe6a9ce2547f963f71da97d07439f.exe,-,-,-,-,-,-,-,uaeo95mzk.life,38.180.93.26,False,-12,France,Paris,48.85717,2.34140,3NT SOLUTIONS LLP,-,-
"Aug 28, 2024 @ 22:27:06.196",lookup_requested,"DNS query is completed for the name ofav9exew.life, type 28, query options 2392538375938048 with status 1460 Results  ",ccc029998b00cd29335e0729d852becea2ebe6a9ce2547f963f71da97d07439f.exe,-,-,-,-,-,-,-,ofav9exew.life,188.166.15.250,False,-3,Netherlands,Amsterdam,52.35630,4.95714,"DigitalOcean, LLC",-,-
"Aug 28, 2024 @ 22:26:52.129",lookup_requested,"DNS query is completed for the name 292edkjz6.life, type 28, query options 2392538375938048 with status 1460 Results  ",ccc029998b00cd29335e0729d852becea2ebe6a9ce2547f963f71da97d07439f.exe,-,-,-,-,-,-,-,292edkjz6.life,188.166.15.250,False,-3,Netherlands,Amsterdam,52.35630,4.95714,"DigitalOcean, LLC",-,-
"Aug 28, 2024 @ 22:26:39.060",lookup_requested,"DNS query is completed for the name ynnlb3rus.life, type 28, query options 2392538375938048 with status 10054 Results  ",ccc029998b00cd29335e0729d852becea2ebe6a9ce2547f963f71da97d07439f.exe,-,-,-,-,-,-,-,ynnlb3rus.life,188.166.15.250,False,-3,Netherlands,Amsterdam,52.35630,4.95714,"DigitalOcean, LLC",-,-
"Aug 28, 2024 @ 22:26:32.929",lookup_requested,"DNS query is completed for the name gpoxpkoiy.life, type 28, query options 2392538375938048 with status 1460 Results  ",ccc029998b00cd29335e0729d852becea2ebe6a9ce2547f963f71da97d07439f.exe,-,-,-,-,-,-,-,gpoxpkoiy.life,188.166.15.250,False,-3,Netherlands,Amsterdam,52.35630,4.95714,"DigitalOcean, LLC",-,-
"Aug 28, 2024 @ 22:26:23.859",lookup_requested,"DNS query is completed for the name 9f8srknbf.life, type 28, query options 2392538375938048 with status 10054 Results  ",ccc029998b00cd29335e0729d852becea2ebe6a9ce2547f963f71da97d07439f.exe,-,-,-,-,-,-,-,9f8srknbf.life,188.166.15.250,False,-3,Netherlands,Amsterdam,52.35630,4.95714,"DigitalOcean, LLC",-,-
"Aug 28, 2024 @ 22:26:17.786",lookup_requested,"DNS query is completed for the name jvmzaf24a.life, type 28, query options 2392538375938048 with status 1460 Results  ",ccc029998b00cd29335e0729d852becea2ebe6a9ce2547f963f71da97d07439f.exe,-,-,-,-,-,-,-,jvmzaf24a.life,188.166.15.250,False,-3,Netherlands,Amsterdam,52.35630,4.95714,"DigitalOcean, LLC",-,-
"Aug 28, 2024 @ 22:26:08.711",lookup_requested,"DNS query is completed for the name 8nrjr6hc4.life, type 28, query options 2392538375938048 with status 1460 Results  ",ccc029998b00cd29335e0729d852becea2ebe6a9ce2547f963f71da97d07439f.exe,-,-,-,-,-,-,-,8nrjr6hc4.life,188.166.15.250,False,-3,Netherlands,Amsterdam,52.35630,4.95714,"DigitalOcean, LLC",-,-
"Aug 28, 2024 @ 22:25:58.624",lookup_requested,"DNS query is completed for the name 44uegsxdd.life, type 28, query options 2392538375938048 with status 1460 Results  ",ccc029998b00cd29335e0729d852becea2ebe6a9ce2547f963f71da97d07439f.exe,-,-,-,-,-,-,-,44uegsxdd.life,188.166.15.250,False,-3,Netherlands,Amsterdam,52.35630,4.95714,"DigitalOcean, LLC",-,-
"Aug 28, 2024 @ 22:25:49.528",lookup_requested,"DNS query is completed for the name 2niq3fv8t.life, type 28, query options 2392538375938048 with status 10054 Results  ",ccc029998b00cd29335e0729d852becea2ebe6a9ce2547f963f71da97d07439f.exe,-,-,-,-,-,-,-,2niq3fv8t.life,188.166.15.250,False,-3,Netherlands,Amsterdam,52.35630,4.95714,"DigitalOcean, LLC",-,-
"Aug 28, 2024 @ 22:25:41.461",lookup_requested,"DNS query is completed for the name tdyfmnlvv.life, type 28, query options 2392538375938048 with status 1460 Results  ",ccc029998b00cd29335e0729d852becea2ebe6a9ce2547f963f71da97d07439f.exe,-,-,-,-,-,-,-,tdyfmnlvv.life,188.166.15.250,False,-3,Netherlands,Amsterdam,52.35630,4.95714,"DigitalOcean, LLC",-,-
"Aug 28, 2024 @ 22:25:26.395",lookup_requested,"DNS query is completed for the name c231spcbk.life, type 28, query options 2392538375938048 with status 1460 Results  ",ccc029998b00cd29335e0729d852becea2ebe6a9ce2547f963f71da97d07439f.exe,-,-,-,-,-,-,-,c231spcbk.life,188.166.15.250,False,-3,Netherlands,Amsterdam,52.35630,4.95714,"DigitalOcean, LLC",-,-
"Aug 28, 2024 @ 22:25:17.323",lookup_requested,"DNS query is completed for the name donkvamcz.life, type 28, query options 2392538375938048 with status 10054 Results  ",ccc029998b00cd29335e0729d852becea2ebe6a9ce2547f963f71da97d07439f.exe,-,-,-,-,-,-,-,donkvamcz.life,52.34.198.229,False,-5,United States,Salem,44.93326,-123.04381,Amazon Technologies Inc.,-,-
"Aug 28, 2024 @ 22:25:09.232",lookup_requested,"DNS query is completed for the name f0a3myb17.life, type 28, query options 2392538375938048 with status 1460 Results  ",ccc029998b00cd29335e0729d852becea2ebe6a9ce2547f963f71da97d07439f.exe,-,-,-,-,-,-,-,f0a3myb17.life,188.166.15.250,False,-3,Netherlands,Amsterdam,52.35630,4.95714,"DigitalOcean, LLC",-,-
"Aug 28, 2024 @ 22:25:00.103",lookup_requested,"DNS query is completed for the name gebj02y46.life, type 28, query options 2392538375938048 with status 10054 Results  ",ccc029998b00cd29335e0729d852becea2ebe6a9ce2547f963f71da97d07439f.exe,-,-,-,-,-,-,-,gebj02y46.life,188.166.15.250,False,-3,Netherlands,Amsterdam,52.35630,4.95714,"DigitalOcean, LLC",-,-
"Aug 28, 2024 @ 22:24:53.006",lookup_requested,"DNS query is completed for the name yg7kcxnie.life, type 28, query options 2392538375938048 with status 1460 Results  ",ccc029998b00cd29335e0729d852becea2ebe6a9ce2547f963f71da97d07439f.exe,-,-,-,-,-,-,-,yg7kcxnie.life,188.166.15.250,False,-3,Netherlands,Amsterdam,52.35630,4.95714,"DigitalOcean, LLC",-,-
"Aug 28, 2024 @ 22:24:40.909",end,Endpoint process event,SIHClient.exe,upfc.exe,"C:\Windows\System32\sihclient.exe, /cv, BndeUsdJ0U6KervJZNtmUg.0.1",-,-,-,-,-,-,-,-,-,-,-,-,-,-,-,-
"Aug 28, 2024 @ 22:24:40.906",creation,Endpoint file event,SIHClient.exe,-,-,-,-,SIH.20240828.222206.534.1.etl,-,-,-,-,-,-,-,-,-,-,-,-,-
"Aug 28, 2024 @ 22:24:40.904",modification,Endpoint registry event,SIHClient.exe,-,-,-,-,-,HKLM\SOFTWARE\Microsoft\SIH\SLS\{E7A50285-D08D-499D-9FF8-180FDC2332BC}\/SLS/{E7A50285-D08D-499D-9FF8-180FDC2332BC}/x64/10.0.19045.4170/0?CH=232&L=en-US&P=&PT=0x65&WUA=10.0.19041.3996&MK=Micro-Star+International+Co.%2C+Ltd.&MD=MS-7B79\PotentialFailover,PotentialFailover,-,-,-,-,-,-,-,-,-,-,-
"Aug 28, 2024 @ 22:24:40.904",modification,Endpoint registry event,SIHClient.exe,-,-,-,-,-,HKLM\SOFTWARE\Microsoft\SIH\SLS\{E7A50285-D08D-499D-9FF8-180FDC2332BC}\/SLS/{E7A50285-D08D-499D-9FF8-180FDC2332BC}/x64/10.0.19045.4170/0?CH=232&L=en-US&P=&PT=0x65&WUA=10.0.19041.3996&MK=Micro-Star+International+Co.%2C+Ltd.&MD=MS-7B79\Data,Data,-,-,-,-,-,-,-,-,-,-,-
"Aug 28, 2024 @ 22:24:40.904",modification,Endpoint registry event,SIHClient.exe,-,-,-,-,-,HKLM\SOFTWARE\Microsoft\SIH\SLS\{E7A50285-D08D-499D-9FF8-180FDC2332BC}\/SLS/{E7A50285-D08D-499D-9FF8-180FDC2332BC}/x64/10.0.19045.4170/0?CH=232&L=en-US&P=&PT=0x65&WUA=10.0.19041.3996&MK=Micro-Star+International+Co.%2C+Ltd.&MD=MS-7B79\ETag,ETag,-,-,-,-,-,-,-,-,-,-,-
"Aug 28, 2024 @ 22:24:40.903",modification,Endpoint registry event,SIHClient.exe,-,-,-,-,-,HKLM\SOFTWARE\Microsoft\SIH\SLS\{E7A50285-D08D-499D-9FF8-180FDC2332BC}\/SLS/{E7A50285-D08D-499D-9FF8-180FDC2332BC}/x64/10.0.19045.4170/0?CH=232&L=en-US&P=&PT=0x65&WUA=10.0.19041.3996&MK=Micro-Star+International+Co.%2C+Ltd.&MD=MS-7B79\Expires,Expires,-,-,-,-,-,-,-,-,-,-,-
"Aug 28, 2024 @ 22:24:40.903",modification,Endpoint registry event,SIHClient.exe,-,-,-,-,-,HKLM\SOFTWARE\Microsoft\SIH\SLS\{E7A50285-D08D-499D-9FF8-180FDC2332BC}\/SLS/{E7A50285-D08D-499D-9FF8-180FDC2332BC}/x64/10.0.19045.4170/0?CH=232&L=en-US&P=&PT=0x65&WUA=10.0.19041.3996&MK=Micro-Star+International+Co.%2C+Ltd.&MD=MS-7B79\LastModified,LastModified,-,-,-,-,-,-,-,-,-,-,-
"Aug 28, 2024 @ 22:24:38.943",lookup_requested,"DNS query is completed for the name 9qf9v3tgq.life, type 28, query options 2392538375938048 with status 10054 Results  ",ccc029998b00cd29335e0729d852becea2ebe6a9ce2547f963f71da97d07439f.exe,-,-,-,-,-,-,-,9qf9v3tgq.life,188.166.15.250,False,-3,Netherlands,Amsterdam,52.35630,4.95714,"DigitalOcean, LLC",-,-
"Aug 28, 2024 @ 22:24:31.854",lookup_requested,"DNS query is completed for the name 23b3imkqh.life, type 28, query options 2392538375938048 with status 10054 Results  ",ccc029998b00cd29335e0729d852becea2ebe6a9ce2547f963f71da97d07439f.exe,-,-,-,-,-,-,-,23b3imkqh.life,188.166.15.250,False,-3,Netherlands,Amsterdam,52.35630,4.95714,"DigitalOcean, LLC",-,-
"Aug 28, 2024 @ 22:24:24.768",end,Endpoint process event,DismHost.exe,cleanmgr.exe,"C:\Users\John\AppData\Local\Temp\842DB486-0386-4231-AD4D-CD80CDF3B307\dismhost.exe, {F479CFC9-4657-4AAC-B628-392973EB95EC}",-,-,-,-,-,-,-,-,-,-,-,-,-,-,-,-
"Aug 28, 2024 @ 22:24:23.771",lookup_requested,"DNS query is completed for the name gaamc74sm.life, type 28, query options 2392538375938048 with status 10054 Results  ",ccc029998b00cd29335e0729d852becea2ebe6a9ce2547f963f71da97d07439f.exe,-,-,-,-,-,-,-,gaamc74sm.life,188.166.15.250,False,-3,Netherlands,Amsterdam,52.35630,4.95714,"DigitalOcean, LLC",-,-
"Aug 28, 2024 @ 22:24:19.957",deletion,Endpoint file event,dllhost.exe,-,-,-,-,httpErrorPagesScripts[1],-,-,-,-,-,-,-,-,-,-,-,-,-
"Aug 28, 2024 @ 22:24:19.956",deletion,Endpoint file event,dllhost.exe,-,-,-,-,dnserrordiagoff[1],-,-,-,-,-,-,-,-,-,-,-,-,-
"Aug 28, 2024 @ 22:24:19.956",deletion,Endpoint file event,dllhost.exe,-,-,-,-,NewErrorPageTemplate[1],-,-,-,-,-,-,-,-,-,-,-,-,-
"Aug 28, 2024 @ 22:24:19.955",deletion,Endpoint file event,dllhost.exe,-,-,-,-,errorPageStrings[1],-,-,-,-,-,-,-,-,-,-,-,-,-
"Aug 28, 2024 @ 22:24:16.660",lookup_requested,"DNS query is completed for the name go6nu8hgl.life, type 28, query options 2392538375938048 with status 1460 Results  ",ccc029998b00cd29335e0729d852becea2ebe6a9ce2547f963f71da97d07439f.exe,-,-,-,-,-,-,-,go6nu8hgl.life,188.166.15.250,False,-3,Netherlands,Amsterdam,52.35630,4.95714,"DigitalOcean, LLC",-,-
"Aug 28, 2024 @ 22:24:13.892",start,Endpoint process event,DismHost.exe,cleanmgr.exe,"C:\Users\John\AppData\Local\Temp\842DB486-0386-4231-AD4D-CD80CDF3B307\dismhost.exe, {F479CFC9-4657-4AAC-B628-392973EB95EC}",-,-,-,-,-,-,-,-,-,-,-,-,-,-,-,-
"Aug 28, 2024 @ 22:24:01.615",lookup_requested,"DNS query is completed for the name qm4hupdsq.life, type 28, query options 2392538375938048 with status 1460 Results  ",ccc029998b00cd29335e0729d852becea2ebe6a9ce2547f963f71da97d07439f.exe,-,-,-,-,-,-,-,qm4hupdsq.life,-,False,-5,-,-,-,-,-,-,-
"Aug 28, 2024 @ 22:23:50.559",lookup_requested,"DNS query is completed for the name v4wlbpzf0.life, type 28, query options 2392538375938048 with status 1460 Results  ",ccc029998b00cd29335e0729d852becea2ebe6a9ce2547f963f71da97d07439f.exe,-,-,-,-,-,-,-,v4wlbpzf0.life,188.166.15.250,False,-3,Netherlands,Amsterdam,52.35630,4.95714,"DigitalOcean, LLC",-,-
"Aug 28, 2024 @ 22:23:39.503",lookup_requested,"DNS query is completed for the name p5zhkxu7x.life, type 1, query options 140738562121728 with status 87 Results  ",ccc029998b00cd29335e0729d852becea2ebe6a9ce2547f963f71da97d07439f.exe,-,-,-,-,-,-,-,p5zhkxu7x.life,188.166.15.250,False,-3,Netherlands,Amsterdam,52.35630,4.95714,"DigitalOcean, LLC",-,-
"Aug 28, 2024 @ 22:23:37.503",lookup_requested,"DNS query is completed for the name crbk7hduu.life, type 28, query options 2392538375938048 with status 1460 Results  ",ccc029998b00cd29335e0729d852becea2ebe6a9ce2547f963f71da97d07439f.exe,-,-,-,-,-,-,-,crbk7hduu.life,188.166.15.250,False,-3,Netherlands,Amsterdam,52.35630,4.95714,"DigitalOcean, LLC",-,-
"Aug 28, 2024 @ 22:23:24.431",lookup_requested,"DNS query is completed for the name 4hdkyh1ns.life, type 28, query options 2392538375938048 with status 1460 Results  ",ccc029998b00cd29335e0729d852becea2ebe6a9ce2547f963f71da97d07439f.exe,-,-,-,-,-,-,-,4hdkyh1ns.life,188.166.15.250,False,-3,Netherlands,Amsterdam,52.35630,4.95714,"DigitalOcean, LLC",-,-
"Aug 28, 2024 @ 22:23:15.352",lookup_requested,"DNS query is completed for the name z4aarde49.life, type 28, query options 2392538375938048 with status 1460 Results  ",ccc029998b00cd29335e0729d852becea2ebe6a9ce2547f963f71da97d07439f.exe,-,-,-,-,-,-,-,z4aarde49.life,188.166.15.250,False,-3,Netherlands,Amsterdam,52.35630,4.95714,"DigitalOcean, LLC",-,-
"Aug 28, 2024 @ 22:23:03.304",lookup_requested,"DNS query is completed for the name pltfrvss1.life, type 28, query options 2392538375938048 with status 1460 Results  ",ccc029998b00cd29335e0729d852becea2ebe6a9ce2547f963f71da97d07439f.exe,-,-,-,-,-,-,-,pltfrvss1.life,188.166.15.250,False,-3,Netherlands,Amsterdam,52.35630,4.95714,"DigitalOcean, LLC",-,-
"Aug 28, 2024 @ 22:23:02.348",modification,Endpoint registry event,SIHClient.exe,-,-,-,-,-,HKLM\SOFTWARE\Microsoft\SIH\dns\Data,Data,-,-,-,-,-,-,-,-,-,-,-
"Aug 28, 2024 @ 22:23:02.348",modification,Endpoint registry event,SIHClient.exe,-,-,-,-,-,HKLM\SOFTWARE\Microsoft\SIH\SLS\{522D76A4-93E1-47F8-B8CE-07C937AD1A1E}\/SLS/{522D76A4-93E1-47F8-B8CE-07C937AD1A1E}/x64/10.0.19045.4170/0?CH=232&L=en-US&P=&PT=0x65&WUA=10.0.19041.3996&MK=Micro-Star+International+Co.%2C+Ltd.&MD=MS-7B79\ETag,ETag,-,-,-,-,-,-,-,-,-,-,-
"Aug 28, 2024 @ 22:23:02.347",modification,Endpoint registry event,SIHClient.exe,-,-,-,-,-,HKLM\SOFTWARE\Microsoft\SIH\SLS\{522D76A4-93E1-47F8-B8CE-07C937AD1A1E}\/SLS/{522D76A4-93E1-47F8-B8CE-07C937AD1A1E}/x64/10.0.19045.4170/0?CH=232&L=en-US&P=&PT=0x65&WUA=10.0.19041.3996&MK=Micro-Star+International+Co.%2C+Ltd.&MD=MS-7B79\Expires,Expires,-,-,-,-,-,-,-,-,-,-,-
"Aug 28, 2024 @ 22:23:02.347",modification,Endpoint registry event,SIHClient.exe,-,-,-,-,-,HKLM\SOFTWARE\Microsoft\SIH\SLS\{522D76A4-93E1-47F8-B8CE-07C937AD1A1E}\/SLS/{522D76A4-93E1-47F8-B8CE-07C937AD1A1E}/x64/10.0.19045.4170/0?CH=232&L=en-US&P=&PT=0x65&WUA=10.0.19041.3996&MK=Micro-Star+International+Co.%2C+Ltd.&MD=MS-7B79\LastModified,LastModified,-,-,-,-,-,-,-,-,-,-,-
"Aug 28, 2024 @ 22:23:02.347",modification,Endpoint registry event,SIHClient.exe,-,-,-,-,-,HKLM\SOFTWARE\Microsoft\SIH\SLS\{522D76A4-93E1-47F8-B8CE-07C937AD1A1E}\/SLS/{522D76A4-93E1-47F8-B8CE-07C937AD1A1E}/x64/10.0.19045.4170/0?CH=232&L=en-US&P=&PT=0x65&WUA=10.0.19041.3996&MK=Micro-Star+International+Co.%2C+Ltd.&MD=MS-7B79\PotentialFailover,PotentialFailover,-,-,-,-,-,-,-,-,-,-,-
"Aug 28, 2024 @ 22:23:02.347",modification,Endpoint registry event,SIHClient.exe,-,-,-,-,-,HKLM\SOFTWARE\Microsoft\SIH\SLS\{522D76A4-93E1-47F8-B8CE-07C937AD1A1E}\/SLS/{522D76A4-93E1-47F8-B8CE-07C937AD1A1E}/x64/10.0.19045.4170/0?CH=232&L=en-US&P=&PT=0x65&WUA=10.0.19041.3996&MK=Micro-Star+International+Co.%2C+Ltd.&MD=MS-7B79\Data,Data,-,-,-,-,-,-,-,-,-,-,-
"Aug 28, 2024 @ 22:22:53.256",lookup_requested,"DNS query is completed for the name pwfkwiup6.life, type 28, query options 2392538375938048 with status 10054 Results  ",ccc029998b00cd29335e0729d852becea2ebe6a9ce2547f963f71da97d07439f.exe,-,-,-,-,-,-,-,pwfkwiup6.life,188.166.15.250,False,-3,Netherlands,Amsterdam,52.35630,4.95714,"DigitalOcean, LLC",-,-
"Aug 28, 2024 @ 22:22:43.172",lookup_requested,"DNS query is completed for the name dl23dcg0p.life, type 28, query options 2392538375938048 with status 10054 Results  ",ccc029998b00cd29335e0729d852becea2ebe6a9ce2547f963f71da97d07439f.exe,-,-,-,-,-,-,-,dl23dcg0p.life,188.166.15.250,False,-3,Netherlands,Amsterdam,52.35630,4.95714,"DigitalOcean, LLC",-,-
"Aug 28, 2024 @ 22:22:34.105",lookup_requested,"DNS query is completed for the name nii34kqrw.life, type 28, query options 2392538375938048 with status 1460 Results  ",ccc029998b00cd29335e0729d852becea2ebe6a9ce2547f963f71da97d07439f.exe,-,-,-,-,-,-,-,nii34kqrw.life,188.166.15.250,False,-3,Netherlands,Amsterdam,52.35630,4.95714,"DigitalOcean, LLC",-,-
"Aug 28, 2024 @ 22:22:22.060",lookup_requested,"DNS query is completed for the name 7clm8w86o.life, type 28, query options 2392538375938048 with status 10054 Results  ",ccc029998b00cd29335e0729d852becea2ebe6a9ce2547f963f71da97d07439f.exe,-,-,-,-,-,-,-,7clm8w86o.life,188.166.15.250,False,-3,Netherlands,Amsterdam,52.35630,4.95714,"DigitalOcean, LLC",-,-
"Aug 28, 2024 @ 22:22:14.956",lookup_requested,"DNS query is completed for the name z8g4klplp.life, type 28, query options 2392538375938048 with status 1460 Results  ",ccc029998b00cd29335e0729d852becea2ebe6a9ce2547f963f71da97d07439f.exe,-,-,-,-,-,-,-,z8g4klplp.life,188.166.15.250,False,-3,Netherlands,Amsterdam,52.35630,4.95714,"DigitalOcean, LLC",-,-
"Aug 28, 2024 @ 22:22:06.735",load,Endpoint DLL load event,SIHClient.exe,-,-,-,wtsapi32.dll,-,-,-,-,-,-,-,-,-,-,-,-,-,-
"Aug 28, 2024 @ 22:22:06.659",load,Endpoint DLL load event,SIHClient.exe,-,-,-,fastprox.dll,-,-,-,-,-,-,-,-,-,-,-,-,-,-
"Aug 28, 2024 @ 22:22:06.656",load,Endpoint DLL load event,SIHClient.exe,-,-,-,wbemsvc.dll,-,-,-,-,-,-,-,-,-,-,-,-,-,-
"Aug 28, 2024 @ 22:22:06.649",load,Endpoint DLL load event,SIHClient.exe,-,-,-,wbemcomn.dll,-,-,-,-,-,-,-,-,-,-,-,-,-,-
"Aug 28, 2024 @ 22:22:06.648",load,Endpoint DLL load event,SIHClient.exe,-,-,-,wbemprox.dll,-,-,-,-,-,-,-,-,-,-,-,-,-,-
"Aug 28, 2024 @ 22:22:06.510",end,Endpoint process event,upfc.exe,services.exe,"C:\Windows\System32\Upfc.exe, /launchtype, periodic, /cv, BndeUsdJ0U6KervJZNtmUg.0",-,-,-,-,-,-,-,-,-,-,-,-,-,-,-,-
"Aug 28, 2024 @ 22:22:06.509",modification,Endpoint registry event,upfc.exe,-,-,-,-,-,HKLM\SYSTEM\WaaS\Upfc\LastSihPeriodicLaunchAttempt,LastSihPeriodicLaunchAttempt,-,-,-,-,-,-,-,-,-,-,-
"Aug 28, 2024 @ 22:22:06.506",start,Endpoint process event,SIHClient.exe,upfc.exe,"C:\Windows\System32\sihclient.exe, /cv, BndeUsdJ0U6KervJZNtmUg.0.1",-,-,-,-,-,-,-,-,-,-,-,-,-,-,-,-
"Aug 28, 2024 @ 22:22:04.888",lookup_requested,"DNS query is completed for the name 1wrap3lnr.life, type 28, query options 2392538375938048 with status 10054 Results  ",ccc029998b00cd29335e0729d852becea2ebe6a9ce2547f963f71da97d07439f.exe,-,-,-,-,-,-,-,1wrap3lnr.life,188.166.15.250,False,-3,Netherlands,Amsterdam,52.35630,4.95714,"DigitalOcean, LLC",-,-
"Aug 28, 2024 @ 22:21:57.813",lookup_requested,"DNS query is completed for the name qqpjqdylr.life, type 28, query options 2392538375938048 with status 10054 Results  ",ccc029998b00cd29335e0729d852becea2ebe6a9ce2547f963f71da97d07439f.exe,-,-,-,-,-,-,-,qqpjqdylr.life,188.166.15.250,False,-3,Netherlands,Amsterdam,52.35630,4.95714,"DigitalOcean, LLC",-,-
"Aug 28, 2024 @ 22:21:49.715",lookup_requested,"DNS query is completed for the name ajl0toabj.life, type 28, query options 2392538375938048 with status 10054 Results  ",ccc029998b00cd29335e0729d852becea2ebe6a9ce2547f963f71da97d07439f.exe,-,-,-,-,-,-,-,ajl0toabj.life,188.166.15.250,False,-3,Netherlands,Amsterdam,52.35630,4.95714,"DigitalOcean, LLC",-,-
"Aug 28, 2024 @ 22:21:43.619",lookup_requested,"DNS query is completed for the name yk37wagdg.life, type 28, query options 2392538375938048 with status 10054 Results  ",ccc029998b00cd29335e0729d852becea2ebe6a9ce2547f963f71da97d07439f.exe,-,-,-,-,-,-,-,yk37wagdg.life,188.166.15.250,False,-3,Netherlands,Amsterdam,52.35630,4.95714,"DigitalOcean, LLC",-,-
"Aug 28, 2024 @ 22:21:33.556",lookup_requested,"DNS query is completed for the name z1hf83vee.life, type 28, query options 2392538375938048 with status 1460 Results  ",ccc029998b00cd29335e0729d852becea2ebe6a9ce2547f963f71da97d07439f.exe,-,-,-,-,-,-,-,z1hf83vee.life,162.249.67.46,False,-5,United States,Pleasanton,37.69532,-121.90049,The Shadowserver Foundation,-,-
"Aug 28, 2024 @ 22:21:20.479",lookup_requested,"DNS query is completed for the name upxamcuma.life, type 28, query options 2392538375938048 with status 1460 Results  ",ccc029998b00cd29335e0729d852becea2ebe6a9ce2547f963f71da97d07439f.exe,-,-,-,-,-,-,-,upxamcuma.life,173.255.204.62,False,-5,United States,Richardson,32.94833,-96.72985,Linode,-,-
"Aug 28, 2024 @ 22:21:08.430",lookup_requested,"DNS query is completed for the name cmau5xobd.life, type 28, query options 2392538375938048 with status 1460 Results  ",ccc029998b00cd29335e0729d852becea2ebe6a9ce2547f963f71da97d07439f.exe,-,-,-,-,-,-,-,cmau5xobd.life,188.40.187.151,False,-7,Germany,Falkenstein,50.48365,12.35224,Hetzner Online GmbH,-,-
"Aug 28, 2024 @ 22:20:59.362",lookup_requested,"DNS query is completed for the name xky2lv24m.life, type 28, query options 2392538375938048 with status 1460 Results  ",ccc029998b00cd29335e0729d852becea2ebe6a9ce2547f963f71da97d07439f.exe,-,-,-,-,-,-,-,xky2lv24m.life,188.40.187.154,False,-5,Germany,Falkenstein,50.48365,12.35224,Hetzner Online GmbH,-,-
"Aug 28, 2024 @ 22:20:47.323",lookup_requested,"DNS query is completed for the name 2a6m2wkiq.life, type 28, query options 2392538375938048 with status 10054 Results  ",ccc029998b00cd29335e0729d852becea2ebe6a9ce2547f963f71da97d07439f.exe,-,-,-,-,-,-,-,2a6m2wkiq.life,188.40.187.150,False,-7,Germany,Falkenstein,50.48365,12.35224,Hetzner Online GmbH,-,-
"Aug 28, 2024 @ 22:20:38.251",lookup_requested,"DNS query is completed for the name 11qet4bgg.life, type 28, query options 2392538375938048 with status 1460 Results  ",ccc029998b00cd29335e0729d852becea2ebe6a9ce2547f963f71da97d07439f.exe,-,-,-,-,-,-,-,11qet4bgg.life,188.40.187.149,False,-5,Germany,Falkenstein,50.48365,12.35224,Hetzner Online GmbH,-,-
"Aug 28, 2024 @ 22:20:24.196",lookup_requested,"DNS query is completed for the name d00d7ks32.life, type 28, query options 2392538375938048 with status 10054 Results  ",ccc029998b00cd29335e0729d852becea2ebe6a9ce2547f963f71da97d07439f.exe,-,-,-,-,-,-,-,d00d7ks32.life,188.40.187.152,False,-7,Germany,Falkenstein,50.48365,12.35224,Hetzner Online GmbH,-,-
"Aug 28, 2024 @ 22:20:20.023",load,Endpoint DLL load event,ccc029998b00cd29335e0729d852becea2ebe6a9ce2547f963f71da97d07439f.exe,-,-,-,fastprox.dll,-,-,-,-,-,-,-,-,-,-,-,-,-,-
"Aug 28, 2024 @ 22:20:20.020",load,Endpoint DLL load event,ccc029998b00cd29335e0729d852becea2ebe6a9ce2547f963f71da97d07439f.exe,-,-,-,wbemsvc.dll,-,-,-,-,-,-,-,-,-,-,-,-,-,-
"Aug 28, 2024 @ 22:20:20.016",load,Endpoint DLL load event,ccc029998b00cd29335e0729d852becea2ebe6a9ce2547f963f71da97d07439f.exe,-,-,-,wbemcomn.dll,-,-,-,-,-,-,-,-,-,-,-,-,-,-
"Aug 28, 2024 @ 22:20:20.015",load,Endpoint DLL load event,ccc029998b00cd29335e0729d852becea2ebe6a9ce2547f963f71da97d07439f.exe,-,-,-,wbemprox.dll,-,-,-,-,-,-,-,-,-,-,-,-,-,-
"Aug 28, 2024 @ 22:20:19.986",load,Endpoint DLL load event,ccc029998b00cd29335e0729d852becea2ebe6a9ce2547f963f71da97d07439f.exe,-,-,-,wtsapi32.dll,-,-,-,-,-,-,-,-,-,-,-,-,-,-
"Aug 28, 2024 @ 22:20:17.371",load,Endpoint DLL load event,ccc029998b00cd29335e0729d852becea2ebe6a9ce2547f963f71da97d07439f.exe,-,-,-,ccc029998b00cd29335e0729d852becea2ebe6a9ce2547f963f71da97d07439f.exe,-,-,-,-,-,-,-,-,-,-,-,-,-,-
"Aug 28, 2024 @ 22:20:10.127",start,Endpoint process event,ccc029998b00cd29335e0729d852becea2ebe6a9ce2547f963f71da97d07439f.exe,explorer.exe,C:\Users\John\ccc029998b00cd29335e0729d852becea2ebe6a9ce2547f963f71da97d07439f.exe,-,-,-,-,-,-,-,-,-,-,-,-,-,-,-,-
"Aug 28, 2024 @ 22:20:10.125",execution,Malware Detection Alert,ccc029998b00cd29335e0729d852becea2ebe6a9ce2547f963f71da97d07439f.exe,explorer.exe,C:\Users\John\ccc029998b00cd29335e0729d852becea2ebe6a9ce2547f963f71da97d07439f.exe,-,-,ccc029998b00cd29335e0729d852becea2ebe6a9ce2547f963f71da97d07439f.exe,-,-,-,-,-,-,-,-,-,-,-,-,-
"Sep 29, 2024 @ 13:52:13.936",creation,Endpoint file event,913c27a9d6e08e37f8fee60c6d5f424d8e220c930071baea68390aaa028ebc72.exe,-,-,-,-,Suggests,-,-,-,-,-,-,-,-,-,-,-,"Collection, Command and Control, Defense Evasion","Archive via Utility, Local Data Staging, Standard Encoding"
"Sep 29, 2024 @ 13:48:08.483",load,Endpoint DLL load event,RegAsm.exe,-,-,System.Xml.dll,System.Xml.ni.dll,-,-,-,-,-,-,-,-,-,-,-,-,-,-
"Sep 29, 2024 @ 13:48:08.339",load,Endpoint DLL load event,RegAsm.exe,-,-,System.Configuration.dll,System.Configuration.ni.dll,-,-,-,-,-,-,-,-,-,-,-,-,-,-
"Sep 29, 2024 @ 13:48:08.283",load,Endpoint DLL load event,RegAsm.exe,-,-,System.Core.dll,System.Core.ni.dll,-,-,-,-,-,-,-,-,-,-,-,-,-,-
"Sep 29, 2024 @ 13:48:08.109",creation,Endpoint file event,RegAsm.exe,-,-,-,-,dcrat.conf,-,-,-,-,-,-,-,-,-,-,-,-,-
"Sep 29, 2024 @ 13:48:07.984",load,Endpoint DLL load event,RegAsm.exe,-,-,System.dll,System.ni.dll,-,-,-,-,-,-,-,-,-,-,-,-,-,-
"Sep 29, 2024 @ 13:48:07.173",load,Endpoint DLL load event,RegAsm.exe,-,-,clr.dll,clr.dll,-,-,-,-,-,-,-,-,-,-,-,-,-,-
"Sep 29, 2024 @ 13:48:07.105",end,Endpoint process event,Pen.pif,cmd.exe,"Pen.pif, G",-,-,-,-,-,-,-,-,-,-,-,-,-,-,-,-
"Sep 29, 2024 @ 13:48:01.319",start,Endpoint process event,RegAsm.exe,Pen.pif,C:\Users\John\AppData\Local\Temp\128101\RegAsm.exe,-,-,-,-,-,-,-,-,-,-,-,-,-,-,-,-
"Sep 29, 2024 @ 13:48:01.241",creation,Endpoint file event,Pen.pif,-,-,-,-,RegAsm.exe,-,-,-,-,-,-,-,-,-,-,-,-,-
"Sep 29, 2024 @ 13:47:52.838",start,Endpoint process event,Pen.pif,cmd.exe,"Pen.pif, G",-,-,-,-,-,-,-,-,-,-,-,-,-,-,Defense Evasion,Rename System Utilities
"Sep 29, 2024 @ 13:47:23.229",lookup_requested,"DNS query is completed for the name ludRwdFpPNExcSjOGep.ludRwdFpPNExcSjOGep, type 1, query options 2251801155993600 with status 10054 Results  ",Pen.pif,-,-,-,-,-,-,-,ludRwdFpPNExcSjOGep.ludRwdFpPNExcSjOGep,-,-,-,-,-,-,-,-,-,-
"Sep 29, 2024 @ 13:47:19.816",end,Endpoint process event,cmd.exe,913c27a9d6e08e37f8fee60c6d5f424d8e220c930071baea68390aaa028ebc72.exe,"C:\Windows\System32\cmd.exe, /c, move, Dressed, Dressed.bat, &, Dressed.bat",-,-,-,-,-,-,-,-,-,-,-,-,-,-,-,-
"Sep 29, 2024 @ 13:47:19.797",end,Endpoint process event,choice.exe,cmd.exe,"choice, /d, y, /t, 5",-,-,-,-,-,-,-,-,-,-,-,-,-,-,-,-
"Sep 29, 2024 @ 13:47:18.956",end,Endpoint process event,913c27a9d6e08e37f8fee60c6d5f424d8e220c930071baea68390aaa028ebc72.exe,explorer.exe,C:\Users\John\913c27a9d6e08e37f8fee60c6d5f424d8e220c930071baea68390aaa028ebc72.exe,-,-,-,-,-,-,-,-,-,-,-,-,-,-,-,-
"Sep 29, 2024 @ 13:47:15.115",deletion,Endpoint file event,Pen.pif,-,-,-,-,G,-,-,-,-,-,-,-,-,-,-,-,-,-
"Sep 29, 2024 @ 13:47:15.002",load,Endpoint DLL load event,Pen.pif,-,-,-,ntdll.dll,-,-,-,-,-,-,-,-,-,-,-,-,-,-
"Sep 29, 2024 @ 13:47:14.555",start,Endpoint process event,choice.exe,cmd.exe,"choice, /d, y, /t, 5",-,-,-,-,-,-,-,-,-,-,-,-,-,-,-,-
"Sep 29, 2024 @ 13:47:14.497",load,Endpoint DLL load event,Pen.pif,-,-,AutoIt3.exe,Pen.pif,-,-,-,-,-,-,-,-,-,-,-,-,-,-
"Sep 29, 2024 @ 13:47:14.454",start,Endpoint process event,Pen.pif,cmd.exe,"Pen.pif, G",-,-,-,-,-,-,-,-,-,-,-,-,-,-,-,-
"Sep 29, 2024 @ 13:47:14.392",end,Endpoint process event,cmd.exe,cmd.exe,"cmd, /c, copy, /b, ..\Elderly, +, ..\Suggests, +, ..\Wait, +, ..\Cock, +, ..\Revolution, +, ..\Pending, +, ..\Copyright, +, ..\Comic, +, ..\Searching, +, ..\Carries, +, ..\Architectural, +, ..\Ethical, +, ..\Usb, +, ..\Known, +, ..\Experiences, +, ..\Quebec, +, ..\Writes, +, ..\Galleries, +, ..\Potato, +, ..\Handheld, +, ..\Properly, +, ..\Malta, +, ..\Autos, +, ..\Proteins, +, ..\Opt, +, ..\Bonds, +, ..\Adware, +, ..\Compilation, G",-,-,-,-,-,-,-,-,-,-,-,-,-,-,-,-
"Sep 29, 2024 @ 13:47:14.390",creation,Endpoint file event,cmd.exe,-,-,-,-,G,-,-,-,-,-,-,-,-,-,-,-,-,-
"Sep 29, 2024 @ 13:47:14.349",start,Endpoint process event,cmd.exe,cmd.exe,"cmd, /c, copy, /b, ..\Elderly, +, ..\Suggests, +, ..\Wait, +, ..\Cock, +, ..\Revolution, +, ..\Pending, +, ..\Copyright, +, ..\Comic, +, ..\Searching, +, ..\Carries, +, ..\Architectural, +, ..\Ethical, +, ..\Usb, +, ..\Known, +, ..\Experiences, +, ..\Quebec, +, ..\Writes, +, ..\Galleries, +, ..\Potato, +, ..\Handheld, +, ..\Properly, +, ..\Malta, +, ..\Autos, +, ..\Proteins, +, ..\Opt, +, ..\Bonds, +, ..\Adware, +, ..\Compilation, G",-,-,-,-,-,-,-,-,-,-,-,-,-,-,-,-
"Sep 29, 2024 @ 13:47:14.296",modification,Endpoint file event,cmd.exe,-,-,-,-,Pen.pif,-,-,-,-,-,-,-,-,-,-,-,-,-
"Sep 29, 2024 @ 13:47:14.269",creation,Endpoint file event,cmd.exe,-,-,-,-,Pen.pif,-,-,-,-,-,-,-,-,-,-,-,-,-
"Sep 29, 2024 @ 13:47:14.268",end,Endpoint process event,findstr.exe,cmd.exe,"findstr, /V, MailingWesternAxisTravelers, Eclipse",-,-,-,-,-,-,-,-,-,-,-,-,-,-,-,-
"Sep 29, 2024 @ 13:47:14.252",start,Endpoint process event,findstr.exe,cmd.exe,"findstr, /V, MailingWesternAxisTravelers, Eclipse",-,-,-,-,-,-,-,-,-,-,-,-,-,-,-,-
"Sep 29, 2024 @ 13:47:14.238",end,Endpoint process event,cmd.exe,cmd.exe,"cmd, /c, md, 128101",-,-,-,-,-,-,-,-,-,-,-,-,-,-,-,-
"Sep 29, 2024 @ 13:47:14.222",start,Endpoint process event,cmd.exe,cmd.exe,"cmd, /c, md, 128101",-,-,-,-,-,-,-,-,-,-,-,-,-,-,-,-
"Sep 29, 2024 @ 13:47:14.196",end,Endpoint process event,findstr.exe,cmd.exe,"findstr, /I, avastui avgui bdservicehost nswscsvc sophoshealth",-,-,-,-,-,-,-,-,-,-,-,-,-,-,-,-
"Sep 29, 2024 @ 13:47:14.194",end,Endpoint process event,tasklist.exe,cmd.exe,tasklist,-,-,-,-,-,-,-,-,-,-,-,-,-,-,-,-
"Sep 29, 2024 @ 13:47:14.009",load,Endpoint DLL load event,tasklist.exe,-,-,wmiutils.dll,wmiutils.dll,-,-,-,-,-,-,-,-,-,-,-,-,-,-
"Sep 29, 2024 @ 13:47:13.985",load,Endpoint DLL load event,tasklist.exe,-,-,fastprox.dll,fastprox.dll,-,-,-,-,-,-,-,-,-,-,-,-,-,-
"Sep 29, 2024 @ 13:47:13.983",load,Endpoint DLL load event,tasklist.exe,-,-,wbemsvc.dll,wbemsvc.dll,-,-,-,-,-,-,-,-,-,-,-,-,-,-
"Sep 29, 2024 @ 13:47:13.977",load,Endpoint DLL load event,tasklist.exe,-,-,-,wbemcomn.dll,-,-,-,-,-,-,-,-,-,-,-,-,-,-
"Sep 29, 2024 @ 13:47:13.976",load,Endpoint DLL load event,tasklist.exe,-,-,wbemprox.dll,wbemprox.dll,-,-,-,-,-,-,-,-,-,-,-,-,-,-
"Sep 29, 2024 @ 13:47:13.955",start,Endpoint process event,findstr.exe,cmd.exe,"findstr, /I, avastui avgui bdservicehost nswscsvc sophoshealth",-,-,-,-,-,-,-,-,-,-,-,-,-,-,-,-
"Sep 29, 2024 @ 13:47:13.949",start,Endpoint process event,tasklist.exe,cmd.exe,tasklist,-,-,-,-,-,-,-,-,-,-,-,-,-,-,-,-
"Sep 29, 2024 @ 13:47:13.919",end,Endpoint process event,findstr.exe,cmd.exe,"findstr, /I, wrsa opssvc",-,-,-,-,-,-,-,-,-,-,-,-,-,-,-,-
"Sep 29, 2024 @ 13:47:12.957",start,Endpoint process event,findstr.exe,cmd.exe,"findstr, /I, wrsa opssvc",-,-,-,-,-,-,-,-,-,-,-,-,-,-,-,-
"Sep 29, 2024 @ 13:47:11.863",rename,Endpoint file event,cmd.exe,-,-,-,-,Dressed.bat,-,-,-,-,-,-,-,-,-,-,-,-,-
"Sep 29, 2024 @ 13:47:11.610",start,Endpoint process event,cmd.exe,913c27a9d6e08e37f8fee60c6d5f424d8e220c930071baea68390aaa028ebc72.exe,"C:\Windows\System32\cmd.exe, /c, move, Dressed, Dressed.bat, &, Dressed.bat",-,-,-,-,-,-,-,-,-,-,-,-,-,-,-,-
"Sep 29, 2024 @ 13:47:11.149",modification,Endpoint registry event,913c27a9d6e08e37f8fee60c6d5f424d8e220c930071baea68390aaa028ebc72.exe,-,-,-,-,-,HKEY_USERS\S-1-5-21-2438712759-301890551-4283054500-1001\SOFTWARE\Microsoft\Windows\CurrentVersion\Internet Settings\ZoneMap\AutoDetect,AutoDetect,-,-,-,-,-,-,-,-,-,-,-
"Sep 29, 2024 @ 13:47:11.148",modification,Endpoint registry event,913c27a9d6e08e37f8fee60c6d5f424d8e220c930071baea68390aaa028ebc72.exe,-,-,-,-,-,HKEY_USERS\S-1-5-21-2438712759-301890551-4283054500-1001\SOFTWARE\Microsoft\Windows\CurrentVersion\Internet Settings\ZoneMap\ProxyBypass,ProxyBypass,-,-,-,-,-,-,-,-,-,-,-
"Sep 29, 2024 @ 13:47:11.148",modification,Endpoint registry event,913c27a9d6e08e37f8fee60c6d5f424d8e220c930071baea68390aaa028ebc72.exe,-,-,-,-,-,HKEY_USERS\S-1-5-21-2438712759-301890551-4283054500-1001\SOFTWARE\Microsoft\Windows\CurrentVersion\Internet Settings\ZoneMap\IntranetName,IntranetName,-,-,-,-,-,-,-,-,-,-,-
"Sep 29, 2024 @ 13:47:11.148",modification,Endpoint registry event,913c27a9d6e08e37f8fee60c6d5f424d8e220c930071baea68390aaa028ebc72.exe,-,-,-,-,-,HKEY_USERS\S-1-5-21-2438712759-301890551-4283054500-1001\SOFTWARE\Microsoft\Windows\CurrentVersion\Internet Settings\ZoneMap\UNCAsIntranet,UNCAsIntranet,-,-,-,-,-,-,-,-,-,-,-
"Sep 29, 2024 @ 13:47:10.805",creation,Endpoint file event,913c27a9d6e08e37f8fee60c6d5f424d8e220c930071baea68390aaa028ebc72.exe,-,-,-,-,Galleries,-,-,-,-,-,-,-,-,-,-,-,-,-
"Sep 29, 2024 @ 13:47:10.796",creation,Endpoint file event,913c27a9d6e08e37f8fee60c6d5f424d8e220c930071baea68390aaa028ebc72.exe,-,-,-,-,Ethical,-,-,-,-,-,-,-,-,-,-,-,-,-
"Sep 29, 2024 @ 13:47:10.789",creation,Endpoint file event,913c27a9d6e08e37f8fee60c6d5f424d8e220c930071baea68390aaa028ebc72.exe,-,-,-,-,Comic,-,-,-,-,-,-,-,-,-,-,-,-,-
"Sep 29, 2024 @ 13:47:10.780",creation,Endpoint file event,913c27a9d6e08e37f8fee60c6d5f424d8e220c930071baea68390aaa028ebc72.exe,-,-,-,-,Potato,-,-,-,-,-,-,-,-,-,-,-,-,-
"Sep 29, 2024 @ 13:47:10.773",creation,Endpoint file event,913c27a9d6e08e37f8fee60c6d5f424d8e220c930071baea68390aaa028ebc72.exe,-,-,-,-,Properly,-,-,-,-,-,-,-,-,-,-,-,-,-
"Sep 29, 2024 @ 13:47:10.753",creation,Endpoint file event,913c27a9d6e08e37f8fee60c6d5f424d8e220c930071baea68390aaa028ebc72.exe,-,-,-,-,Quebec,-,-,-,-,-,-,-,-,-,-,-,-,-
"Sep 29, 2024 @ 13:47:10.746",creation,Endpoint file event,913c27a9d6e08e37f8fee60c6d5f424d8e220c930071baea68390aaa028ebc72.exe,-,-,-,-,Known,-,-,-,-,-,-,-,-,-,-,-,-,-
"Sep 29, 2024 @ 13:47:10.739",creation,Endpoint file event,913c27a9d6e08e37f8fee60c6d5f424d8e220c930071baea68390aaa028ebc72.exe,-,-,-,-,Wait,-,-,-,-,-,-,-,-,-,-,-,-,-
"Sep 29, 2024 @ 13:47:10.731",creation,Endpoint file event,913c27a9d6e08e37f8fee60c6d5f424d8e220c930071baea68390aaa028ebc72.exe,-,-,-,-,Autos,-,-,-,-,-,-,-,-,-,-,-,-,-
"Sep 29, 2024 @ 13:47:10.724",creation,Endpoint file event,913c27a9d6e08e37f8fee60c6d5f424d8e220c930071baea68390aaa028ebc72.exe,-,-,-,-,Dressed,-,-,-,-,-,-,-,-,-,-,-,-,-
"Sep 29, 2024 @ 13:47:10.720",creation,Endpoint file event,913c27a9d6e08e37f8fee60c6d5f424d8e220c930071baea68390aaa028ebc72.exe,-,-,-,-,Expedia,-,-,-,-,-,-,-,-,-,-,-,-,-
"Sep 29, 2024 @ 13:47:10.654",creation,Endpoint file event,913c27a9d6e08e37f8fee60c6d5f424d8e220c930071baea68390aaa028ebc72.exe,-,-,-,-,Proteins,-,-,-,-,-,-,-,-,-,-,-,-,-
"Sep 29, 2024 @ 13:47:10.649",creation,Endpoint file event,913c27a9d6e08e37f8fee60c6d5f424d8e220c930071baea68390aaa028ebc72.exe,-,-,-,-,Opt,-,-,-,-,-,-,-,-,-,-,-,-,-
"Sep 29, 2024 @ 13:47:10.639",creation,Endpoint file event,913c27a9d6e08e37f8fee60c6d5f424d8e220c930071baea68390aaa028ebc72.exe,-,-,-,-,Writes,-,-,-,-,-,-,-,-,-,-,-,-,-
"Sep 29, 2024 @ 13:47:10.632",creation,Endpoint file event,913c27a9d6e08e37f8fee60c6d5f424d8e220c930071baea68390aaa028ebc72.exe,-,-,-,-,Eclipse,-,-,-,-,-,-,-,-,-,-,-,-,-
"Sep 29, 2024 @ 13:47:10.630",creation,Endpoint file event,913c27a9d6e08e37f8fee60c6d5f424d8e220c930071baea68390aaa028ebc72.exe,-,-,-,-,Pending,-,-,-,-,-,-,-,-,-,-,-,-,-
"Sep 29, 2024 @ 13:47:10.622",creation,Endpoint file event,913c27a9d6e08e37f8fee60c6d5f424d8e220c930071baea68390aaa028ebc72.exe,-,-,-,-,Handheld,-,-,-,-,-,-,-,-,-,-,-,-,-
"Sep 29, 2024 @ 13:47:10.615",creation,Endpoint file event,913c27a9d6e08e37f8fee60c6d5f424d8e220c930071baea68390aaa028ebc72.exe,-,-,-,-,Suggests,-,-,-,-,-,-,-,-,-,-,-,-,-
"Sep 29, 2024 @ 13:47:10.605",creation,Endpoint file event,913c27a9d6e08e37f8fee60c6d5f424d8e220c930071baea68390aaa028ebc72.exe,-,-,-,-,Experiences,-,-,-,-,-,-,-,-,-,-,-,-,-
"Sep 29, 2024 @ 13:47:10.598",creation,Endpoint file event,913c27a9d6e08e37f8fee60c6d5f424d8e220c930071baea68390aaa028ebc72.exe,-,-,-,-,Architectural,-,-,-,-,-,-,-,-,-,-,-,-,-
"Sep 29, 2024 @ 13:47:10.591",creation,Endpoint file event,913c27a9d6e08e37f8fee60c6d5f424d8e220c930071baea68390aaa028ebc72.exe,-,-,-,-,Usb,-,-,-,-,-,-,-,-,-,-,-,-,-
"Sep 29, 2024 @ 13:47:10.580",creation,Endpoint file event,913c27a9d6e08e37f8fee60c6d5f424d8e220c930071baea68390aaa028ebc72.exe,-,-,-,-,Carries,-,-,-,-,-,-,-,-,-,-,-,-,-
"Sep 29, 2024 @ 13:47:10.572",creation,Endpoint file event,913c27a9d6e08e37f8fee60c6d5f424d8e220c930071baea68390aaa028ebc72.exe,-,-,-,-,Searching,-,-,-,-,-,-,-,-,-,-,-,-,-
"Sep 29, 2024 @ 13:47:10.564",creation,Endpoint file event,913c27a9d6e08e37f8fee60c6d5f424d8e220c930071baea68390aaa028ebc72.exe,-,-,-,-,RestaurantLarry,-,-,-,-,-,-,-,-,-,-,-,-,-
"Sep 29, 2024 @ 13:47:10.563",creation,Endpoint file event,913c27a9d6e08e37f8fee60c6d5f424d8e220c930071baea68390aaa028ebc72.exe,-,-,-,-,Revolution,-,-,-,-,-,-,-,-,-,-,-,-,-
"Sep 29, 2024 @ 13:47:10.557",creation,Endpoint file event,913c27a9d6e08e37f8fee60c6d5f424d8e220c930071baea68390aaa028ebc72.exe,-,-,-,-,Elderly,-,-,-,-,-,-,-,-,-,-,-,-,-
"Sep 29, 2024 @ 13:47:10.553",creation,Endpoint file event,913c27a9d6e08e37f8fee60c6d5f424d8e220c930071baea68390aaa028ebc72.exe,-,-,-,-,Bonds,-,-,-,-,-,-,-,-,-,-,-,-,-
"Sep 29, 2024 @ 13:47:10.547",creation,Endpoint file event,913c27a9d6e08e37f8fee60c6d5f424d8e220c930071baea68390aaa028ebc72.exe,-,-,-,-,Compilation,-,-,-,-,-,-,-,-,-,-,-,-,-
"Sep 29, 2024 @ 13:47:10.540",creation,Endpoint file event,913c27a9d6e08e37f8fee60c6d5f424d8e220c930071baea68390aaa028ebc72.exe,-,-,-,-,Adware,-,-,-,-,-,-,-,-,-,-,-,-,-
"Sep 29, 2024 @ 13:47:10.533",creation,Endpoint file event,913c27a9d6e08e37f8fee60c6d5f424d8e220c930071baea68390aaa028ebc72.exe,-,-,-,-,SaleTennis,-,-,-,-,-,-,-,-,-,-,-,-,-
"Sep 29, 2024 @ 13:47:10.532",creation,Endpoint file event,913c27a9d6e08e37f8fee60c6d5f424d8e220c930071baea68390aaa028ebc72.exe,-,-,-,-,Cock,-,-,-,-,-,-,-,-,-,-,-,-,-
"Sep 29, 2024 @ 13:47:10.524",creation,Endpoint file event,913c27a9d6e08e37f8fee60c6d5f424d8e220c930071baea68390aaa028ebc72.exe,-,-,-,-,Copyright,-,-,-,-,-,-,-,-,-,-,-,-,-
"Sep 29, 2024 @ 13:47:10.489",creation,Endpoint file event,913c27a9d6e08e37f8fee60c6d5f424d8e220c930071baea68390aaa028ebc72.exe,-,-,-,-,Malta,-,-,-,-,-,-,-,-,-,-,-,-,-
"Sep 29, 2024 @ 13:47:10.003",deletion,Endpoint file event,913c27a9d6e08e37f8fee60c6d5f424d8e220c930071baea68390aaa028ebc72.exe,-,-,-,-,nss9670.tmp,-,-,-,-,-,-,-,-,-,-,-,-,-
"Sep 29, 2024 @ 13:47:09.654",load,Endpoint DLL load event,913c27a9d6e08e37f8fee60c6d5f424d8e220c930071baea68390aaa028ebc72.exe,-,-,-,913c27a9d6e08e37f8fee60c6d5f424d8e220c930071baea68390aaa028ebc72.exe,-,-,-,-,-,-,-,-,-,-,-,-,-,-
"Sep 29, 2024 @ 13:47:09.599",start,Endpoint process event,913c27a9d6e08e37f8fee60c6d5f424d8e220c930071baea68390aaa028ebc72.exe,explorer.exe,C:\Users\John\913c27a9d6e08e37f8fee60c6d5f424d8e220c930071baea68390aaa028ebc72.exe,-,-,-,-,-,-,-,-,-,-,-,-,-,-,-,-
"Sep 12, 2024 @ 19:56:57.432",end,Endpoint process event,69735cd8499cfbf56dab45602c168d9ce3bec18f106935f17b311c0b17e5ec37.exe,explorer.exe,C:\Users\John\69735cd8499cfbf56dab45602c168d9ce3bec18f106935f17b311c0b17e5ec37.exe,-,-,-,-,-,-,-,-,-,-,-,-,-,-,-,-
"Sep 12, 2024 @ 19:51:33.647",modification,Endpoint file event,69735cd8499cfbf56dab45602c168d9ce3bec18f106935f17b311c0b17e5ec37.exe,-,-,-,-,lto1.exe,-,-,-,-,-,-,-,-,-,-,-,-,-
"Sep 12, 2024 @ 19:51:33.625",modification,Endpoint file event,69735cd8499cfbf56dab45602c168d9ce3bec18f106935f17b311c0b17e5ec37.exe,-,-,-,-,lto-wrapper.exe,-,-,-,-,-,-,-,-,-,-,-,-,-
"Sep 12, 2024 @ 19:51:29.446",modification,Endpoint file event,69735cd8499cfbf56dab45602c168d9ce3bec18f106935f17b311c0b17e5ec37.exe,-,-,-,-,fixincl.exe,-,-,-,-,-,-,-,-,-,-,-,-,-
"Sep 12, 2024 @ 19:51:15.740",modification,Endpoint file event,69735cd8499cfbf56dab45602c168d9ce3bec18f106935f17b311c0b17e5ec37.exe,-,-,-,-,collect2.exe,-,-,-,-,-,-,-,-,-,-,-,-,-
"Sep 12, 2024 @ 19:51:15.718",modification,Endpoint file event,69735cd8499cfbf56dab45602c168d9ce3bec18f106935f17b311c0b17e5ec37.exe,-,-,-,-,cc1.exe,-,-,-,-,-,-,-,-,-,-,-,-,-
"Sep 12, 2024 @ 19:51:00.510",lookup_requested,"DNS query is completed for the name lifecom24.co.cc, type 28, query options 2251800887582720 with status 10054 Results  ",69735cd8499cfbf56dab45602c168d9ce3bec18f106935f17b311c0b17e5ec37.exe,-,-,-,-,-,-,-,lifecom24.co.cc,-,-,-,-,-,-,-,-,-,-
"Sep 12, 2024 @ 19:50:55.375",lookup_requested,"DNS query is completed for the name www.legalbilgisayar.com, type 28, query options 2251800887582720 with status 10054 Results  ",69735cd8499cfbf56dab45602c168d9ce3bec18f106935f17b311c0b17e5ec37.exe,-,-,-,-,-,-,-,www.legalbilgisayar.com,5.2.84.61,-,-,Turkey,Izmir,38.42137,27.18588,Alastyr Telekomunikasyon A.S.,-,-
"Sep 12, 2024 @ 19:50:52.086",lookup_requested,"DNS query is completed for the name www.liderancaspoliticas.com.br, type 28, query options 2251800887582720 with status 1460 Results  ",69735cd8499cfbf56dab45602c168d9ce3bec18f106935f17b311c0b17e5ec37.exe,-,-,-,-,-,-,-,www.liderancaspoliticas.com.br,-,-,-,-,-,-,-,-,-,-
"Sep 12, 2024 @ 19:50:44.974",lookup_requested,"DNS query is completed for the name kuplu.bel.tr, type 28, query options 2251800887582720 with status 10054 Results  ",69735cd8499cfbf56dab45602c168d9ce3bec18f106935f17b311c0b17e5ec37.exe,-,-,-,-,-,-,-,kuplu.bel.tr,94.199.202.157,False,0,Turkey,Kocaeli,41.06752,30.14736,Aerotek LTD Network 1,-,-
"Sep 12, 2024 @ 19:50:42.823",lookup_requested,"DNS query is completed for the name koonadance2.com, type 28, query options 2251800887582720 with status 10054 Results  ",69735cd8499cfbf56dab45602c168d9ce3bec18f106935f17b311c0b17e5ec37.exe,-,-,-,-,-,-,-,koonadance2.com,44.221.84.105,False,5.5,United States,North,37.45243,-76.41686,Amazon Data Services NoVa,-,-
"Sep 12, 2024 @ 19:50:37.747",lookup_requested,"DNS query is completed for the name lazarea.ro, type 28, query options 2251800887582720 with status 1460 Results  ",69735cd8499cfbf56dab45602c168d9ce3bec18f106935f17b311c0b17e5ec37.exe,-,-,-,-,-,-,-,lazarea.ro,89.42.218.92,False,15,Romania,Sfantu Gheorghe,45.86298,25.79705,ROMARG SRL,-,-
"Sep 12, 2024 @ 19:50:31.647",lookup_requested,"DNS query is completed for the name www.ecole-saint-simon.net, type 28, query options 2251800887582720 with status 1460 Results  ",69735cd8499cfbf56dab45602c168d9ce3bec18f106935f17b311c0b17e5ec37.exe,-,-,-,-,-,-,-,www.ecole-saint-simon.net,44.221.84.105,-,-,United States,North,37.45243,-76.41686,Amazon Data Services NoVa,-,-
"Sep 12, 2024 @ 19:50:25.479",lookup_requested,"DNS query is completed for the name toalladepapel.com.ar, type 28, query options 2251800887582720 with status 10054 Results  ",69735cd8499cfbf56dab45602c168d9ce3bec18f106935f17b311c0b17e5ec37.exe,-,-,-,-,-,-,-,toalladepapel.com.ar,-,-,-,-,-,-,-,-,-,-
"Sep 12, 2024 @ 19:50:20.335",lookup_requested,"DNS query is completed for the name kulppasur.com, type 28, query options 2251800887582720 with status 10054 Results  ",69735cd8499cfbf56dab45602c168d9ce3bec18f106935f17b311c0b17e5ec37.exe,-,-,-,-,-,-,-,kulppasur.com,103.224.212.212,False,-7,United States,Denver,39.75044,-105.00349,Trellian Pty. Limited,-,-
"Sep 12, 2024 @ 19:50:16.147",lookup_requested,"DNS query is completed for the name www.lafyeri.com, type 28, query options 2251800887582720 with status 1460 Results  ",69735cd8499cfbf56dab45602c168d9ce3bec18f106935f17b311c0b17e5ec37.exe,-,-,-,-,-,-,-,www.lafyeri.com,199.59.243.227,-,-,United States,Tampa,27.94470,-82.52454,"Bodis, LLC",-,-
"Sep 12, 2024 @ 19:50:09.008",lookup_requested,"DNS query is completed for the name ksandrafashion.com, type 28, query options 2251800887582720 with status 10054 Results  ",69735cd8499cfbf56dab45602c168d9ce3bec18f106935f17b311c0b17e5ec37.exe,-,-,-,-,-,-,-,ksandrafashion.com,46.8.8.100,False,-3,Czech Republic,Prague,50.08210,14.45355,Gransy s.r.o.,-,-
"Sep 12, 2024 @ 19:50:04.865",lookup_requested,"DNS query is completed for the name www.ledyazilim.com, type 28, query options 2251800887582720 with status 10054 Results  ",69735cd8499cfbf56dab45602c168d9ce3bec18f106935f17b311c0b17e5ec37.exe,-,-,-,-,-,-,-,www.ledyazilim.com,94.138.197.70,-,-,Turkey,Istanbul,41.00180,29.03127,IHS WIN 2,-,-
"Sep 12, 2024 @ 19:49:59.737",modification,Endpoint registry event,69735cd8499cfbf56dab45602c168d9ce3bec18f106935f17b311c0b17e5ec37.exe,-,-,-,-,-,HKEY_USERS\S-1-5-21-2438712759-301890551-4283054500-1001\SOFTWARE\Microsoft\Windows\CurrentVersion\Internet Settings\ZoneMap\AutoDetect,AutoDetect,-,-,-,-,-,-,-,-,-,-,-
"Sep 12, 2024 @ 19:49:59.736",modification,Endpoint registry event,69735cd8499cfbf56dab45602c168d9ce3bec18f106935f17b311c0b17e5ec37.exe,-,-,-,-,-,HKEY_USERS\S-1-5-21-2438712759-301890551-4283054500-1001\SOFTWARE\Microsoft\Windows\CurrentVersion\Internet Settings\ZoneMap\IntranetName,IntranetName,-,-,-,-,-,-,-,-,-,-,-
"Sep 12, 2024 @ 19:49:59.736",modification,Endpoint registry event,69735cd8499cfbf56dab45602c168d9ce3bec18f106935f17b311c0b17e5ec37.exe,-,-,-,-,-,HKEY_USERS\S-1-5-21-2438712759-301890551-4283054500-1001\SOFTWARE\Microsoft\Windows\CurrentVersion\Internet Settings\ZoneMap\UNCAsIntranet,UNCAsIntranet,-,-,-,-,-,-,-,-,-,-,-
"Sep 12, 2024 @ 19:49:59.735",modification,Endpoint registry event,69735cd8499cfbf56dab45602c168d9ce3bec18f106935f17b311c0b17e5ec37.exe,-,-,-,-,-,HKEY_USERS\S-1-5-21-2438712759-301890551-4283054500-1001\SOFTWARE\Microsoft\Windows\CurrentVersion\Internet Settings\ZoneMap\ProxyBypass,ProxyBypass,-,-,-,-,-,-,-,-,-,-,-
"Sep 12, 2024 @ 19:49:49.705",modification,Endpoint registry event,69735cd8499cfbf56dab45602c168d9ce3bec18f106935f17b311c0b17e5ec37.exe,-,-,-,-,-,HKLM\SOFTWARE\Microsoft\Windows\CurrentVersion\Policies\System\EnableLUA,EnableLUA,-,-,-,-,-,-,-,-,-,"Privilege Escalation, Defense Evasion","Bypass User Account Control, Bypass User Account Control, Disable or Modify Tools"
"Sep 12, 2024 @ 19:48:10.648",creation,Malware Detection Alert,69735cd8499cfbf56dab45602c168d9ce3bec18f106935f17b311c0b17e5ec37.exe,explorer.exe,C:\Users\John\69735cd8499cfbf56dab45602c168d9ce3bec18f106935f17b311c0b17e5ec37.exe,-,-,ysuinp.exe,-,-,-,-,-,-,-,-,-,-,-,-,-
"Sep 12, 2024 @ 19:47:33.036",creation,Endpoint file event,69735cd8499cfbf56dab45602c168d9ce3bec18f106935f17b311c0b17e5ec37.exe,-,-,-,-,ysuinp.exe,-,-,-,-,-,-,-,-,-,-,-,-,-
"Sep 12, 2024 @ 19:47:33.035",creation,Endpoint file event,69735cd8499cfbf56dab45602c168d9ce3bec18f106935f17b311c0b17e5ec37.exe,-,-,-,-,autorun.inf,-,-,-,-,-,-,-,-,-,-,-,-,-
"Sep 12, 2024 @ 19:47:28.590",modification,Endpoint file event,69735cd8499cfbf56dab45602c168d9ce3bec18f106935f17b311c0b17e5ec37.exe,-,-,-,-,[.exe,-,-,-,-,-,-,-,-,-,-,-,-,-
"Sep 12, 2024 @ 19:47:28.569",modification,Endpoint file event,69735cd8499cfbf56dab45602c168d9ce3bec18f106935f17b311c0b17e5ec37.exe,-,-,-,-,zstd.exe,-,-,-,-,-,-,-,-,-,-,-,-,-
"Sep 12, 2024 @ 19:47:28.403",modification,Endpoint file event,69735cd8499cfbf56dab45602c168d9ce3bec18f106935f17b311c0b17e5ec37.exe,-,-,-,-,zdump.exe,-,-,-,-,-,-,-,-,-,-,-,-,-
"Sep 12, 2024 @ 19:47:28.382",modification,Endpoint file event,69735cd8499cfbf56dab45602c168d9ce3bec18f106935f17b311c0b17e5ec37.exe,-,-,-,-,yes.exe,-,-,-,-,-,-,-,-,-,-,-,-,-
"Sep 12, 2024 @ 19:47:28.365",modification,Endpoint file event,69735cd8499cfbf56dab45602c168d9ce3bec18f106935f17b311c0b17e5ec37.exe,-,-,-,-,xzdec.exe,-,-,-,-,-,-,-,-,-,-,-,-,-
"Sep 12, 2024 @ 19:47:28.362",modification,Endpoint file event,69735cd8499cfbf56dab45602c168d9ce3bec18f106935f17b311c0b17e5ec37.exe,-,-,-,-,xz.exe,-,-,-,-,-,-,-,-,-,-,-,-,-
"Sep 12, 2024 @ 19:47:28.319",modification,Endpoint file event,69735cd8499cfbf56dab45602c168d9ce3bec18f106935f17b311c0b17e5ec37.exe,-,-,-,-,xmllint.exe,-,-,-,-,-,-,-,-,-,-,-,-,-
"Sep 12, 2024 @ 19:47:28.287",modification,Endpoint file event,69735cd8499cfbf56dab45602c168d9ce3bec18f106935f17b311c0b17e5ec37.exe,-,-,-,-,xmlcatalog.exe,-,-,-,-,-,-,-,-,-,-,-,-,-
"Sep 12, 2024 @ 19:47:28.245",modification,Endpoint file event,69735cd8499cfbf56dab45602c168d9ce3bec18f106935f17b311c0b17e5ec37.exe,-,-,-,-,xargs.exe,-,-,-,-,-,-,-,-,-,-,-,-,-
"Sep 12, 2024 @ 19:47:28.232",modification,Endpoint file event,69735cd8499cfbf56dab45602c168d9ce3bec18f106935f17b311c0b17e5ec37.exe,-,-,-,-,x86_64-w64-mingw32-windres.exe,-,-,-,-,-,-,-,-,-,-,-,-,-
"Sep 12, 2024 @ 19:47:28.220",modification,Endpoint file event,69735cd8499cfbf56dab45602c168d9ce3bec18f106935f17b311c0b17e5ec37.exe,-,-,-,-,x86_64-w64-mingw32-windmc.exe,-,-,-,-,-,-,-,-,-,-,-,-,-
"Sep 12, 2024 @ 19:47:28.210",modification,Endpoint file event,69735cd8499cfbf56dab45602c168d9ce3bec18f106935f17b311c0b17e5ec37.exe,-,-,-,-,x86_64-w64-mingw32-strip.exe,-,-,-,-,-,-,-,-,-,-,-,-,-
"Sep 12, 2024 @ 19:47:28.192",modification,Endpoint file event,69735cd8499cfbf56dab45602c168d9ce3bec18f106935f17b311c0b17e5ec37.exe,-,-,-,-,x86_64-w64-mingw32-strings.exe,-,-,-,-,-,-,-,-,-,-,-,-,-
"Sep 12, 2024 @ 19:47:28.177",modification,Endpoint file event,69735cd8499cfbf56dab45602c168d9ce3bec18f106935f17b311c0b17e5ec37.exe,-,-,-,-,x86_64-w64-mingw32-size.exe,-,-,-,-,-,-,-,-,-,-,-,-,-
"Sep 12, 2024 @ 19:47:28.123",modification,Endpoint file event,69735cd8499cfbf56dab45602c168d9ce3bec18f106935f17b311c0b17e5ec37.exe,-,-,-,-,x86_64-w64-mingw32-readelf.exe,-,-,-,-,-,-,-,-,-,-,-,-,-
"Sep 12, 2024 @ 19:47:28.095",modification,Endpoint file event,69735cd8499cfbf56dab45602c168d9ce3bec18f106935f17b311c0b17e5ec37.exe,-,-,-,-,x86_64-w64-mingw32-ranlib.exe,-,-,-,-,-,-,-,-,-,-,-,-,-
"Sep 12, 2024 @ 19:47:28.074",modification,Endpoint file event,69735cd8499cfbf56dab45602c168d9ce3bec18f106935f17b311c0b17e5ec37.exe,-,-,-,-,x86_64-w64-mingw32-objdump.exe,-,-,-,-,-,-,-,-,-,-,-,-,-
"Sep 12, 2024 @ 19:47:28.037",modification,Endpoint file event,69735cd8499cfbf56dab45602c168d9ce3bec18f106935f17b311c0b17e5ec37.exe,-,-,-,-,x86_64-w64-mingw32-objcopy.exe,-,-,-,-,-,-,-,-,-,-,-,-,-
"Sep 12, 2024 @ 19:47:28.013",modification,Endpoint file event,69735cd8499cfbf56dab45602c168d9ce3bec18f106935f17b311c0b17e5ec37.exe,-,-,-,-,x86_64-w64-mingw32-nm.exe,-,-,-,-,-,-,-,-,-,-,-,-,-
"Sep 12, 2024 @ 19:47:27.995",modification,Endpoint file event,69735cd8499cfbf56dab45602c168d9ce3bec18f106935f17b311c0b17e5ec37.exe,-,-,-,-,x86_64-w64-mingw32-lto-dump.exe,-,-,-,-,-,-,-,-,-,-,-,-,-
"Sep 12, 2024 @ 19:47:27.819",modification,Endpoint file event,69735cd8499cfbf56dab45602c168d9ce3bec18f106935f17b311c0b17e5ec37.exe,-,-,-,-,x86_64-w64-mingw32-ld.bfd.exe,-,-,-,-,-,-,-,-,-,-,-,-,-
"Sep 12, 2024 @ 19:47:27.792",modification,Endpoint file event,69735cd8499cfbf56dab45602c168d9ce3bec18f106935f17b311c0b17e5ec37.exe,-,-,-,-,x86_64-w64-mingw32-gprof.exe,-,-,-,-,-,-,-,-,-,-,-,-,-
"Sep 12, 2024 @ 19:47:27.789",modification,Endpoint file event,69735cd8499cfbf56dab45602c168d9ce3bec18f106935f17b311c0b17e5ec37.exe,-,-,-,-,x86_64-w64-mingw32-gcov.exe,-,-,-,-,-,-,-,-,-,-,-,-,-
"Sep 12, 2024 @ 19:47:27.782",modification,Endpoint file event,69735cd8499cfbf56dab45602c168d9ce3bec18f106935f17b311c0b17e5ec37.exe,-,-,-,-,x86_64-w64-mingw32-gcov-tool.exe,-,-,-,-,-,-,-,-,-,-,-,-,-
"Sep 12, 2024 @ 19:47:27.766",modification,Endpoint file event,69735cd8499cfbf56dab45602c168d9ce3bec18f106935f17b311c0b17e5ec37.exe,-,-,-,-,x86_64-w64-mingw32-gcov-dump.exe,-,-,-,-,-,-,-,-,-,-,-,-,-
"Sep 12, 2024 @ 19:47:27.754",modification,Endpoint file event,69735cd8499cfbf56dab45602c168d9ce3bec18f106935f17b311c0b17e5ec37.exe,-,-,-,-,x86_64-w64-mingw32-gcc-ranlib.exe,-,-,-,-,-,-,-,-,-,-,-,-,-
"Sep 12, 2024 @ 19:47:27.735",modification,Endpoint file event,69735cd8499cfbf56dab45602c168d9ce3bec18f106935f17b311c0b17e5ec37.exe,-,-,-,-,x86_64-w64-mingw32-gcc-nm.exe,-,-,-,-,-,-,-,-,-,-,-,-,-
"Sep 12, 2024 @ 19:47:27.719",modification,Endpoint file event,69735cd8499cfbf56dab45602c168d9ce3bec18f106935f17b311c0b17e5ec37.exe,-,-,-,-,x86_64-w64-mingw32-gcc-ar.exe,-,-,-,-,-,-,-,-,-,-,-,-,-
"Sep 12, 2024 @ 19:47:27.716",modification,Endpoint file event,69735cd8499cfbf56dab45602c168d9ce3bec18f106935f17b311c0b17e5ec37.exe,-,-,-,-,x86_64-w64-mingw32-gcc-11.exe,-,-,-,-,-,-,-,-,-,-,-,-,-
"Sep 12, 2024 @ 19:47:27.704",modification,Endpoint file event,69735cd8499cfbf56dab45602c168d9ce3bec18f106935f17b311c0b17e5ec37.exe,-,-,-,-,x86_64-w64-mingw32-elfedit.exe,-,-,-,-,-,-,-,-,-,-,-,-,-
"Sep 12, 2024 @ 19:47:27.689",modification,Endpoint file event,69735cd8499cfbf56dab45602c168d9ce3bec18f106935f17b311c0b17e5ec37.exe,-,-,-,-,x86_64-w64-mingw32-dllwrap.exe,-,-,-,-,-,-,-,-,-,-,-,-,-
"Sep 12, 2024 @ 19:47:27.674",modification,Endpoint file event,69735cd8499cfbf56dab45602c168d9ce3bec18f106935f17b311c0b17e5ec37.exe,-,-,-,-,x86_64-w64-mingw32-dlltool.exe,-,-,-,-,-,-,-,-,-,-,-,-,-
"Sep 12, 2024 @ 19:47:27.640",modification,Endpoint file event,69735cd8499cfbf56dab45602c168d9ce3bec18f106935f17b311c0b17e5ec37.exe,-,-,-,-,x86_64-w64-mingw32-cpp.exe,-,-,-,-,-,-,-,-,-,-,-,-,-
"Sep 12, 2024 @ 19:47:27.607",modification,Endpoint file event,69735cd8499cfbf56dab45602c168d9ce3bec18f106935f17b311c0b17e5ec37.exe,-,-,-,-,x86_64-w64-mingw32-c++filt.exe,-,-,-,-,-,-,-,-,-,-,-,-,-
"Sep 12, 2024 @ 19:47:27.593",modification,Endpoint file event,69735cd8499cfbf56dab45602c168d9ce3bec18f106935f17b311c0b17e5ec37.exe,-,-,-,-,x86_64-w64-mingw32-as.exe,-,-,-,-,-,-,-,-,-,-,-,-,-
"Sep 12, 2024 @ 19:47:27.573",modification,Endpoint file event,69735cd8499cfbf56dab45602c168d9ce3bec18f106935f17b311c0b17e5ec37.exe,-,-,-,-,x86_64-w64-mingw32-ar.exe,-,-,-,-,-,-,-,-,-,-,-,-,-
"Sep 12, 2024 @ 19:47:27.566",modification,Endpoint file event,69735cd8499cfbf56dab45602c168d9ce3bec18f106935f17b311c0b17e5ec37.exe,-,-,-,-,x86_64-w64-mingw32-addr2line.exe,-,-,-,-,-,-,-,-,-,-,-,-,-
"Sep 12, 2024 @ 19:47:27.525",modification,Endpoint file event,69735cd8499cfbf56dab45602c168d9ce3bec18f106935f17b311c0b17e5ec37.exe,-,-,-,-,whoami.exe,-,-,-,-,-,-,-,-,-,-,-,-,-
"Sep 12, 2024 @ 19:47:27.480",modification,Endpoint file event,69735cd8499cfbf56dab45602c168d9ce3bec18f106935f17b311c0b17e5ec37.exe,-,-,-,-,who.exe,-,-,-,-,-,-,-,-,-,-,-,-,-
"Sep 12, 2024 @ 19:47:27.426",modification,Endpoint file event,69735cd8499cfbf56dab45602c168d9ce3bec18f106935f17b311c0b17e5ec37.exe,-,-,-,-,which.exe,-,-,-,-,-,-,-,-,-,-,-,-,-
"Sep 12, 2024 @ 19:47:27.416",modification,Endpoint file event,69735cd8499cfbf56dab45602c168d9ce3bec18f106935f17b311c0b17e5ec37.exe,-,-,-,-,whereis.exe,-,-,-,-,-,-,-,-,-,-,-,-,-
"Sep 12, 2024 @ 19:47:27.413",modification,Endpoint file event,69735cd8499cfbf56dab45602c168d9ce3bec18f106935f17b311c0b17e5ec37.exe,-,-,-,-,whatis.exe,-,-,-,-,-,-,-,-,-,-,-,-,-
"Sep 12, 2024 @ 19:47:27.379",modification,Endpoint file event,69735cd8499cfbf56dab45602c168d9ce3bec18f106935f17b311c0b17e5ec37.exe,-,-,-,-,wc.exe,-,-,-,-,-,-,-,-,-,-,-,-,-
"Sep 12, 2024 @ 19:47:27.345",modification,Endpoint file event,69735cd8499cfbf56dab45602c168d9ce3bec18f106935f17b311c0b17e5ec37.exe,-,-,-,-,vi.exe,-,-,-,-,-,-,-,-,-,-,-,-,-
"Sep 12, 2024 @ 19:47:27.003",modification,Endpoint file event,69735cd8499cfbf56dab45602c168d9ce3bec18f106935f17b311c0b17e5ec37.exe,-,-,-,-,vdir.exe,-,-,-,-,-,-,-,-,-,-,-,-,-
"Sep 12, 2024 @ 19:47:26.998",modification,Endpoint file event,69735cd8499cfbf56dab45602c168d9ce3bec18f106935f17b311c0b17e5ec37.exe,-,-,-,-,uuidparse.exe,-,-,-,-,-,-,-,-,-,-,-,-,-
"Sep 12, 2024 @ 19:47:26.984",modification,Endpoint file event,69735cd8499cfbf56dab45602c168d9ce3bec18f106935f17b311c0b17e5ec37.exe,-,-,-,-,uuidgen.exe,-,-,-,-,-,-,-,-,-,-,-,-,-
"Sep 12, 2024 @ 19:47:26.944",modification,Endpoint file event,69735cd8499cfbf56dab45602c168d9ce3bec18f106935f17b311c0b17e5ec37.exe,-,-,-,-,users.exe,-,-,-,-,-,-,-,-,-,-,-,-,-
"Sep 12, 2024 @ 19:47:26.917",modification,Endpoint file event,69735cd8499cfbf56dab45602c168d9ce3bec18f106935f17b311c0b17e5ec37.exe,-,-,-,-,unlink.exe,-,-,-,-,-,-,-,-,-,-,-,-,-
"Sep 12, 2024 @ 19:47:26.890",modification,Endpoint file event,69735cd8499cfbf56dab45602c168d9ce3bec18f106935f17b311c0b17e5ec37.exe,-,-,-,-,uniq.exe,-,-,-,-,-,-,-,-,-,-,-,-,-
"Sep 12, 2024 @ 19:47:26.879",modification,Endpoint file event,69735cd8499cfbf56dab45602c168d9ce3bec18f106935f17b311c0b17e5ec37.exe,-,-,-,-,unexpand.exe,-,-,-,-,-,-,-,-,-,-,-,-,-
"Sep 12, 2024 @ 19:47:26.867",modification,Endpoint file event,69735cd8499cfbf56dab45602c168d9ce3bec18f106935f17b311c0b17e5ec37.exe,-,-,-,-,uname.exe,-,-,-,-,-,-,-,-,-,-,-,-,-
"Sep 12, 2024 @ 19:47:26.330",modification,Endpoint file event,69735cd8499cfbf56dab45602c168d9ce3bec18f106935f17b311c0b17e5ec37.exe,-,-,-,-,MicrosoftEdgeUpdateCore.exe,-,-,-,-,-,-,-,-,-,-,-,-,-
"Sep 12, 2024 @ 19:47:24.800",modification,Endpoint file event,69735cd8499cfbf56dab45602c168d9ce3bec18f106935f17b311c0b17e5ec37.exe,-,-,-,-,umount.exe,-,-,-,-,-,-,-,-,-,-,-,-,-
"Sep 12, 2024 @ 19:47:24.784",modification,Endpoint file event,69735cd8499cfbf56dab45602c168d9ce3bec18f106935f17b311c0b17e5ec37.exe,-,-,-,-,ul.exe,-,-,-,-,-,-,-,-,-,-,-,-,-
"Sep 12, 2024 @ 19:47:24.761",modification,Endpoint file event,69735cd8499cfbf56dab45602c168d9ce3bec18f106935f17b311c0b17e5ec37.exe,-,-,-,-,tzset.exe,-,-,-,-,-,-,-,-,-,-,-,-,-
"Sep 12, 2024 @ 19:47:24.742",modification,Endpoint file event,69735cd8499cfbf56dab45602c168d9ce3bec18f106935f17b311c0b17e5ec37.exe,-,-,-,-,tty.exe,-,-,-,-,-,-,-,-,-,-,-,-,-
"Sep 12, 2024 @ 19:47:24.729",modification,Endpoint file event,69735cd8499cfbf56dab45602c168d9ce3bec18f106935f17b311c0b17e5ec37.exe,-,-,-,-,tsort.exe,-,-,-,-,-,-,-,-,-,-,-,-,-
"Sep 12, 2024 @ 19:47:24.713",modification,Endpoint file event,69735cd8499cfbf56dab45602c168d9ce3bec18f106935f17b311c0b17e5ec37.exe,-,-,-,-,tset.exe,-,-,-,-,-,-,-,-,-,-,-,-,-
"Sep 12, 2024 @ 19:47:24.701",modification,Endpoint file event,69735cd8499cfbf56dab45602c168d9ce3bec18f106935f17b311c0b17e5ec37.exe,-,-,-,-,trust.exe,-,-,-,-,-,-,-,-,-,-,-,-,-
"Sep 12, 2024 @ 19:47:24.689",modification,Endpoint file event,69735cd8499cfbf56dab45602c168d9ce3bec18f106935f17b311c0b17e5ec37.exe,-,-,-,-,truncate.exe,-,-,-,-,-,-,-,-,-,-,-,-,-
"Sep 12, 2024 @ 19:47:24.672",modification,Endpoint file event,69735cd8499cfbf56dab45602c168d9ce3bec18f106935f17b311c0b17e5ec37.exe,-,-,-,-,true.exe,-,-,-,-,-,-,-,-,-,-,-,-,-
"Sep 12, 2024 @ 19:47:24.661",modification,Endpoint file event,69735cd8499cfbf56dab45602c168d9ce3bec18f106935f17b311c0b17e5ec37.exe,-,-,-,-,troff.exe,-,-,-,-,-,-,-,-,-,-,-,-,-
"Sep 12, 2024 @ 19:47:24.639",modification,Endpoint file event,69735cd8499cfbf56dab45602c168d9ce3bec18f106935f17b311c0b17e5ec37.exe,-,-,-,-,tr.exe,-,-,-,-,-,-,-,-,-,-,-,-,-
"Sep 12, 2024 @ 19:47:24.608",modification,Endpoint file event,69735cd8499cfbf56dab45602c168d9ce3bec18f106935f17b311c0b17e5ec37.exe,-,-,-,-,tput.exe,-,-,-,-,-,-,-,-,-,-,-,-,-
"Sep 12, 2024 @ 19:47:24.558",modification,Endpoint file event,69735cd8499cfbf56dab45602c168d9ce3bec18f106935f17b311c0b17e5ec37.exe,-,-,-,-,touch.exe,-,-,-,-,-,-,-,-,-,-,-,-,-
"Sep 12, 2024 @ 19:47:24.514",modification,Endpoint file event,69735cd8499cfbf56dab45602c168d9ce3bec18f106935f17b311c0b17e5ec37.exe,-,-,-,-,toe.exe,-,-,-,-,-,-,-,-,-,-,-,-,-
"Sep 12, 2024 @ 19:47:24.476",modification,Endpoint file event,69735cd8499cfbf56dab45602c168d9ce3bec18f106935f17b311c0b17e5ec37.exe,-,-,-,-,timeout.exe,-,-,-,-,-,-,-,-,-,-,-,-,-
"Sep 12, 2024 @ 19:47:24.460",modification,Endpoint file event,69735cd8499cfbf56dab45602c168d9ce3bec18f106935f17b311c0b17e5ec37.exe,-,-,-,-,tic.exe,-,-,-,-,-,-,-,-,-,-,-,-,-
"Sep 12, 2024 @ 19:47:24.424",modification,Endpoint file event,69735cd8499cfbf56dab45602c168d9ce3bec18f106935f17b311c0b17e5ec37.exe,-,-,-,-,tfmtodit.exe,-,-,-,-,-,-,-,-,-,-,-,-,-
"Sep 12, 2024 @ 19:47:24.421",modification,Endpoint file event,69735cd8499cfbf56dab45602c168d9ce3bec18f106935f17b311c0b17e5ec37.exe,-,-,-,-,test.exe,-,-,-,-,-,-,-,-,-,-,-,-,-
"Sep 12, 2024 @ 19:47:24.417",modification,Endpoint file event,69735cd8499cfbf56dab45602c168d9ce3bec18f106935f17b311c0b17e5ec37.exe,-,-,-,-,tee.exe,-,-,-,-,-,-,-,-,-,-,-,-,-
"Sep 12, 2024 @ 19:47:24.414",modification,Endpoint file event,69735cd8499cfbf56dab45602c168d9ce3bec18f106935f17b311c0b17e5ec37.exe,-,-,-,-,tbl.exe,-,-,-,-,-,-,-,-,-,-,-,-,-
"Sep 12, 2024 @ 19:47:24.400",modification,Endpoint file event,69735cd8499cfbf56dab45602c168d9ce3bec18f106935f17b311c0b17e5ec37.exe,-,-,-,-,taskset.exe,-,-,-,-,-,-,-,-,-,-,-,-,-
"Sep 12, 2024 @ 19:47:24.397",modification,Endpoint file event,69735cd8499cfbf56dab45602c168d9ce3bec18f106935f17b311c0b17e5ec37.exe,-,-,-,-,tar.exe,-,-,-,-,-,-,-,-,-,-,-,-,-
"Sep 12, 2024 @ 19:47:24.364",modification,Endpoint file event,69735cd8499cfbf56dab45602c168d9ce3bec18f106935f17b311c0b17e5ec37.exe,-,-,-,-,tail.exe,-,-,-,-,-,-,-,-,-,-,-,-,-
"Sep 12, 2024 @ 19:47:24.325",modification,Endpoint file event,69735cd8499cfbf56dab45602c168d9ce3bec18f106935f17b311c0b17e5ec37.exe,-,-,-,-,tac.exe,-,-,-,-,-,-,-,-,-,-,-,-,-
"Sep 12, 2024 @ 19:47:24.295",modification,Endpoint file event,69735cd8499cfbf56dab45602c168d9ce3bec18f106935f17b311c0b17e5ec37.exe,-,-,-,-,tabs.exe,-,-,-,-,-,-,-,-,-,-,-,-,-
"Sep 12, 2024 @ 19:47:24.270",modification,Endpoint file event,69735cd8499cfbf56dab45602c168d9ce3bec18f106935f17b311c0b17e5ec37.exe,-,-,-,-,sync.exe,-,-,-,-,-,-,-,-,-,-,-,-,-
"Sep 12, 2024 @ 19:47:24.267",modification,Endpoint file event,69735cd8499cfbf56dab45602c168d9ce3bec18f106935f17b311c0b17e5ec37.exe,-,-,-,-,sum.exe,-,-,-,-,-,-,-,-,-,-,-,-,-
"Sep 12, 2024 @ 19:47:24.263",modification,Endpoint file event,69735cd8499cfbf56dab45602c168d9ce3bec18f106935f17b311c0b17e5ec37.exe,-,-,-,-,stty.exe,-,-,-,-,-,-,-,-,-,-,-,-,-
"Sep 12, 2024 @ 19:47:24.236",modification,Endpoint file event,69735cd8499cfbf56dab45602c168d9ce3bec18f106935f17b311c0b17e5ec37.exe,-,-,-,-,strace.exe,-,-,-,-,-,-,-,-,-,-,-,-,-
"Sep 12, 2024 @ 19:47:24.200",modification,Endpoint file event,69735cd8499cfbf56dab45602c168d9ce3bec18f106935f17b311c0b17e5ec37.exe,-,-,-,-,stdbuf.exe,-,-,-,-,-,-,-,-,-,-,-,-,-
"Sep 12, 2024 @ 19:47:24.197",modification,Endpoint file event,69735cd8499cfbf56dab45602c168d9ce3bec18f106935f17b311c0b17e5ec37.exe,-,-,-,-,stat.exe,-,-,-,-,-,-,-,-,-,-,-,-,-
"Sep 12, 2024 @ 19:47:24.182",modification,Endpoint file event,69735cd8499cfbf56dab45602c168d9ce3bec18f106935f17b311c0b17e5ec37.exe,-,-,-,-,ssp.exe,-,-,-,-,-,-,-,-,-,-,-,-,-
"Sep 12, 2024 @ 19:47:24.164",modification,Endpoint file event,69735cd8499cfbf56dab45602c168d9ce3bec18f106935f17b311c0b17e5ec37.exe,-,-,-,-,split.exe,-,-,-,-,-,-,-,-,-,-,-,-,-
"Sep 12, 2024 @ 19:47:24.150",modification,Endpoint file event,69735cd8499cfbf56dab45602c168d9ce3bec18f106935f17b311c0b17e5ec37.exe,-,-,-,-,sort.exe,-,-,-,-,-,-,-,-,-,-,-,-,-
"Sep 12, 2024 @ 19:47:24.132",modification,Endpoint file event,69735cd8499cfbf56dab45602c168d9ce3bec18f106935f17b311c0b17e5ec37.exe,-,-,-,-,soelim.exe,-,-,-,-,-,-,-,-,-,-,-,-,-
"Sep 12, 2024 @ 19:47:24.117",modification,Endpoint file event,69735cd8499cfbf56dab45602c168d9ce3bec18f106935f17b311c0b17e5ec37.exe,-,-,-,-,sleep.exe,-,-,-,-,-,-,-,-,-,-,-,-,-
"Sep 12, 2024 @ 19:47:24.094",modification,Endpoint file event,69735cd8499cfbf56dab45602c168d9ce3bec18f106935f17b311c0b17e5ec37.exe,-,-,-,-,shuf.exe,-,-,-,-,-,-,-,-,-,-,-,-,-
"Sep 12, 2024 @ 19:47:24.072",modification,Endpoint file event,69735cd8499cfbf56dab45602c168d9ce3bec18f106935f17b311c0b17e5ec37.exe,-,-,-,-,shred.exe,-,-,-,-,-,-,-,-,-,-,-,-,-
"Sep 12, 2024 @ 19:47:24.048",modification,Endpoint file event,69735cd8499cfbf56dab45602c168d9ce3bec18f106935f17b311c0b17e5ec37.exe,-,-,-,-,sha512sum.exe,-,-,-,-,-,-,-,-,-,-,-,-,-
"Sep 12, 2024 @ 19:47:24.029",modification,Endpoint file event,69735cd8499cfbf56dab45602c168d9ce3bec18f106935f17b311c0b17e5ec37.exe,-,-,-,-,sha384sum.exe,-,-,-,-,-,-,-,-,-,-,-,-,-
"Sep 12, 2024 @ 19:47:23.992",modification,Endpoint file event,69735cd8499cfbf56dab45602c168d9ce3bec18f106935f17b311c0b17e5ec37.exe,-,-,-,-,sha256sum.exe,-,-,-,-,-,-,-,-,-,-,-,-,-
"Sep 12, 2024 @ 19:47:23.978",modification,Endpoint file event,69735cd8499cfbf56dab45602c168d9ce3bec18f106935f17b311c0b17e5ec37.exe,-,-,-,-,sha224sum.exe,-,-,-,-,-,-,-,-,-,-,-,-,-
"Sep 12, 2024 @ 19:47:23.967",modification,Endpoint file event,69735cd8499cfbf56dab45602c168d9ce3bec18f106935f17b311c0b17e5ec37.exe,-,-,-,-,sha1sum.exe,-,-,-,-,-,-,-,-,-,-,-,-,-
"Sep 12, 2024 @ 19:47:23.961",modification,Endpoint file event,69735cd8499cfbf56dab45602c168d9ce3bec18f106935f17b311c0b17e5ec37.exe,-,-,-,-,setsid.exe,-,-,-,-,-,-,-,-,-,-,-,-,-
"Sep 12, 2024 @ 19:47:23.957",modification,Endpoint file event,69735cd8499cfbf56dab45602c168d9ce3bec18f106935f17b311c0b17e5ec37.exe,-,-,-,-,setmetamode.exe,-,-,-,-,-,-,-,-,-,-,-,-,-
"Sep 12, 2024 @ 19:47:23.948",modification,Endpoint file event,69735cd8499cfbf56dab45602c168d9ce3bec18f106935f17b311c0b17e5ec37.exe,-,-,-,-,setfacl.exe,-,-,-,-,-,-,-,-,-,-,-,-,-
"Sep 12, 2024 @ 19:47:23.934",modification,Endpoint file event,69735cd8499cfbf56dab45602c168d9ce3bec18f106935f17b311c0b17e5ec37.exe,-,-,-,-,seq.exe,-,-,-,-,-,-,-,-,-,-,-,-,-
"Sep 12, 2024 @ 19:47:23.931",modification,Endpoint file event,69735cd8499cfbf56dab45602c168d9ce3bec18f106935f17b311c0b17e5ec37.exe,-,-,-,-,sed.exe,-,-,-,-,-,-,-,-,-,-,-,-,-
"Sep 12, 2024 @ 19:47:23.901",modification,Endpoint file event,69735cd8499cfbf56dab45602c168d9ce3bec18f106935f17b311c0b17e5ec37.exe,-,-,-,-,sdiff.exe,-,-,-,-,-,-,-,-,-,-,-,-,-
"Sep 12, 2024 @ 19:47:23.885",modification,Endpoint file event,69735cd8499cfbf56dab45602c168d9ce3bec18f106935f17b311c0b17e5ec37.exe,-,-,-,-,scriptreplay.exe,-,-,-,-,-,-,-,-,-,-,-,-,-
"Sep 12, 2024 @ 19:47:23.881",modification,Endpoint file event,69735cd8499cfbf56dab45602c168d9ce3bec18f106935f17b311c0b17e5ec37.exe,-,-,-,-,scriptlive.exe,-,-,-,-,-,-,-,-,-,-,-,-,-
"Sep 12, 2024 @ 19:47:23.844",modification,Endpoint file event,69735cd8499cfbf56dab45602c168d9ce3bec18f106935f17b311c0b17e5ec37.exe,-,-,-,-,script.exe,-,-,-,-,-,-,-,-,-,-,-,-,-
"Sep 12, 2024 @ 19:47:23.831",modification,Endpoint file event,69735cd8499cfbf56dab45602c168d9ce3bec18f106935f17b311c0b17e5ec37.exe,-,-,-,-,runcon.exe,-,-,-,-,-,-,-,-,-,-,-,-,-
"Sep 12, 2024 @ 19:47:23.827",modification,Endpoint file event,69735cd8499cfbf56dab45602c168d9ce3bec18f106935f17b311c0b17e5ec37.exe,-,-,-,-,run.exe,-,-,-,-,-,-,-,-,-,-,-,-,-
"Sep 12, 2024 @ 19:47:23.763",modification,Endpoint file event,69735cd8499cfbf56dab45602c168d9ce3bec18f106935f17b311c0b17e5ec37.exe,-,-,-,-,rmdir.exe,-,-,-,-,-,-,-,-,-,-,-,-,-
"Sep 12, 2024 @ 19:47:23.742",modification,Endpoint file event,69735cd8499cfbf56dab45602c168d9ce3bec18f106935f17b311c0b17e5ec37.exe,-,-,-,-,rm.exe,-,-,-,-,-,-,-,-,-,-,-,-,-
"Sep 12, 2024 @ 19:47:23.738",modification,Endpoint file event,69735cd8499cfbf56dab45602c168d9ce3bec18f106935f17b311c0b17e5ec37.exe,-,-,-,-,rev.exe,-,-,-,-,-,-,-,-,-,-,-,-,-
"Sep 12, 2024 @ 19:47:23.736",modification,Endpoint file event,69735cd8499cfbf56dab45602c168d9ce3bec18f106935f17b311c0b17e5ec37.exe,-,-,-,-,renice.exe,-,-,-,-,-,-,-,-,-,-,-,-,-
"Sep 12, 2024 @ 19:47:23.717",modification,Endpoint file event,69735cd8499cfbf56dab45602c168d9ce3bec18f106935f17b311c0b17e5ec37.exe,-,-,-,-,rename.exe,-,-,-,-,-,-,-,-,-,-,-,-,-
"Sep 12, 2024 @ 19:47:23.696",modification,Endpoint file event,69735cd8499cfbf56dab45602c168d9ce3bec18f106935f17b311c0b17e5ec37.exe,-,-,-,-,regtool.exe,-,-,-,-,-,-,-,-,-,-,-,-,-
"Sep 12, 2024 @ 19:47:23.677",modification,Endpoint file event,69735cd8499cfbf56dab45602c168d9ce3bec18f106935f17b311c0b17e5ec37.exe,-,-,-,-,refer.exe,-,-,-,-,-,-,-,-,-,-,-,-,-
"Sep 12, 2024 @ 19:47:23.662",modification,Endpoint file event,69735cd8499cfbf56dab45602c168d9ce3bec18f106935f17b311c0b17e5ec37.exe,-,-,-,-,rebase.exe,-,-,-,-,-,-,-,-,-,-,-,-,-
"Sep 12, 2024 @ 19:47:23.647",modification,Endpoint file event,69735cd8499cfbf56dab45602c168d9ce3bec18f106935f17b311c0b17e5ec37.exe,-,-,-,-,realpath.exe,-,-,-,-,-,-,-,-,-,-,-,-,-
"Sep 12, 2024 @ 19:47:23.644",modification,Endpoint file event,69735cd8499cfbf56dab45602c168d9ce3bec18f106935f17b311c0b17e5ec37.exe,-,-,-,-,readshortcut.exe,-,-,-,-,-,-,-,-,-,-,-,-,-
"Sep 12, 2024 @ 19:47:23.615",modification,Endpoint file event,69735cd8499cfbf56dab45602c168d9ce3bec18f106935f17b311c0b17e5ec37.exe,-,-,-,-,readlink.exe,-,-,-,-,-,-,-,-,-,-,-,-,-
"Sep 12, 2024 @ 19:47:23.611",modification,Endpoint file event,69735cd8499cfbf56dab45602c168d9ce3bec18f106935f17b311c0b17e5ec37.exe,-,-,-,-,pzstd.exe,-,-,-,-,-,-,-,-,-,-,-,-,-
"Sep 12, 2024 @ 19:47:23.568",modification,Endpoint file event,69735cd8499cfbf56dab45602c168d9ce3bec18f106935f17b311c0b17e5ec37.exe,-,-,-,-,pwd.exe,-,-,-,-,-,-,-,-,-,-,-,-,-
"Sep 12, 2024 @ 19:47:23.565",modification,Endpoint file event,69735cd8499cfbf56dab45602c168d9ce3bec18f106935f17b311c0b17e5ec37.exe,-,-,-,-,ptx.exe,-,-,-,-,-,-,-,-,-,-,-,-,-
"Sep 12, 2024 @ 19:47:23.550",modification,Endpoint file event,69735cd8499cfbf56dab45602c168d9ce3bec18f106935f17b311c0b17e5ec37.exe,-,-,-,-,ps.exe,-,-,-,-,-,-,-,-,-,-,-,-,-
"Sep 12, 2024 @ 19:47:23.509",modification,Endpoint file event,69735cd8499cfbf56dab45602c168d9ce3bec18f106935f17b311c0b17e5ec37.exe,-,-,-,-,profiler.exe,-,-,-,-,-,-,-,-,-,-,-,-,-
"Sep 12, 2024 @ 19:47:23.494",modification,Endpoint file event,69735cd8499cfbf56dab45602c168d9ce3bec18f106935f17b311c0b17e5ec37.exe,-,-,-,-,printf.exe,-,-,-,-,-,-,-,-,-,-,-,-,-
"Sep 12, 2024 @ 19:47:23.491",modification,Endpoint file event,69735cd8499cfbf56dab45602c168d9ce3bec18f106935f17b311c0b17e5ec37.exe,-,-,-,-,printenv.exe,-,-,-,-,-,-,-,-,-,-,-,-,-
"Sep 12, 2024 @ 19:47:23.488",modification,Endpoint file event,69735cd8499cfbf56dab45602c168d9ce3bec18f106935f17b311c0b17e5ec37.exe,-,-,-,-,preconv.exe,-,-,-,-,-,-,-,-,-,-,-,-,-
"Sep 12, 2024 @ 19:47:23.485",modification,Endpoint file event,69735cd8499cfbf56dab45602c168d9ce3bec18f106935f17b311c0b17e5ec37.exe,-,-,-,-,pre-grohtml.exe,-,-,-,-,-,-,-,-,-,-,-,-,-
"Sep 12, 2024 @ 19:47:23.466",modification,Endpoint file event,69735cd8499cfbf56dab45602c168d9ce3bec18f106935f17b311c0b17e5ec37.exe,-,-,-,-,pr.exe,-,-,-,-,-,-,-,-,-,-,-,-,-
"Sep 12, 2024 @ 19:47:23.439",modification,Endpoint file event,69735cd8499cfbf56dab45602c168d9ce3bec18f106935f17b311c0b17e5ec37.exe,-,-,-,-,post-grohtml.exe,-,-,-,-,-,-,-,-,-,-,-,-,-
"Sep 12, 2024 @ 19:47:21.380",modification,Endpoint file event,69735cd8499cfbf56dab45602c168d9ce3bec18f106935f17b311c0b17e5ec37.exe,-,-,-,-,pldd.exe,-,-,-,-,-,-,-,-,-,-,-,-,-
"Sep 12, 2024 @ 19:47:21.364",modification,Endpoint file event,69735cd8499cfbf56dab45602c168d9ce3bec18f106935f17b311c0b17e5ec37.exe,-,-,-,-,pinky.exe,-,-,-,-,-,-,-,-,-,-,-,-,-
"Sep 12, 2024 @ 19:47:21.361",modification,Endpoint file event,69735cd8499cfbf56dab45602c168d9ce3bec18f106935f17b311c0b17e5ec37.exe,-,-,-,-,pic.exe,-,-,-,-,-,-,-,-,-,-,-,-,-
"Sep 12, 2024 @ 19:47:21.351",modification,Endpoint file event,69735cd8499cfbf56dab45602c168d9ce3bec18f106935f17b311c0b17e5ec37.exe,-,-,-,-,pg.exe,-,-,-,-,-,-,-,-,-,-,-,-,-
"Sep 12, 2024 @ 19:47:21.348",modification,Endpoint file event,69735cd8499cfbf56dab45602c168d9ce3bec18f106935f17b311c0b17e5ec37.exe,-,-,-,-,pfbtops.exe,-,-,-,-,-,-,-,-,-,-,-,-,-
"Sep 12, 2024 @ 19:47:21.333",modification,Endpoint file event,69735cd8499cfbf56dab45602c168d9ce3bec18f106935f17b311c0b17e5ec37.exe,-,-,-,-,perl.exe,-,-,-,-,-,-,-,-,-,-,-,-,-
"Sep 12, 2024 @ 19:47:21.303",modification,Endpoint file event,69735cd8499cfbf56dab45602c168d9ce3bec18f106935f17b311c0b17e5ec37.exe,-,-,-,-,peflags.exe,-,-,-,-,-,-,-,-,-,-,-,-,-
"Sep 12, 2024 @ 19:47:21.271",modification,Endpoint file event,69735cd8499cfbf56dab45602c168d9ce3bec18f106935f17b311c0b17e5ec37.exe,-,-,-,-,pathchk.exe,-,-,-,-,-,-,-,-,-,-,-,-,-
"Sep 12, 2024 @ 19:47:21.266",modification,Endpoint file event,69735cd8499cfbf56dab45602c168d9ce3bec18f106935f17b311c0b17e5ec37.exe,-,-,-,-,paste.exe,-,-,-,-,-,-,-,-,-,-,-,-,-
"Sep 12, 2024 @ 19:47:21.255",modification,Endpoint file event,69735cd8499cfbf56dab45602c168d9ce3bec18f106935f17b311c0b17e5ec37.exe,-,-,-,-,passwd.exe,-,-,-,-,-,-,-,-,-,-,-,-,-
"Sep 12, 2024 @ 19:47:21.240",modification,Endpoint file event,69735cd8499cfbf56dab45602c168d9ce3bec18f106935f17b311c0b17e5ec37.exe,-,-,-,-,p11-kit.exe,-,-,-,-,-,-,-,-,-,-,-,-,-
"Sep 12, 2024 @ 19:47:21.214",modification,Endpoint file event,69735cd8499cfbf56dab45602c168d9ce3bec18f106935f17b311c0b17e5ec37.exe,-,-,-,-,openssl.exe,-,-,-,-,-,-,-,-,-,-,-,-,-
"Sep 12, 2024 @ 19:47:21.195",modification,Endpoint file event,69735cd8499cfbf56dab45602c168d9ce3bec18f106935f17b311c0b17e5ec37.exe,-,-,-,-,od.exe,-,-,-,-,-,-,-,-,-,-,-,-,-
"Sep 12, 2024 @ 19:47:21.185",modification,Endpoint file event,69735cd8499cfbf56dab45602c168d9ce3bec18f106935f17b311c0b17e5ec37.exe,-,-,-,-,numfmt.exe,-,-,-,-,-,-,-,-,-,-,-,-,-
"Sep 12, 2024 @ 19:47:21.172",modification,Endpoint file event,69735cd8499cfbf56dab45602c168d9ce3bec18f106935f17b311c0b17e5ec37.exe,-,-,-,-,nproc.exe,-,-,-,-,-,-,-,-,-,-,-,-,-
"Sep 12, 2024 @ 19:47:21.168",modification,Endpoint file event,69735cd8499cfbf56dab45602c168d9ce3bec18f106935f17b311c0b17e5ec37.exe,-,-,-,-,nohup.exe,-,-,-,-,-,-,-,-,-,-,-,-,-
"Sep 12, 2024 @ 19:47:21.158",modification,Endpoint file event,69735cd8499cfbf56dab45602c168d9ce3bec18f106935f17b311c0b17e5ec37.exe,-,-,-,-,nl.exe,-,-,-,-,-,-,-,-,-,-,-,-,-
"Sep 12, 2024 @ 19:47:21.155",modification,Endpoint file event,69735cd8499cfbf56dab45602c168d9ce3bec18f106935f17b311c0b17e5ec37.exe,-,-,-,-,nice.exe,-,-,-,-,-,-,-,-,-,-,-,-,-
"Sep 12, 2024 @ 19:47:21.146",modification,Endpoint file event,69735cd8499cfbf56dab45602c168d9ce3bec18f106935f17b311c0b17e5ec37.exe,-,-,-,-,newgrp.exe,-,-,-,-,-,-,-,-,-,-,-,-,-
"Sep 12, 2024 @ 19:47:21.101",modification,Endpoint file event,69735cd8499cfbf56dab45602c168d9ce3bec18f106935f17b311c0b17e5ec37.exe,-,-,-,-,namei.exe,-,-,-,-,-,-,-,-,-,-,-,-,-
"Sep 12, 2024 @ 19:47:21.098",modification,Endpoint file event,69735cd8499cfbf56dab45602c168d9ce3bec18f106935f17b311c0b17e5ec37.exe,-,-,-,-,mv.exe,-,-,-,-,-,-,-,-,-,-,-,-,-
"Sep 12, 2024 @ 19:47:21.095",modification,Endpoint file event,69735cd8499cfbf56dab45602c168d9ce3bec18f106935f17b311c0b17e5ec37.exe,-,-,-,-,mount.exe,-,-,-,-,-,-,-,-,-,-,-,-,-
"Sep 12, 2024 @ 19:47:21.091",modification,Endpoint file event,69735cd8499cfbf56dab45602c168d9ce3bec18f106935f17b311c0b17e5ec37.exe,-,-,-,-,more.exe,-,-,-,-,-,-,-,-,-,-,-,-,-
"Sep 12, 2024 @ 19:47:21.076",modification,Endpoint file event,69735cd8499cfbf56dab45602c168d9ce3bec18f106935f17b311c0b17e5ec37.exe,-,-,-,-,mktemp.exe,-,-,-,-,-,-,-,-,-,-,-,-,-
"Sep 12, 2024 @ 19:47:21.061",modification,Endpoint file event,69735cd8499cfbf56dab45602c168d9ce3bec18f106935f17b311c0b17e5ec37.exe,-,-,-,-,mkshortcut.exe,-,-,-,-,-,-,-,-,-,-,-,-,-
"Sep 12, 2024 @ 19:47:21.003",modification,Endpoint file event,69735cd8499cfbf56dab45602c168d9ce3bec18f106935f17b311c0b17e5ec37.exe,-,-,-,-,mkpasswd.exe,-,-,-,-,-,-,-,-,-,-,-,-,-
"Sep 12, 2024 @ 19:47:20.992",modification,Endpoint file event,69735cd8499cfbf56dab45602c168d9ce3bec18f106935f17b311c0b17e5ec37.exe,-,-,-,-,mknod.exe,-,-,-,-,-,-,-,-,-,-,-,-,-
"Sep 12, 2024 @ 19:47:20.989",modification,Endpoint file event,69735cd8499cfbf56dab45602c168d9ce3bec18f106935f17b311c0b17e5ec37.exe,-,-,-,-,mkgroup.exe,-,-,-,-,-,-,-,-,-,-,-,-,-
"Sep 12, 2024 @ 19:47:20.947",modification,Endpoint file event,69735cd8499cfbf56dab45602c168d9ce3bec18f106935f17b311c0b17e5ec37.exe,-,-,-,-,mkfifo.exe,-,-,-,-,-,-,-,-,-,-,-,-,-
"Sep 12, 2024 @ 19:47:20.944",modification,Endpoint file event,69735cd8499cfbf56dab45602c168d9ce3bec18f106935f17b311c0b17e5ec37.exe,-,-,-,-,mkdir.exe,-,-,-,-,-,-,-,-,-,-,-,-,-
"Sep 12, 2024 @ 19:47:20.940",modification,Endpoint file event,69735cd8499cfbf56dab45602c168d9ce3bec18f106935f17b311c0b17e5ec37.exe,-,-,-,-,mintty.exe,-,-,-,-,-,-,-,-,-,-,-,-,-
"Sep 12, 2024 @ 19:47:20.914",modification,Endpoint file event,69735cd8499cfbf56dab45602c168d9ce3bec18f106935f17b311c0b17e5ec37.exe,-,-,-,-,minidumper.exe,-,-,-,-,-,-,-,-,-,-,-,-,-
"Sep 12, 2024 @ 19:47:20.893",modification,Endpoint file event,69735cd8499cfbf56dab45602c168d9ce3bec18f106935f17b311c0b17e5ec37.exe,-,-,-,-,md5sum.exe,-,-,-,-,-,-,-,-,-,-,-,-,-
"Sep 12, 2024 @ 19:47:20.878",modification,Endpoint file event,69735cd8499cfbf56dab45602c168d9ce3bec18f106935f17b311c0b17e5ec37.exe,-,-,-,-,mcookie.exe,-,-,-,-,-,-,-,-,-,-,-,-,-
"Sep 12, 2024 @ 19:47:20.870",modification,Endpoint file event,69735cd8499cfbf56dab45602c168d9ce3bec18f106935f17b311c0b17e5ec37.exe,-,-,-,-,manpath.exe,-,-,-,-,-,-,-,-,-,-,-,-,-
"Sep 12, 2024 @ 19:47:20.855",modification,Endpoint file event,69735cd8499cfbf56dab45602c168d9ce3bec18f106935f17b311c0b17e5ec37.exe,-,-,-,-,mandb.exe,-,-,-,-,-,-,-,-,-,-,-,-,-
"Sep 12, 2024 @ 19:47:20.851",modification,Endpoint file event,69735cd8499cfbf56dab45602c168d9ce3bec18f106935f17b311c0b17e5ec37.exe,-,-,-,-,man.exe,-,-,-,-,-,-,-,-,-,-,-,-,-
"Sep 12, 2024 @ 19:47:20.833",modification,Endpoint file event,69735cd8499cfbf56dab45602c168d9ce3bec18f106935f17b311c0b17e5ec37.exe,-,-,-,-,man-recode.exe,-,-,-,-,-,-,-,-,-,-,-,-,-
"Sep 12, 2024 @ 19:47:20.779",modification,Endpoint file event,69735cd8499cfbf56dab45602c168d9ce3bec18f106935f17b311c0b17e5ec37.exe,-,-,-,-,make.exe,-,-,-,-,-,-,-,-,-,-,-,-,-
"Sep 12, 2024 @ 19:47:20.671",modification,Endpoint file event,69735cd8499cfbf56dab45602c168d9ce3bec18f106935f17b311c0b17e5ec37.exe,-,-,-,-,m4.exe,-,-,-,-,-,-,-,-,-,-,-,-,-
"Sep 12, 2024 @ 19:47:20.596",modification,Endpoint file event,69735cd8499cfbf56dab45602c168d9ce3bec18f106935f17b311c0b17e5ec37.exe,-,-,-,-,lzmainfo.exe,-,-,-,-,-,-,-,-,-,-,-,-,-
"Sep 12, 2024 @ 19:47:20.588",modification,Endpoint file event,69735cd8499cfbf56dab45602c168d9ce3bec18f106935f17b311c0b17e5ec37.exe,-,-,-,-,lzmadec.exe,-,-,-,-,-,-,-,-,-,-,-,-,-
"Sep 12, 2024 @ 19:47:20.572",modification,Endpoint file event,69735cd8499cfbf56dab45602c168d9ce3bec18f106935f17b311c0b17e5ec37.exe,-,-,-,-,lsattr.exe,-,-,-,-,-,-,-,-,-,-,-,-,-
"Sep 12, 2024 @ 19:47:20.561",modification,Endpoint file event,69735cd8499cfbf56dab45602c168d9ce3bec18f106935f17b311c0b17e5ec37.exe,-,-,-,-,ls.exe,-,-,-,-,-,-,-,-,-,-,-,-,-
"Sep 12, 2024 @ 19:47:20.549",modification,Endpoint file event,69735cd8499cfbf56dab45602c168d9ce3bec18f106935f17b311c0b17e5ec37.exe,-,-,-,-,lookbib.exe,-,-,-,-,-,-,-,-,-,-,-,-,-
"Sep 12, 2024 @ 19:47:20.546",modification,Endpoint file event,69735cd8499cfbf56dab45602c168d9ce3bec18f106935f17b311c0b17e5ec37.exe,-,-,-,-,look.exe,-,-,-,-,-,-,-,-,-,-,-,-,-
"Sep 12, 2024 @ 19:47:20.543",modification,Endpoint file event,69735cd8499cfbf56dab45602c168d9ce3bec18f106935f17b311c0b17e5ec37.exe,-,-,-,-,logname.exe,-,-,-,-,-,-,-,-,-,-,-,-,-
"Sep 12, 2024 @ 19:47:20.540",modification,Endpoint file event,69735cd8499cfbf56dab45602c168d9ce3bec18f106935f17b311c0b17e5ec37.exe,-,-,-,-,login.exe,-,-,-,-,-,-,-,-,-,-,-,-,-
"Sep 12, 2024 @ 19:47:20.537",modification,Endpoint file event,69735cd8499cfbf56dab45602c168d9ce3bec18f106935f17b311c0b17e5ec37.exe,-,-,-,-,logger.exe,-,-,-,-,-,-,-,-,-,-,-,-,-
"Sep 12, 2024 @ 19:47:20.529",modification,Endpoint file event,69735cd8499cfbf56dab45602c168d9ce3bec18f106935f17b311c0b17e5ec37.exe,-,-,-,-,locate.exe,-,-,-,-,-,-,-,-,-,-,-,-,-
"Sep 12, 2024 @ 19:47:20.508",modification,Endpoint file event,69735cd8499cfbf56dab45602c168d9ce3bec18f106935f17b311c0b17e5ec37.exe,-,-,-,-,locale.exe,-,-,-,-,-,-,-,-,-,-,-,-,-
"Sep 12, 2024 @ 19:47:20.495",modification,Endpoint file event,69735cd8499cfbf56dab45602c168d9ce3bec18f106935f17b311c0b17e5ec37.exe,-,-,-,-,ln.exe,-,-,-,-,-,-,-,-,-,-,-,-,-
"Sep 12, 2024 @ 19:47:20.492",modification,Endpoint file event,69735cd8499cfbf56dab45602c168d9ce3bec18f106935f17b311c0b17e5ec37.exe,-,-,-,-,lkbib.exe,-,-,-,-,-,-,-,-,-,-,-,-,-
"Sep 12, 2024 @ 19:47:20.469",modification,Endpoint file event,69735cd8499cfbf56dab45602c168d9ce3bec18f106935f17b311c0b17e5ec37.exe,-,-,-,-,link.exe,-,-,-,-,-,-,-,-,-,-,-,-,-
"Sep 12, 2024 @ 19:47:20.453",modification,Endpoint file event,69735cd8499cfbf56dab45602c168d9ce3bec18f106935f17b311c0b17e5ec37.exe,-,-,-,-,lexgrog.exe,-,-,-,-,-,-,-,-,-,-,-,-,-
"Sep 12, 2024 @ 19:47:20.409",modification,Endpoint file event,69735cd8499cfbf56dab45602c168d9ce3bec18f106935f17b311c0b17e5ec37.exe,-,-,-,-,lesskey.exe,-,-,-,-,-,-,-,-,-,-,-,-,-
"Sep 12, 2024 @ 19:47:20.405",modification,Endpoint file event,69735cd8499cfbf56dab45602c168d9ce3bec18f106935f17b311c0b17e5ec37.exe,-,-,-,-,lessecho.exe,-,-,-,-,-,-,-,-,-,-,-,-,-
"Sep 12, 2024 @ 19:47:20.402",modification,Endpoint file event,69735cd8499cfbf56dab45602c168d9ce3bec18f106935f17b311c0b17e5ec37.exe,-,-,-,-,less.exe,-,-,-,-,-,-,-,-,-,-,-,-,-
"Sep 12, 2024 @ 19:47:20.384",modification,Endpoint file event,69735cd8499cfbf56dab45602c168d9ce3bec18f106935f17b311c0b17e5ec37.exe,-,-,-,-,ldh.exe,-,-,-,-,-,-,-,-,-,-,-,-,-
"Sep 12, 2024 @ 19:47:20.376",modification,Endpoint file event,69735cd8499cfbf56dab45602c168d9ce3bec18f106935f17b311c0b17e5ec37.exe,-,-,-,-,ldd.exe,-,-,-,-,-,-,-,-,-,-,-,-,-
"Sep 12, 2024 @ 19:47:20.351",modification,Endpoint file event,69735cd8499cfbf56dab45602c168d9ce3bec18f106935f17b311c0b17e5ec37.exe,-,-,-,-,lastlog.exe,-,-,-,-,-,-,-,-,-,-,-,-,-
"Sep 12, 2024 @ 19:47:20.342",modification,Endpoint file event,69735cd8499cfbf56dab45602c168d9ce3bec18f106935f17b311c0b17e5ec37.exe,-,-,-,-,kill.exe,-,-,-,-,-,-,-,-,-,-,-,-,-
"Sep 12, 2024 @ 19:47:20.329",modification,Endpoint file event,69735cd8499cfbf56dab45602c168d9ce3bec18f106935f17b311c0b17e5ec37.exe,-,-,-,-,join.exe,-,-,-,-,-,-,-,-,-,-,-,-,-
"Sep 12, 2024 @ 19:47:20.326",modification,Endpoint file event,69735cd8499cfbf56dab45602c168d9ce3bec18f106935f17b311c0b17e5ec37.exe,-,-,-,-,isosize.exe,-,-,-,-,-,-,-,-,-,-,-,-,-
"Sep 12, 2024 @ 19:47:20.312",modification,Endpoint file event,69735cd8499cfbf56dab45602c168d9ce3bec18f106935f17b311c0b17e5ec37.exe,-,-,-,-,ipcs.exe,-,-,-,-,-,-,-,-,-,-,-,-,-
"Sep 12, 2024 @ 19:47:20.309",modification,Endpoint file event,69735cd8499cfbf56dab45602c168d9ce3bec18f106935f17b311c0b17e5ec37.exe,-,-,-,-,ipcrm.exe,-,-,-,-,-,-,-,-,-,-,-,-,-
"Sep 12, 2024 @ 19:47:20.284",modification,Endpoint file event,69735cd8499cfbf56dab45602c168d9ce3bec18f106935f17b311c0b17e5ec37.exe,-,-,-,-,ipcmk.exe,-,-,-,-,-,-,-,-,-,-,-,-,-
"Sep 12, 2024 @ 19:47:20.229",modification,Endpoint file event,69735cd8499cfbf56dab45602c168d9ce3bec18f106935f17b311c0b17e5ec37.exe,-,-,-,-,install.exe,-,-,-,-,-,-,-,-,-,-,-,-,-
"Sep 12, 2024 @ 19:47:20.192",modification,Endpoint file event,69735cd8499cfbf56dab45602c168d9ce3bec18f106935f17b311c0b17e5ec37.exe,-,-,-,-,install-info.exe,-,-,-,-,-,-,-,-,-,-,-,-,-
"Sep 12, 2024 @ 19:47:20.169",modification,Endpoint file event,69735cd8499cfbf56dab45602c168d9ce3bec18f106935f17b311c0b17e5ec37.exe,-,-,-,-,infocmp.exe,-,-,-,-,-,-,-,-,-,-,-,-,-
"Sep 12, 2024 @ 19:47:18.078",modification,Endpoint file event,69735cd8499cfbf56dab45602c168d9ce3bec18f106935f17b311c0b17e5ec37.exe,-,-,-,-,info.exe,-,-,-,-,-,-,-,-,-,-,-,-,-
"Sep 12, 2024 @ 19:47:18.029",modification,Endpoint file event,69735cd8499cfbf56dab45602c168d9ce3bec18f106935f17b311c0b17e5ec37.exe,-,-,-,-,indxbib.exe,-,-,-,-,-,-,-,-,-,-,-,-,-
"Sep 12, 2024 @ 19:47:17.998",modification,Endpoint file event,69735cd8499cfbf56dab45602c168d9ce3bec18f106935f17b311c0b17e5ec37.exe,-,-,-,-,id.exe,-,-,-,-,-,-,-,-,-,-,-,-,-
"Sep 12, 2024 @ 19:47:17.981",modification,Endpoint file event,69735cd8499cfbf56dab45602c168d9ce3bec18f106935f17b311c0b17e5ec37.exe,-,-,-,-,i686-w64-mingw32-windres.exe,-,-,-,-,-,-,-,-,-,-,-,-,-
"Sep 12, 2024 @ 19:47:17.974",modification,Endpoint file event,69735cd8499cfbf56dab45602c168d9ce3bec18f106935f17b311c0b17e5ec37.exe,-,-,-,-,i686-w64-mingw32-windmc.exe,-,-,-,-,-,-,-,-,-,-,-,-,-
"Sep 12, 2024 @ 19:47:17.954",modification,Endpoint file event,69735cd8499cfbf56dab45602c168d9ce3bec18f106935f17b311c0b17e5ec37.exe,-,-,-,-,i686-w64-mingw32-strip.exe,-,-,-,-,-,-,-,-,-,-,-,-,-
"Sep 12, 2024 @ 19:47:17.943",modification,Endpoint file event,69735cd8499cfbf56dab45602c168d9ce3bec18f106935f17b311c0b17e5ec37.exe,-,-,-,-,i686-w64-mingw32-strings.exe,-,-,-,-,-,-,-,-,-,-,-,-,-
"Sep 12, 2024 @ 19:47:17.916",modification,Endpoint file event,69735cd8499cfbf56dab45602c168d9ce3bec18f106935f17b311c0b17e5ec37.exe,-,-,-,-,i686-w64-mingw32-size.exe,-,-,-,-,-,-,-,-,-,-,-,-,-
"Sep 12, 2024 @ 19:47:17.881",modification,Endpoint file event,69735cd8499cfbf56dab45602c168d9ce3bec18f106935f17b311c0b17e5ec37.exe,-,-,-,-,i686-w64-mingw32-readelf.exe,-,-,-,-,-,-,-,-,-,-,-,-,-
"Sep 12, 2024 @ 19:47:17.846",modification,Endpoint file event,69735cd8499cfbf56dab45602c168d9ce3bec18f106935f17b311c0b17e5ec37.exe,-,-,-,-,i686-w64-mingw32-ranlib.exe,-,-,-,-,-,-,-,-,-,-,-,-,-
"Sep 12, 2024 @ 19:47:17.833",modification,Endpoint file event,69735cd8499cfbf56dab45602c168d9ce3bec18f106935f17b311c0b17e5ec37.exe,-,-,-,-,i686-w64-mingw32-objdump.exe,-,-,-,-,-,-,-,-,-,-,-,-,-
"Sep 12, 2024 @ 19:47:17.719",modification,Endpoint file event,69735cd8499cfbf56dab45602c168d9ce3bec18f106935f17b311c0b17e5ec37.exe,-,-,-,-,i686-w64-mingw32-objcopy.exe,-,-,-,-,-,-,-,-,-,-,-,-,-
"Sep 12, 2024 @ 19:47:17.705",modification,Endpoint file event,69735cd8499cfbf56dab45602c168d9ce3bec18f106935f17b311c0b17e5ec37.exe,-,-,-,-,i686-w64-mingw32-nm.exe,-,-,-,-,-,-,-,-,-,-,-,-,-
"Sep 12, 2024 @ 19:47:17.687",modification,Endpoint file event,69735cd8499cfbf56dab45602c168d9ce3bec18f106935f17b311c0b17e5ec37.exe,-,-,-,-,i686-w64-mingw32-lto-dump.exe,-,-,-,-,-,-,-,-,-,-,-,-,-
"Sep 12, 2024 @ 19:47:17.656",modification,Endpoint file event,69735cd8499cfbf56dab45602c168d9ce3bec18f106935f17b311c0b17e5ec37.exe,-,-,-,-,i686-w64-mingw32-ld.bfd.exe,-,-,-,-,-,-,-,-,-,-,-,-,-
"Sep 12, 2024 @ 19:47:17.641",modification,Endpoint file event,69735cd8499cfbf56dab45602c168d9ce3bec18f106935f17b311c0b17e5ec37.exe,-,-,-,-,i686-w64-mingw32-gprof.exe,-,-,-,-,-,-,-,-,-,-,-,-,-
"Sep 12, 2024 @ 19:47:17.606",modification,Endpoint file event,69735cd8499cfbf56dab45602c168d9ce3bec18f106935f17b311c0b17e5ec37.exe,-,-,-,-,i686-w64-mingw32-gcov.exe,-,-,-,-,-,-,-,-,-,-,-,-,-
"Sep 12, 2024 @ 19:47:17.545",modification,Endpoint file event,69735cd8499cfbf56dab45602c168d9ce3bec18f106935f17b311c0b17e5ec37.exe,-,-,-,-,i686-w64-mingw32-gcov-tool.exe,-,-,-,-,-,-,-,-,-,-,-,-,-
"Sep 12, 2024 @ 19:47:17.469",modification,Endpoint file event,69735cd8499cfbf56dab45602c168d9ce3bec18f106935f17b311c0b17e5ec37.exe,-,-,-,-,i686-w64-mingw32-gcov-dump.exe,-,-,-,-,-,-,-,-,-,-,-,-,-
"Sep 12, 2024 @ 19:47:17.450",modification,Endpoint file event,69735cd8499cfbf56dab45602c168d9ce3bec18f106935f17b311c0b17e5ec37.exe,-,-,-,-,i686-w64-mingw32-gcc-ranlib.exe,-,-,-,-,-,-,-,-,-,-,-,-,-
"Sep 12, 2024 @ 19:47:17.438",modification,Endpoint file event,69735cd8499cfbf56dab45602c168d9ce3bec18f106935f17b311c0b17e5ec37.exe,-,-,-,-,i686-w64-mingw32-gcc-nm.exe,-,-,-,-,-,-,-,-,-,-,-,-,-
"Sep 12, 2024 @ 19:47:17.417",modification,Endpoint file event,69735cd8499cfbf56dab45602c168d9ce3bec18f106935f17b311c0b17e5ec37.exe,-,-,-,-,i686-w64-mingw32-gcc-ar.exe,-,-,-,-,-,-,-,-,-,-,-,-,-
"Sep 12, 2024 @ 19:47:17.372",modification,Endpoint file event,69735cd8499cfbf56dab45602c168d9ce3bec18f106935f17b311c0b17e5ec37.exe,-,-,-,-,i686-w64-mingw32-gcc-11.exe,-,-,-,-,-,-,-,-,-,-,-,-,-
"Sep 12, 2024 @ 19:47:17.343",modification,Endpoint file event,69735cd8499cfbf56dab45602c168d9ce3bec18f106935f17b311c0b17e5ec37.exe,-,-,-,-,i686-w64-mingw32-elfedit.exe,-,-,-,-,-,-,-,-,-,-,-,-,-
"Sep 12, 2024 @ 19:47:17.329",modification,Endpoint file event,69735cd8499cfbf56dab45602c168d9ce3bec18f106935f17b311c0b17e5ec37.exe,-,-,-,-,i686-w64-mingw32-dllwrap.exe,-,-,-,-,-,-,-,-,-,-,-,-,-
"Sep 12, 2024 @ 19:47:17.324",modification,Endpoint file event,69735cd8499cfbf56dab45602c168d9ce3bec18f106935f17b311c0b17e5ec37.exe,-,-,-,-,i686-w64-mingw32-dlltool.exe,-,-,-,-,-,-,-,-,-,-,-,-,-
"Sep 12, 2024 @ 19:47:17.306",modification,Endpoint file event,69735cd8499cfbf56dab45602c168d9ce3bec18f106935f17b311c0b17e5ec37.exe,-,-,-,-,i686-w64-mingw32-cpp.exe,-,-,-,-,-,-,-,-,-,-,-,-,-
"Sep 12, 2024 @ 19:47:17.279",modification,Endpoint file event,69735cd8499cfbf56dab45602c168d9ce3bec18f106935f17b311c0b17e5ec37.exe,-,-,-,-,i686-w64-mingw32-c++filt.exe,-,-,-,-,-,-,-,-,-,-,-,-,-
"Sep 12, 2024 @ 19:47:17.258",modification,Endpoint file event,69735cd8499cfbf56dab45602c168d9ce3bec18f106935f17b311c0b17e5ec37.exe,-,-,-,-,i686-w64-mingw32-as.exe,-,-,-,-,-,-,-,-,-,-,-,-,-
"Sep 12, 2024 @ 19:47:17.181",modification,Endpoint file event,69735cd8499cfbf56dab45602c168d9ce3bec18f106935f17b311c0b17e5ec37.exe,-,-,-,-,i686-w64-mingw32-ar.exe,-,-,-,-,-,-,-,-,-,-,-,-,-
"Sep 12, 2024 @ 19:47:17.157",modification,Endpoint file event,69735cd8499cfbf56dab45602c168d9ce3bec18f106935f17b311c0b17e5ec37.exe,-,-,-,-,i686-w64-mingw32-addr2line.exe,-,-,-,-,-,-,-,-,-,-,-,-,-
"Sep 12, 2024 @ 19:47:17.090",modification,Endpoint file event,69735cd8499cfbf56dab45602c168d9ce3bec18f106935f17b311c0b17e5ec37.exe,-,-,-,-,hpftodit.exe,-,-,-,-,-,-,-,-,-,-,-,-,-
"Sep 12, 2024 @ 19:47:17.087",modification,Endpoint file event,69735cd8499cfbf56dab45602c168d9ce3bec18f106935f17b311c0b17e5ec37.exe,-,-,-,-,hostname.exe,-,-,-,-,-,-,-,-,-,-,-,-,-
"Sep 12, 2024 @ 19:47:17.071",modification,Endpoint file event,69735cd8499cfbf56dab45602c168d9ce3bec18f106935f17b311c0b17e5ec37.exe,-,-,-,-,hostid.exe,-,-,-,-,-,-,-,-,-,-,-,-,-
"Sep 12, 2024 @ 19:47:17.067",modification,Endpoint file event,69735cd8499cfbf56dab45602c168d9ce3bec18f106935f17b311c0b17e5ec37.exe,-,-,-,-,hexdump.exe,-,-,-,-,-,-,-,-,-,-,-,-,-
"Sep 12, 2024 @ 19:47:17.010",modification,Endpoint file event,69735cd8499cfbf56dab45602c168d9ce3bec18f106935f17b311c0b17e5ec37.exe,-,-,-,-,head.exe,-,-,-,-,-,-,-,-,-,-,-,-,-
"Sep 12, 2024 @ 19:47:16.994",modification,Endpoint file event,69735cd8499cfbf56dab45602c168d9ce3bec18f106935f17b311c0b17e5ec37.exe,-,-,-,-,hardlink.exe,-,-,-,-,-,-,-,-,-,-,-,-,-
"Sep 12, 2024 @ 19:47:16.963",modification,Endpoint file event,69735cd8499cfbf56dab45602c168d9ce3bec18f106935f17b311c0b17e5ec37.exe,-,-,-,-,gzip.exe,-,-,-,-,-,-,-,-,-,-,-,-,-
"Sep 12, 2024 @ 19:47:16.918",modification,Endpoint file event,69735cd8499cfbf56dab45602c168d9ce3bec18f106935f17b311c0b17e5ec37.exe,-,-,-,-,groups.exe,-,-,-,-,-,-,-,-,-,-,-,-,-
"Sep 12, 2024 @ 19:47:16.907",modification,Endpoint file event,69735cd8499cfbf56dab45602c168d9ce3bec18f106935f17b311c0b17e5ec37.exe,-,-,-,-,grotty.exe,-,-,-,-,-,-,-,-,-,-,-,-,-
"Sep 12, 2024 @ 19:47:16.869",modification,Endpoint file event,69735cd8499cfbf56dab45602c168d9ce3bec18f106935f17b311c0b17e5ec37.exe,-,-,-,-,grops.exe,-,-,-,-,-,-,-,-,-,-,-,-,-
"Sep 12, 2024 @ 19:47:16.851",modification,Endpoint file event,69735cd8499cfbf56dab45602c168d9ce3bec18f106935f17b311c0b17e5ec37.exe,-,-,-,-,grolj4.exe,-,-,-,-,-,-,-,-,-,-,-,-,-
"Sep 12, 2024 @ 19:47:16.841",modification,Endpoint file event,69735cd8499cfbf56dab45602c168d9ce3bec18f106935f17b311c0b17e5ec37.exe,-,-,-,-,grolbp.exe,-,-,-,-,-,-,-,-,-,-,-,-,-
"Sep 12, 2024 @ 19:47:16.837",modification,Endpoint file event,69735cd8499cfbf56dab45602c168d9ce3bec18f106935f17b311c0b17e5ec37.exe,-,-,-,-,groff.exe,-,-,-,-,-,-,-,-,-,-,-,-,-
"Sep 12, 2024 @ 19:47:16.833",modification,Endpoint file event,69735cd8499cfbf56dab45602c168d9ce3bec18f106935f17b311c0b17e5ec37.exe,-,-,-,-,grodvi.exe,-,-,-,-,-,-,-,-,-,-,-,-,-
"Sep 12, 2024 @ 19:47:16.816",modification,Endpoint file event,69735cd8499cfbf56dab45602c168d9ce3bec18f106935f17b311c0b17e5ec37.exe,-,-,-,-,grn.exe,-,-,-,-,-,-,-,-,-,-,-,-,-
"Sep 12, 2024 @ 19:47:16.804",modification,Endpoint file event,69735cd8499cfbf56dab45602c168d9ce3bec18f106935f17b311c0b17e5ec37.exe,-,-,-,-,grep.exe,-,-,-,-,-,-,-,-,-,-,-,-,-
"Sep 12, 2024 @ 19:47:16.790",modification,Endpoint file event,69735cd8499cfbf56dab45602c168d9ce3bec18f106935f17b311c0b17e5ec37.exe,-,-,-,-,gmondump.exe,-,-,-,-,-,-,-,-,-,-,-,-,-
"Sep 12, 2024 @ 19:47:16.770",modification,Endpoint file event,69735cd8499cfbf56dab45602c168d9ce3bec18f106935f17b311c0b17e5ec37.exe,-,-,-,-,gkill.exe,-,-,-,-,-,-,-,-,-,-,-,-,-
"Sep 12, 2024 @ 19:47:16.756",modification,Endpoint file event,69735cd8499cfbf56dab45602c168d9ce3bec18f106935f17b311c0b17e5ec37.exe,-,-,-,-,getopt.exe,-,-,-,-,-,-,-,-,-,-,-,-,-
"Sep 12, 2024 @ 19:47:16.753",modification,Endpoint file event,69735cd8499cfbf56dab45602c168d9ce3bec18f106935f17b311c0b17e5ec37.exe,-,-,-,-,getfacl.exe,-,-,-,-,-,-,-,-,-,-,-,-,-
"Sep 12, 2024 @ 19:47:16.729",modification,Endpoint file event,69735cd8499cfbf56dab45602c168d9ce3bec18f106935f17b311c0b17e5ec37.exe,-,-,-,-,getent.exe,-,-,-,-,-,-,-,-,-,-,-,-,-
"Sep 12, 2024 @ 19:47:16.518",modification,Endpoint file event,69735cd8499cfbf56dab45602c168d9ce3bec18f106935f17b311c0b17e5ec37.exe,-,-,-,-,getconf.exe,-,-,-,-,-,-,-,-,-,-,-,-,-
"Sep 12, 2024 @ 19:47:16.481",modification,Endpoint file event,69735cd8499cfbf56dab45602c168d9ce3bec18f106935f17b311c0b17e5ec37.exe,-,-,-,-,gencat.exe,-,-,-,-,-,-,-,-,-,-,-,-,-
"Sep 12, 2024 @ 19:47:16.388",modification,Endpoint file event,69735cd8499cfbf56dab45602c168d9ce3bec18f106935f17b311c0b17e5ec37.exe,-,-,-,-,gawk-5.3.0.exe,-,-,-,-,-,-,-,-,-,-,-,-,-
"Sep 12, 2024 @ 19:47:16.343",modification,Endpoint file event,69735cd8499cfbf56dab45602c168d9ce3bec18f106935f17b311c0b17e5ec37.exe,-,-,-,-,fold.exe,-,-,-,-,-,-,-,-,-,-,-,-,-
"Sep 12, 2024 @ 19:47:16.330",modification,Endpoint file event,69735cd8499cfbf56dab45602c168d9ce3bec18f106935f17b311c0b17e5ec37.exe,-,-,-,-,fmt.exe,-,-,-,-,-,-,-,-,-,-,-,-,-
"Sep 12, 2024 @ 19:47:16.327",modification,Endpoint file event,69735cd8499cfbf56dab45602c168d9ce3bec18f106935f17b311c0b17e5ec37.exe,-,-,-,-,flock.exe,-,-,-,-,-,-,-,-,-,-,-,-,-
"Sep 12, 2024 @ 19:47:16.314",modification,Endpoint file event,69735cd8499cfbf56dab45602c168d9ce3bec18f106935f17b311c0b17e5ec37.exe,-,-,-,-,find.exe,-,-,-,-,-,-,-,-,-,-,-,-,-
"Sep 12, 2024 @ 19:47:16.285",modification,Endpoint file event,69735cd8499cfbf56dab45602c168d9ce3bec18f106935f17b311c0b17e5ec37.exe,-,-,-,-,file.exe,-,-,-,-,-,-,-,-,-,-,-,-,-
"Sep 12, 2024 @ 19:47:16.270",modification,Endpoint file event,69735cd8499cfbf56dab45602c168d9ce3bec18f106935f17b311c0b17e5ec37.exe,-,-,-,-,false.exe,-,-,-,-,-,-,-,-,-,-,-,-,-
"Sep 12, 2024 @ 19:47:16.267",modification,Endpoint file event,69735cd8499cfbf56dab45602c168d9ce3bec18f106935f17b311c0b17e5ec37.exe,-,-,-,-,fallocate.exe,-,-,-,-,-,-,-,-,-,-,-,-,-
"Sep 12, 2024 @ 19:47:16.247",modification,Endpoint file event,69735cd8499cfbf56dab45602c168d9ce3bec18f106935f17b311c0b17e5ec37.exe,-,-,-,-,factor.exe,-,-,-,-,-,-,-,-,-,-,-,-,-
"Sep 12, 2024 @ 19:47:16.214",modification,Endpoint file event,69735cd8499cfbf56dab45602c168d9ce3bec18f106935f17b311c0b17e5ec37.exe,-,-,-,-,expr.exe,-,-,-,-,-,-,-,-,-,-,-,-,-
"Sep 12, 2024 @ 19:47:16.210",modification,Endpoint file event,69735cd8499cfbf56dab45602c168d9ce3bec18f106935f17b311c0b17e5ec37.exe,-,-,-,-,expand.exe,-,-,-,-,-,-,-,-,-,-,-,-,-
"Sep 12, 2024 @ 19:47:16.206",modification,Endpoint file event,69735cd8499cfbf56dab45602c168d9ce3bec18f106935f17b311c0b17e5ec37.exe,-,-,-,-,eqn.exe,-,-,-,-,-,-,-,-,-,-,-,-,-
"Sep 12, 2024 @ 19:47:16.068",modification,Endpoint file event,69735cd8499cfbf56dab45602c168d9ce3bec18f106935f17b311c0b17e5ec37.exe,-,-,-,-,env.exe,-,-,-,-,-,-,-,-,-,-,-,-,-
"Sep 12, 2024 @ 19:47:16.056",modification,Endpoint file event,69735cd8499cfbf56dab45602c168d9ce3bec18f106935f17b311c0b17e5ec37.exe,-,-,-,-,editrights.exe,-,-,-,-,-,-,-,-,-,-,-,-,-
"Sep 12, 2024 @ 19:47:16.020",modification,Endpoint file event,69735cd8499cfbf56dab45602c168d9ce3bec18f106935f17b311c0b17e5ec37.exe,-,-,-,-,echo.exe,-,-,-,-,-,-,-,-,-,-,-,-,-
"Sep 12, 2024 @ 19:47:16.004",modification,Endpoint file event,69735cd8499cfbf56dab45602c168d9ce3bec18f106935f17b311c0b17e5ec37.exe,-,-,-,-,dumper.exe,-,-,-,-,-,-,-,-,-,-,-,-,-
"Sep 12, 2024 @ 19:47:15.976",modification,Endpoint file event,69735cd8499cfbf56dab45602c168d9ce3bec18f106935f17b311c0b17e5ec37.exe,-,-,-,-,du.exe,-,-,-,-,-,-,-,-,-,-,-,-,-
"Sep 12, 2024 @ 19:47:15.957",modification,Endpoint file event,69735cd8499cfbf56dab45602c168d9ce3bec18f106935f17b311c0b17e5ec37.exe,-,-,-,-,dirname.exe,-,-,-,-,-,-,-,-,-,-,-,-,-
"Sep 12, 2024 @ 19:47:15.954",modification,Endpoint file event,69735cd8499cfbf56dab45602c168d9ce3bec18f106935f17b311c0b17e5ec37.exe,-,-,-,-,dircolors.exe,-,-,-,-,-,-,-,-,-,-,-,-,-
"Sep 12, 2024 @ 19:47:15.945",modification,Endpoint file event,69735cd8499cfbf56dab45602c168d9ce3bec18f106935f17b311c0b17e5ec37.exe,-,-,-,-,dir.exe,-,-,-,-,-,-,-,-,-,-,-,-,-
"Sep 12, 2024 @ 19:47:15.929",modification,Endpoint file event,69735cd8499cfbf56dab45602c168d9ce3bec18f106935f17b311c0b17e5ec37.exe,-,-,-,-,diff3.exe,-,-,-,-,-,-,-,-,-,-,-,-,-
"Sep 12, 2024 @ 19:47:13.821",modification,Endpoint file event,69735cd8499cfbf56dab45602c168d9ce3bec18f106935f17b311c0b17e5ec37.exe,-,-,-,-,diff.exe,-,-,-,-,-,-,-,-,-,-,-,-,-
"Sep 12, 2024 @ 19:47:13.811",modification,Endpoint file event,69735cd8499cfbf56dab45602c168d9ce3bec18f106935f17b311c0b17e5ec37.exe,-,-,-,-,df.exe,-,-,-,-,-,-,-,-,-,-,-,-,-
"Sep 12, 2024 @ 19:47:13.798",modification,Endpoint file event,69735cd8499cfbf56dab45602c168d9ce3bec18f106935f17b311c0b17e5ec37.exe,-,-,-,-,dd.exe,-,-,-,-,-,-,-,-,-,-,-,-,-
"Sep 12, 2024 @ 19:47:13.782",modification,Endpoint file event,69735cd8499cfbf56dab45602c168d9ce3bec18f106935f17b311c0b17e5ec37.exe,-,-,-,-,date.exe,-,-,-,-,-,-,-,-,-,-,-,-,-
"Sep 12, 2024 @ 19:47:13.777",modification,Endpoint file event,69735cd8499cfbf56dab45602c168d9ce3bec18f106935f17b311c0b17e5ec37.exe,-,-,-,-,cygwin-console-helper.exe,-,-,-,-,-,-,-,-,-,-,-,-,-
"Sep 12, 2024 @ 19:47:13.732",modification,Endpoint file event,69735cd8499cfbf56dab45602c168d9ce3bec18f106935f17b311c0b17e5ec37.exe,-,-,-,-,cygstart.exe,-,-,-,-,-,-,-,-,-,-,-,-,-
"Sep 12, 2024 @ 19:47:13.618",modification,Endpoint file event,69735cd8499cfbf56dab45602c168d9ce3bec18f106935f17b311c0b17e5ec37.exe,-,-,-,-,cygpath.exe,-,-,-,-,-,-,-,-,-,-,-,-,-
"Sep 12, 2024 @ 19:47:13.581",modification,Endpoint file event,69735cd8499cfbf56dab45602c168d9ce3bec18f106935f17b311c0b17e5ec37.exe,-,-,-,-,cygcheck.exe,-,-,-,-,-,-,-,-,-,-,-,-,-
"Sep 12, 2024 @ 19:47:13.564",modification,Endpoint file event,69735cd8499cfbf56dab45602c168d9ce3bec18f106935f17b311c0b17e5ec37.exe,-,-,-,-,cut.exe,-,-,-,-,-,-,-,-,-,-,-,-,-
"Sep 12, 2024 @ 19:47:13.546",modification,Endpoint file event,69735cd8499cfbf56dab45602c168d9ce3bec18f106935f17b311c0b17e5ec37.exe,-,-,-,-,ctest.exe,-,-,-,-,-,-,-,-,-,-,-,-,-
"Sep 12, 2024 @ 19:47:13.516",modification,Endpoint file event,69735cd8499cfbf56dab45602c168d9ce3bec18f106935f17b311c0b17e5ec37.exe,-,-,-,-,csplit.exe,-,-,-,-,-,-,-,-,-,-,-,-,-
"Sep 12, 2024 @ 19:47:13.503",modification,Endpoint file event,69735cd8499cfbf56dab45602c168d9ce3bec18f106935f17b311c0b17e5ec37.exe,-,-,-,-,cpack.exe,-,-,-,-,-,-,-,-,-,-,-,-,-
"Sep 12, 2024 @ 19:47:13.476",modification,Endpoint file event,69735cd8499cfbf56dab45602c168d9ce3bec18f106935f17b311c0b17e5ec37.exe,-,-,-,-,cp.exe,-,-,-,-,-,-,-,-,-,-,-,-,-
"Sep 12, 2024 @ 19:47:11.983",deletion,Endpoint file event,69735cd8499cfbf56dab45602c168d9ce3bec18f106935f17b311c0b17e5ec37.exe,-,-,-,-,wincgvh.exe,-,-,-,-,-,-,-,-,-,-,-,-,-
"Sep 12, 2024 @ 19:47:11.981",modification,Endpoint file event,69735cd8499cfbf56dab45602c168d9ce3bec18f106935f17b311c0b17e5ec37.exe,-,-,-,-,wincgvh.exe,-,-,-,-,-,-,-,-,-,-,-,-,-
"Sep 12, 2024 @ 19:47:11.975",creation,Endpoint file event,69735cd8499cfbf56dab45602c168d9ce3bec18f106935f17b311c0b17e5ec37.exe,-,-,-,-,wincgvh.exe,-,-,-,-,-,-,-,-,-,-,-,-,-
"Sep 12, 2024 @ 19:47:11.396",modification,Endpoint file event,69735cd8499cfbf56dab45602c168d9ce3bec18f106935f17b311c0b17e5ec37.exe,-,-,-,-,comm.exe,-,-,-,-,-,-,-,-,-,-,-,-,-
"Sep 12, 2024 @ 19:47:11.372",modification,Endpoint file event,69735cd8499cfbf56dab45602c168d9ce3bec18f106935f17b311c0b17e5ec37.exe,-,-,-,-,column.exe,-,-,-,-,-,-,-,-,-,-,-,-,-
"Sep 12, 2024 @ 19:47:11.368",modification,Endpoint file event,69735cd8499cfbf56dab45602c168d9ce3bec18f106935f17b311c0b17e5ec37.exe,-,-,-,-,colrm.exe,-,-,-,-,-,-,-,-,-,-,-,-,-
"Sep 12, 2024 @ 19:47:11.364",modification,Endpoint file event,69735cd8499cfbf56dab45602c168d9ce3bec18f106935f17b311c0b17e5ec37.exe,-,-,-,-,colcrt.exe,-,-,-,-,-,-,-,-,-,-,-,-,-
"Sep 12, 2024 @ 19:47:11.360",modification,Endpoint file event,69735cd8499cfbf56dab45602c168d9ce3bec18f106935f17b311c0b17e5ec37.exe,-,-,-,-,col.exe,-,-,-,-,-,-,-,-,-,-,-,-,-
"Sep 12, 2024 @ 19:47:11.357",modification,Endpoint file event,69735cd8499cfbf56dab45602c168d9ce3bec18f106935f17b311c0b17e5ec37.exe,-,-,-,-,cmp.exe,-,-,-,-,-,-,-,-,-,-,-,-,-
"Sep 12, 2024 @ 19:47:11.338",modification,Endpoint file event,69735cd8499cfbf56dab45602c168d9ce3bec18f106935f17b311c0b17e5ec37.exe,-,-,-,-,cmake.exe,-,-,-,-,-,-,-,-,-,-,-,-,-
"Sep 12, 2024 @ 19:47:11.294",modification,Endpoint file event,69735cd8499cfbf56dab45602c168d9ce3bec18f106935f17b311c0b17e5ec37.exe,-,-,-,-,clear.exe,-,-,-,-,-,-,-,-,-,-,-,-,-
"Sep 12, 2024 @ 19:47:11.277",modification,Endpoint file event,69735cd8499cfbf56dab45602c168d9ce3bec18f106935f17b311c0b17e5ec37.exe,-,-,-,-,cksum.exe,-,-,-,-,-,-,-,-,-,-,-,-,-
"Sep 12, 2024 @ 19:47:11.241",modification,Endpoint file event,69735cd8499cfbf56dab45602c168d9ce3bec18f106935f17b311c0b17e5ec37.exe,-,-,-,-,chrt.exe,-,-,-,-,-,-,-,-,-,-,-,-,-
"Sep 12, 2024 @ 19:47:11.222",modification,Endpoint file event,69735cd8499cfbf56dab45602c168d9ce3bec18f106935f17b311c0b17e5ec37.exe,-,-,-,-,chroot.exe,-,-,-,-,-,-,-,-,-,-,-,-,-
"Sep 12, 2024 @ 19:47:11.219",modification,Endpoint file event,69735cd8499cfbf56dab45602c168d9ce3bec18f106935f17b311c0b17e5ec37.exe,-,-,-,-,chown.exe,-,-,-,-,-,-,-,-,-,-,-,-,-
"Sep 12, 2024 @ 19:47:11.216",modification,Endpoint file event,69735cd8499cfbf56dab45602c168d9ce3bec18f106935f17b311c0b17e5ec37.exe,-,-,-,-,chmod.exe,-,-,-,-,-,-,-,-,-,-,-,-,-
"Sep 12, 2024 @ 19:47:11.206",modification,Endpoint file event,69735cd8499cfbf56dab45602c168d9ce3bec18f106935f17b311c0b17e5ec37.exe,-,-,-,-,chgrp.exe,-,-,-,-,-,-,-,-,-,-,-,-,-
"Sep 12, 2024 @ 19:47:11.204",modification,Endpoint file event,69735cd8499cfbf56dab45602c168d9ce3bec18f106935f17b311c0b17e5ec37.exe,-,-,-,-,chcon.exe,-,-,-,-,-,-,-,-,-,-,-,-,-
"Sep 12, 2024 @ 19:47:11.201",modification,Endpoint file event,69735cd8499cfbf56dab45602c168d9ce3bec18f106935f17b311c0b17e5ec37.exe,-,-,-,-,chattr.exe,-,-,-,-,-,-,-,-,-,-,-,-,-
"Sep 12, 2024 @ 19:47:11.188",modification,Endpoint file event,69735cd8499cfbf56dab45602c168d9ce3bec18f106935f17b311c0b17e5ec37.exe,-,-,-,-,ccmake.exe,-,-,-,-,-,-,-,-,-,-,-,-,-
"Sep 12, 2024 @ 19:47:11.166",modification,Endpoint file event,69735cd8499cfbf56dab45602c168d9ce3bec18f106935f17b311c0b17e5ec37.exe,-,-,-,-,catman.exe,-,-,-,-,-,-,-,-,-,-,-,-,-
"Sep 12, 2024 @ 19:47:11.139",modification,Endpoint file event,69735cd8499cfbf56dab45602c168d9ce3bec18f106935f17b311c0b17e5ec37.exe,-,-,-,-,cat.exe,-,-,-,-,-,-,-,-,-,-,-,-,-
"Sep 12, 2024 @ 19:47:11.135",modification,Endpoint file event,69735cd8499cfbf56dab45602c168d9ce3bec18f106935f17b311c0b17e5ec37.exe,-,-,-,-,cal.exe,-,-,-,-,-,-,-,-,-,-,-,-,-
"Sep 12, 2024 @ 19:47:11.115",modification,Endpoint file event,69735cd8499cfbf56dab45602c168d9ce3bec18f106935f17b311c0b17e5ec37.exe,-,-,-,-,bzip2recover.exe,-,-,-,-,-,-,-,-,-,-,-,-,-
"Sep 12, 2024 @ 19:47:11.110",modification,Endpoint file event,69735cd8499cfbf56dab45602c168d9ce3bec18f106935f17b311c0b17e5ec37.exe,-,-,-,-,bzip2.exe,-,-,-,-,-,-,-,-,-,-,-,-,-
"Sep 12, 2024 @ 19:47:11.107",modification,Endpoint file event,69735cd8499cfbf56dab45602c168d9ce3bec18f106935f17b311c0b17e5ec37.exe,-,-,-,-,bzcat.exe,-,-,-,-,-,-,-,-,-,-,-,-,-
"Sep 12, 2024 @ 19:47:11.104",modification,Endpoint file event,69735cd8499cfbf56dab45602c168d9ce3bec18f106935f17b311c0b17e5ec37.exe,-,-,-,-,bunzip2.exe,-,-,-,-,-,-,-,-,-,-,-,-,-
"Sep 12, 2024 @ 19:47:11.066",modification,Endpoint file event,69735cd8499cfbf56dab45602c168d9ce3bec18f106935f17b311c0b17e5ec37.exe,-,-,-,-,bmake.exe,-,-,-,-,-,-,-,-,-,-,-,-,-
"Sep 12, 2024 @ 19:47:11.051",modification,Endpoint file event,69735cd8499cfbf56dab45602c168d9ce3bec18f106935f17b311c0b17e5ec37.exe,-,-,-,-,bash.exe,-,-,-,-,-,-,-,-,-,-,-,-,-
"Sep 12, 2024 @ 19:47:11.008",modification,Endpoint file event,69735cd8499cfbf56dab45602c168d9ce3bec18f106935f17b311c0b17e5ec37.exe,-,-,-,-,basenc.exe,-,-,-,-,-,-,-,-,-,-,-,-,-
"Sep 12, 2024 @ 19:47:11.005",modification,Endpoint file event,69735cd8499cfbf56dab45602c168d9ce3bec18f106935f17b311c0b17e5ec37.exe,-,-,-,-,basename.exe,-,-,-,-,-,-,-,-,-,-,-,-,-
"Sep 12, 2024 @ 19:47:11.002",modification,Endpoint file event,69735cd8499cfbf56dab45602c168d9ce3bec18f106935f17b311c0b17e5ec37.exe,-,-,-,-,base64.exe,-,-,-,-,-,-,-,-,-,-,-,-,-
"Sep 12, 2024 @ 19:47:10.998",modification,Endpoint file event,69735cd8499cfbf56dab45602c168d9ce3bec18f106935f17b311c0b17e5ec37.exe,-,-,-,-,base32.exe,-,-,-,-,-,-,-,-,-,-,-,-,-
"Sep 12, 2024 @ 19:47:10.976",modification,Endpoint file event,69735cd8499cfbf56dab45602c168d9ce3bec18f106935f17b311c0b17e5ec37.exe,-,-,-,-,b2sum.exe,-,-,-,-,-,-,-,-,-,-,-,-,-
"Sep 12, 2024 @ 19:47:10.911",modification,Endpoint file event,69735cd8499cfbf56dab45602c168d9ce3bec18f106935f17b311c0b17e5ec37.exe,-,-,-,-,ash.exe,-,-,-,-,-,-,-,-,-,-,-,-,-
"Sep 12, 2024 @ 19:47:10.859",modification,Endpoint file event,69735cd8499cfbf56dab45602c168d9ce3bec18f106935f17b311c0b17e5ec37.exe,-,-,-,-,arch.exe,-,-,-,-,-,-,-,-,-,-,-,-,-
"Sep 12, 2024 @ 19:47:10.841",modification,Endpoint file event,69735cd8499cfbf56dab45602c168d9ce3bec18f106935f17b311c0b17e5ec37.exe,-,-,-,-,addftinfo.exe,-,-,-,-,-,-,-,-,-,-,-,-,-
"Sep 12, 2024 @ 19:46:56.239",modification,Endpoint registry event,69735cd8499cfbf56dab45602c168d9ce3bec18f106935f17b311c0b17e5ec37.exe,-,-,-,-,-,HKEY_USERS\S-1-5-21-2438712759-301890551-4283054500-1001\SOFTWARE\Alif\J3_0,J3_0,-,-,-,-,-,-,-,-,-,-,-
"Sep 12, 2024 @ 19:46:56.239",modification,Endpoint registry event,69735cd8499cfbf56dab45602c168d9ce3bec18f106935f17b311c0b17e5ec37.exe,-,-,-,-,-,HKEY_USERS\S-1-5-21-2438712759-301890551-4283054500-1001\SOFTWARE\Alif\J4_0,J4_0,-,-,-,-,-,-,-,-,-,-,-
"Sep 12, 2024 @ 19:46:56.238",modification,Endpoint registry event,69735cd8499cfbf56dab45602c168d9ce3bec18f106935f17b311c0b17e5ec37.exe,-,-,-,-,-,HKEY_USERS\S-1-5-21-2438712759-301890551-4283054500-1001\SOFTWARE\Alif\J1_0,J1_0,-,-,-,-,-,-,-,-,-,-,-
"Sep 12, 2024 @ 19:46:56.238",modification,Endpoint registry event,69735cd8499cfbf56dab45602c168d9ce3bec18f106935f17b311c0b17e5ec37.exe,-,-,-,-,-,HKEY_USERS\S-1-5-21-2438712759-301890551-4283054500-1001\SOFTWARE\Alif\J2_0,J2_0,-,-,-,-,-,-,-,-,-,-,-
"Sep 12, 2024 @ 19:46:56.220",modification,Endpoint registry event,69735cd8499cfbf56dab45602c168d9ce3bec18f106935f17b311c0b17e5ec37.exe,-,-,-,-,-,HKEY_USERS\S-1-5-21-2438712759-301890551-4283054500-1001\SOFTWARE\Alif\-365941916\-1770873924,-1770873924,-,-,-,-,-,-,-,-,-,-,-
"Sep 12, 2024 @ 19:46:56.220",modification,Endpoint registry event,69735cd8499cfbf56dab45602c168d9ce3bec18f106935f17b311c0b17e5ec37.exe,-,-,-,-,-,HKEY_USERS\S-1-5-21-2438712759-301890551-4283054500-1001\SOFTWARE\Alif\-365941916\81464070,81464070,-,-,-,-,-,-,-,-,-,-,-
"Sep 12, 2024 @ 19:46:56.219",modification,Endpoint registry event,69735cd8499cfbf56dab45602c168d9ce3bec18f106935f17b311c0b17e5ec37.exe,-,-,-,-,-,HKEY_USERS\S-1-5-21-2438712759-301890551-4283054500-1001\SOFTWARE\Alif\-365941916\1852337994,1852337994,-,-,-,-,-,-,-,-,-,-,-
"Sep 12, 2024 @ 19:46:56.219",modification,Endpoint registry event,69735cd8499cfbf56dab45602c168d9ce3bec18f106935f17b311c0b17e5ec37.exe,-,-,-,-,-,HKEY_USERS\S-1-5-21-2438712759-301890551-4283054500-1001\SOFTWARE\Alif\-365941916\-590291308,-590291308,-,-,-,-,-,-,-,-,-,-,-
"Sep 12, 2024 @ 19:46:56.219",modification,Endpoint registry event,69735cd8499cfbf56dab45602c168d9ce3bec18f106935f17b311c0b17e5ec37.exe,-,-,-,-,-,HKEY_USERS\S-1-5-21-2438712759-301890551-4283054500-1001\SOFTWARE\Alif\-365941916\1262046686,1262046686,-,-,-,-,-,-,-,-,-,-,-
"Sep 12, 2024 @ 19:46:56.219",modification,Endpoint registry event,69735cd8499cfbf56dab45602c168d9ce3bec18f106935f17b311c0b17e5ec37.exe,-,-,-,-,-,HKEY_USERS\S-1-5-21-2438712759-301890551-4283054500-1001\SOFTWARE\Alif\-365941916\-1180582616,-1180582616,-,-,-,-,-,-,-,-,-,-,-
"Sep 12, 2024 @ 19:46:56.219",modification,Endpoint registry event,69735cd8499cfbf56dab45602c168d9ce3bec18f106935f17b311c0b17e5ec37.exe,-,-,-,-,-,HKEY_USERS\S-1-5-21-2438712759-301890551-4283054500-1001\SOFTWARE\Alif\-365941916\671755378,671755378,-,-,-,-,-,-,-,-,-,-,-
"Sep 12, 2024 @ 19:46:56.135",modification,Endpoint registry event,69735cd8499cfbf56dab45602c168d9ce3bec18f106935f17b311c0b17e5ec37.exe,-,-,-,-,-,HKLM\SYSTEM\ControlSet001\Services\SharedAccess\Parameters\FirewallPolicy\StandardProfile\DoNotAllowExceptions,DoNotAllowExceptions,-,-,-,-,-,-,-,-,-,-,-
"Sep 12, 2024 @ 19:46:56.135",modification,Endpoint registry event,69735cd8499cfbf56dab45602c168d9ce3bec18f106935f17b311c0b17e5ec37.exe,-,-,-,-,-,HKLM\SYSTEM\ControlSet001\Services\SharedAccess\Parameters\FirewallPolicy\StandardProfile\DisableNotifications,DisableNotifications,-,-,-,-,-,-,-,-,-,-,-
"Sep 12, 2024 @ 19:46:56.134",modification,Endpoint registry event,69735cd8499cfbf56dab45602c168d9ce3bec18f106935f17b311c0b17e5ec37.exe,-,-,-,-,-,HKLM\SYSTEM\ControlSet001\Services\SharedAccess\Parameters\FirewallPolicy\StandardProfile\EnableFirewall,EnableFirewall,-,-,-,-,-,-,-,-,-,-,-
"Sep 12, 2024 @ 19:46:56.124",modification,Endpoint registry event,69735cd8499cfbf56dab45602c168d9ce3bec18f106935f17b311c0b17e5ec37.exe,-,-,-,-,-,HKLM\SOFTWARE\Microsoft\Windows\CurrentVersion\Policies\System\EnableLUA,EnableLUA,-,-,-,-,-,-,-,-,-,-,-
"Sep 12, 2024 @ 19:46:56.108",modification,Endpoint registry event,69735cd8499cfbf56dab45602c168d9ce3bec18f106935f17b311c0b17e5ec37.exe,-,-,-,-,-,HKEY_USERS\S-1-5-21-2438712759-301890551-4283054500-1001\SOFTWARE\Microsoft\Windows\CurrentVersion\Internet Settings\GlobalUserOffline,GlobalUserOffline,-,-,-,-,-,-,-,-,-,-,-
"Sep 12, 2024 @ 19:46:56.034",modification,Endpoint registry event,69735cd8499cfbf56dab45602c168d9ce3bec18f106935f17b311c0b17e5ec37.exe,-,-,-,-,-,HKLM\SOFTWARE\WOW6432Node\Microsoft\Security Center\AntiVirusDisableNotify,AntiVirusDisableNotify,-,-,-,-,-,-,-,-,-,-,-
"Sep 12, 2024 @ 19:46:56.034",modification,Endpoint registry event,69735cd8499cfbf56dab45602c168d9ce3bec18f106935f17b311c0b17e5ec37.exe,-,-,-,-,-,HKLM\SOFTWARE\WOW6432Node\Microsoft\Security Center\FirewallDisableNotify,FirewallDisableNotify,-,-,-,-,-,-,-,-,-,-,-
"Sep 12, 2024 @ 19:46:56.034",modification,Endpoint registry event,69735cd8499cfbf56dab45602c168d9ce3bec18f106935f17b311c0b17e5ec37.exe,-,-,-,-,-,HKLM\SOFTWARE\WOW6432Node\Microsoft\Security Center\FirewallOverride,FirewallOverride,-,-,-,-,-,-,-,-,-,-,-
"Sep 12, 2024 @ 19:46:56.034",modification,Endpoint registry event,69735cd8499cfbf56dab45602c168d9ce3bec18f106935f17b311c0b17e5ec37.exe,-,-,-,-,-,HKLM\SOFTWARE\WOW6432Node\Microsoft\Security Center\UpdatesDisableNotify,UpdatesDisableNotify,-,-,-,-,-,-,-,-,-,-,-
"Sep 12, 2024 @ 19:46:56.034",modification,Endpoint registry event,69735cd8499cfbf56dab45602c168d9ce3bec18f106935f17b311c0b17e5ec37.exe,-,-,-,-,-,HKLM\SOFTWARE\WOW6432Node\Microsoft\Security Center\UacDisableNotify,UacDisableNotify,-,-,-,-,-,-,-,-,-,-,-
"Sep 12, 2024 @ 19:46:56.033",modification,Endpoint registry event,69735cd8499cfbf56dab45602c168d9ce3bec18f106935f17b311c0b17e5ec37.exe,-,-,-,-,-,HKEY_USERS\S-1-5-21-2438712759-301890551-4283054500-1001\SOFTWARE\Microsoft\Windows\CurrentVersion\Explorer\Advanced\Hidden,Hidden,-,-,-,-,-,-,-,-,-,-,-
"Sep 12, 2024 @ 19:46:56.033",modification,Endpoint registry event,69735cd8499cfbf56dab45602c168d9ce3bec18f106935f17b311c0b17e5ec37.exe,-,-,-,-,-,HKLM\SOFTWARE\WOW6432Node\Microsoft\Security Center\AntiVirusOverride,AntiVirusOverride,-,-,-,-,-,-,-,-,-,-,-
"Sep 12, 2024 @ 19:46:55.940",load,Endpoint DLL load event,69735cd8499cfbf56dab45602c168d9ce3bec18f106935f17b311c0b17e5ec37.exe,-,-,-,69735cd8499cfbf56dab45602c168d9ce3bec18f106935f17b311c0b17e5ec37.exe,-,-,-,-,-,-,-,-,-,-,-,-,-,-
"Sep 12, 2024 @ 19:46:53.664",start,Endpoint process event,69735cd8499cfbf56dab45602c168d9ce3bec18f106935f17b311c0b17e5ec37.exe,explorer.exe,C:\Users\John\69735cd8499cfbf56dab45602c168d9ce3bec18f106935f17b311c0b17e5ec37.exe,-,-,-,-,-,-,-,-,-,-,-,-,-,-,-,-
"Sep 12, 2024 @ 19:46:53.657",execution,Malware Detection Alert,69735cd8499cfbf56dab45602c168d9ce3bec18f106935f17b311c0b17e5ec37.exe,explorer.exe,C:\Users\John\69735cd8499cfbf56dab45602c168d9ce3bec18f106935f17b311c0b17e5ec37.exe,-,-,69735cd8499cfbf56dab45602c168d9ce3bec18f106935f17b311c0b17e5ec37.exe,-,-,-,-,-,-,-,-,-,-,-,-,-
"Sep 16, 2024 @ 19:29:02.470",end,Endpoint process event,cmd.exe,explorer.exe,"cmd, /c, schtasks.exe, /create, /tn, Solving, /tr, wscript //B 'C:\Users\John\AppData\Local\MindCalm Technologies LLC\ZenFlow.js', /sc, minute, /mo, 5, /F",-,-,-,-,-,-,-,-,-,-,-,-,-,-,-,-
"Sep 16, 2024 @ 19:29:02.467",end,Endpoint process event,schtasks.exe,cmd.exe,"schtasks.exe, /create, /tn, Solving, /tr, wscript //B 'C:\Users\John\AppData\Local\MindCalm Technologies LLC\ZenFlow.js', /sc, minute, /mo, 5, /F",-,-,-,-,-,-,-,-,-,-,-,-,-,-,-,-
"Sep 16, 2024 @ 19:29:02.442",load,Endpoint DLL load event,schtasks.exe,-,-,taskschd.dll,taskschd.dll,-,-,-,-,-,-,-,-,-,-,-,-,-,-
"Sep 16, 2024 @ 19:29:02.420",start,Endpoint process event,schtasks.exe,cmd.exe,"schtasks.exe, /create, /tn, Solving, /tr, wscript //B 'C:\Users\John\AppData\Local\MindCalm Technologies LLC\ZenFlow.js', /sc, minute, /mo, 5, /F",-,-,-,-,-,-,-,-,-,-,-,-,-,-,-,-
"Sep 16, 2024 @ 19:29:02.376",start,Endpoint process event,cmd.exe,explorer.exe,"cmd, /c, schtasks.exe, /create, /tn, Solving, /tr, wscript //B 'C:\Users\John\AppData\Local\MindCalm Technologies LLC\ZenFlow.js', /sc, minute, /mo, 5, /F",-,-,-,-,-,-,-,-,-,-,-,-,-,-,-,-
"Sep 16, 2024 @ 19:29:02.198",load,Endpoint DLL load event,ZenFlow.scr,-,-,-,ntdll.dll,-,-,-,-,-,-,-,-,-,-,-,-,-,-
"Sep 16, 2024 @ 19:29:02.074",end,Endpoint process event,wscript.exe,svchost.exe,"C:\Windows\system32\wscript.EXE, //B, C:\Users\John\AppData\Local\MindCalm Technologies LLC\ZenFlow.js",-,-,-,-,-,-,-,-,-,-,-,-,-,-,-,-
"Sep 16, 2024 @ 19:29:02.069",load,Endpoint DLL load event,ZenFlow.scr,-,-,AutoIt3.exe,ZenFlow.scr,-,-,-,-,-,-,-,-,-,-,-,-,-,-
"Sep 16, 2024 @ 19:29:02.069",modification,Endpoint registry event,wscript.exe,-,-,-,-,-,HKEY_USERS\S-1-5-21-2438712759-301890551-4283054500-1001\SOFTWARE\Microsoft\Windows Script\Settings\Telemetry\wscript.exe\JScriptSetScriptStateStarted,JScriptSetScriptStateStarted,-,-,-,-,-,-,-,-,-,-,-
"Sep 16, 2024 @ 19:29:02.065",start,Endpoint process event,ZenFlow.scr,wscript.exe,"C:\Users\John\AppData\Local\MindCalm Technologies LLC\ZenFlow.scr, C:\Users\John\AppData\Local\MindCalm Technologies LLC\f",-,-,-,-,-,-,-,-,-,-,-,-,-,-,-,-
"Sep 16, 2024 @ 19:29:02.053",load,Endpoint DLL load event,wscript.exe,-,-,-,scrrun.dll,-,-,-,-,-,-,-,-,-,-,-,-,-,-
"Sep 16, 2024 @ 19:29:02.029",load,Endpoint DLL load event,wscript.exe,-,-,-,scrobj.dll,-,-,-,-,-,-,-,-,-,-,-,-,-,-
"Sep 16, 2024 @ 19:29:02.009",load,Endpoint DLL load event,wscript.exe,-,-,-,jscript.dll,-,-,-,-,-,-,-,-,-,-,-,-,-,-
"Sep 16, 2024 @ 19:29:01.956",start,Endpoint process event,wscript.exe,svchost.exe,"C:\Windows\system32\wscript.EXE, //B, C:\Users\John\AppData\Local\MindCalm Technologies LLC\ZenFlow.js",-,-,-,-,-,-,-,-,-,-,-,-,-,-,-,-
"Sep 16, 2024 @ 19:27:52.825",start,Endpoint process event,-,-,"schtasks.exe, /create, /tn, Solving, /tr, wscript //B 'C:\Users\John\AppData\Local\MindCalm Technologies LLC\ZenFlow.js', /sc, minute, /mo, 5, /F",-,-,-,-,-,-,-,-,-,-,-,-,-,-,Persistence,Scheduled Task
"Sep 16, 2024 @ 19:27:52.824",start,Endpoint process event,schtasks.exe,cmd.exe,"schtasks.exe, /create, /tn, Solving, /tr, wscript //B 'C:\Users\John\AppData\Local\MindCalm Technologies LLC\ZenFlow.js', /sc, minute, /mo, 5, /F",-,-,-,-,-,-,-,-,-,-,-,-,-,-,Persistence,Scheduled Task
"Sep 16, 2024 @ 19:27:52.822",start,Endpoint process event,cmd.exe,explorer.exe,"cmd, /c, schtasks.exe, /create, /tn, Solving, /tr, wscript //B 'C:\Users\John\AppData\Local\MindCalm Technologies LLC\ZenFlow.js', /sc, minute, /mo, 5, /F",-,-,-,-,-,-,-,-,-,-,-,-,-,-,Persistence,Scheduled Task
"Sep 16, 2024 @ 19:26:43.495",start,Endpoint process event,ZenFlow.scr,wscript.exe,"C:\Users\John\AppData\Local\MindCalm Technologies LLC\ZenFlow.scr, C:\Users\John\AppData\Local\MindCalm Technologies LLC\f",-,-,-,-,-,-,-,-,-,-,-,-,-,-,Defense Evasion,Rename System Utilities
"Sep 16, 2024 @ 19:25:23.881",deletion,Endpoint file event,dllhost.exe,-,-,-,-,info_48[1],-,-,-,-,-,-,-,-,-,-,-,-,-
"Sep 16, 2024 @ 19:25:23.880",deletion,Endpoint file event,dllhost.exe,-,-,-,-,httpErrorPagesScripts[1],-,-,-,-,-,-,-,-,-,-,-,-,-
"Sep 16, 2024 @ 19:25:23.848",deletion,Endpoint file event,dllhost.exe,-,-,-,-,errorPageStrings[2],-,-,-,-,-,-,-,-,-,-,-,-,-
"Sep 16, 2024 @ 19:25:21.490",end,Endpoint process event,ZenFlow.scr,wscript.exe,"C:\Users\John\AppData\Local\MindCalm Technologies LLC\ZenFlow.scr, C:\Users\John\AppData\Local\MindCalm Technologies LLC\f",-,-,-,-,-,-,-,-,-,-,-,-,-,-,-,-
"Sep 16, 2024 @ 19:24:51.210",lookup_requested,"DNS query is completed for the name solutionhub.cc, type 28, query options 2251800887582720 with status 1460 Results  ",ZenFlow.scr,-,-,-,-,-,-,-,solutionhub.cc,-,False,-7,-,-,-,-,-,-,-
"Sep 16, 2024 @ 19:24:42.139",modification,Endpoint registry event,ZenFlow.scr,-,-,-,-,-,HKEY_USERS\S-1-5-21-2438712759-301890551-4283054500-1001\SOFTWARE\Microsoft\Windows\CurrentVersion\Internet Settings\ZoneMap\UNCAsIntranet,UNCAsIntranet,-,-,-,-,-,-,-,-,-,-,-
"Sep 16, 2024 @ 19:24:42.139",modification,Endpoint registry event,ZenFlow.scr,-,-,-,-,-,HKEY_USERS\S-1-5-21-2438712759-301890551-4283054500-1001\SOFTWARE\Microsoft\Windows\CurrentVersion\Internet Settings\ZoneMap\AutoDetect,AutoDetect,-,-,-,-,-,-,-,-,-,-,-
"Sep 16, 2024 @ 19:24:42.138",modification,Endpoint registry event,ZenFlow.scr,-,-,-,-,-,HKEY_USERS\S-1-5-21-2438712759-301890551-4283054500-1001\SOFTWARE\Microsoft\Windows\CurrentVersion\Internet Settings\ZoneMap\ProxyBypass,ProxyBypass,-,-,-,-,-,-,-,-,-,-,-
"Sep 16, 2024 @ 19:24:42.138",modification,Endpoint registry event,ZenFlow.scr,-,-,-,-,-,HKEY_USERS\S-1-5-21-2438712759-301890551-4283054500-1001\SOFTWARE\Microsoft\Windows\CurrentVersion\Internet Settings\ZoneMap\IntranetName,IntranetName,-,-,-,-,-,-,-,-,-,-,-
"Sep 16, 2024 @ 19:24:31.564",start,Endpoint process event,wscript.exe,svchost.exe,"C:\Windows\system32\wscript.EXE, //B, C:\Users\John\AppData\Local\MindCalm Technologies LLC\ZenFlow.js",-,-,-,-,-,-,-,-,-,-,-,-,-,-,"Persistence, Execution","Scheduled Task, Scheduled Task"
"Sep 16, 2024 @ 19:24:24.977",lookup_requested,"DNS query is completed for the name vTDBEdmESF.vTDBEdmESF, type 1, query options 2251801155993600 with status 1460 Results  ",ZenFlow.scr,-,-,-,-,-,-,-,vTDBEdmESF.vTDBEdmESF,-,-,-,-,-,-,-,-,-,-
"Sep 16, 2024 @ 19:21:39.643",rename,Endpoint file event,dllhost.exe,-,-,-,-,V010001A.log,-,-,-,-,-,-,-,-,-,-,-,-,-
"Sep 16, 2024 @ 19:21:39.642",rename,Endpoint file event,dllhost.exe,-,-,-,-,V01tmp.log,-,-,-,-,-,-,-,-,-,-,-,-,-
"Sep 16, 2024 @ 19:20:01.507",creation,Endpoint file event,cmd.exe,-,-,-,-,ZenFlow.url,-,-,-,-,-,-,-,-,-,-,-,Persistence,Registry Run Keys / Startup Folder
"Sep 16, 2024 @ 19:16:37.720",start,Endpoint process event,Playboy.pif,cmd.exe,"Playboy.pif, p",-,-,-,-,-,-,-,-,-,-,-,-,-,-,Defense Evasion,Rename System Utilities
"Sep 16, 2024 @ 19:15:27.533",end,Endpoint process event,Playboy.pif,cmd.exe,"Playboy.pif, p",-,-,-,-,-,-,-,-,-,-,-,-,-,-,-,-
"Sep 16, 2024 @ 19:15:04.347",lookup_requested,"DNS query is completed for the name solutionhub.cc, type 28, query options 2251800887582720 with status 1460 Results  ",Playboy.pif,-,-,-,-,-,-,-,solutionhub.cc,-,False,-7,-,-,-,-,-,-,-
"Sep 16, 2024 @ 19:14:52.326",modification,Endpoint registry event,Playboy.pif,-,-,-,-,-,HKEY_USERS\S-1-5-21-2438712759-301890551-4283054500-1001\SOFTWARE\Microsoft\Windows\CurrentVersion\Internet Settings\ZoneMap\AutoDetect,AutoDetect,-,-,-,-,-,-,-,-,-,-,-
"Sep 16, 2024 @ 19:14:52.325",modification,Endpoint registry event,Playboy.pif,-,-,-,-,-,HKEY_USERS\S-1-5-21-2438712759-301890551-4283054500-1001\SOFTWARE\Microsoft\Windows\CurrentVersion\Internet Settings\ZoneMap\ProxyBypass,ProxyBypass,-,-,-,-,-,-,-,-,-,-,-
"Sep 16, 2024 @ 19:14:52.325",modification,Endpoint registry event,Playboy.pif,-,-,-,-,-,HKEY_USERS\S-1-5-21-2438712759-301890551-4283054500-1001\SOFTWARE\Microsoft\Windows\CurrentVersion\Internet Settings\ZoneMap\IntranetName,IntranetName,-,-,-,-,-,-,-,-,-,-,-
"Sep 16, 2024 @ 19:14:52.325",modification,Endpoint registry event,Playboy.pif,-,-,-,-,-,HKEY_USERS\S-1-5-21-2438712759-301890551-4283054500-1001\SOFTWARE\Microsoft\Windows\CurrentVersion\Internet Settings\ZoneMap\UNCAsIntranet,UNCAsIntranet,-,-,-,-,-,-,-,-,-,-,-
"Sep 16, 2024 @ 19:14:37.605",end,Endpoint process event,cmd.exe,4c26dd1754f1bd8da1c39bc2c7721d5bccbd6403d56f0370c53ee4d518167874.exe,"C:\Windows\System32\cmd.exe, /c, move, Exceed, Exceed.bat, &, Exceed.bat",-,-,-,-,-,-,-,-,-,-,-,-,-,-,-,-
"Sep 16, 2024 @ 19:14:37.592",end,Endpoint process event,choice.exe,cmd.exe,"choice, /d, y, /t, 5",-,-,-,-,-,-,-,-,-,-,-,-,-,-,-,-
"Sep 16, 2024 @ 19:14:35.856",end,Endpoint process event,4c26dd1754f1bd8da1c39bc2c7721d5bccbd6403d56f0370c53ee4d518167874.exe,explorer.exe,C:\Users\John\4c26dd1754f1bd8da1c39bc2c7721d5bccbd6403d56f0370c53ee4d518167874.exe,-,-,-,-,-,-,-,-,-,-,-,-,-,-,-,-
"Sep 16, 2024 @ 19:14:33.383",lookup_requested,"DNS query is completed for the name vTDBEdmESF.vTDBEdmESF, type 1, query options 2251801155993600 with status 1460 Results  ",Playboy.pif,-,-,-,-,-,-,-,vTDBEdmESF.vTDBEdmESF,-,-,-,-,-,-,-,-,-,-
"Sep 16, 2024 @ 19:14:33.227",end,Endpoint process event,cmd.exe,explorer.exe,"cmd, /k, echo, [InternetShortcut], >, C:\Users\John\AppData\Roaming\Microsoft\Windows\Start Menu\Programs\Startup\ZenFlow.url, &, echo, URL=C:\Users\John\AppData\Local\MindCalm Technologies LLC\ZenFlow.js, >>, C:\Users\John\AppData\Roaming\Microsoft\Windows\Start Menu\Programs\Startup\ZenFlow.url, &, exit",-,-,-,-,-,-,-,-,-,-,-,-,-,-,-,-
"Sep 16, 2024 @ 19:14:33.223",creation,Endpoint file event,cmd.exe,-,-,-,-,ZenFlow.url,-,-,-,-,-,-,-,-,-,-,-,-,-
"Sep 16, 2024 @ 19:14:33.107",deletion,Endpoint file event,Playboy.pif,-,-,-,-,p,-,-,-,-,-,-,-,-,-,-,-,-,-
"Sep 16, 2024 @ 19:14:33.096",start,Endpoint process event,cmd.exe,explorer.exe,"cmd, /k, echo, [InternetShortcut], >, C:\Users\John\AppData\Roaming\Microsoft\Windows\Start Menu\Programs\Startup\ZenFlow.url, &, echo, URL=C:\Users\John\AppData\Local\MindCalm Technologies LLC\ZenFlow.js, >>, C:\Users\John\AppData\Roaming\Microsoft\Windows\Start Menu\Programs\Startup\ZenFlow.url, &, exit",-,-,-,-,-,-,-,-,-,-,-,-,-,-,-,-
"Sep 16, 2024 @ 19:14:33.075",creation,Endpoint file event,Playboy.pif,-,-,-,-,ZenFlow.js,-,-,-,-,-,-,-,-,-,-,-,-,-
"Sep 16, 2024 @ 19:14:33.068",creation,Endpoint file event,Playboy.pif,-,-,-,-,ZenFlow.scr,-,-,-,-,-,-,-,-,-,-,-,-,-
"Sep 16, 2024 @ 19:14:33.056",creation,Endpoint file event,Playboy.pif,-,-,-,-,f,-,-,-,-,-,-,-,-,-,-,-,-,-
"Sep 16, 2024 @ 19:14:32.873",load,Endpoint DLL load event,Playboy.pif,-,-,-,ntdll.dll,-,-,-,-,-,-,-,-,-,-,-,-,-,-
"Sep 16, 2024 @ 19:14:32.324",start,Endpoint process event,choice.exe,cmd.exe,"choice, /d, y, /t, 5",-,-,-,-,-,-,-,-,-,-,-,-,-,-,-,-
"Sep 16, 2024 @ 19:14:32.199",load,Endpoint DLL load event,Playboy.pif,-,-,AutoIt3.exe,Playboy.pif,-,-,-,-,-,-,-,-,-,-,-,-,-,-
"Sep 16, 2024 @ 19:14:32.153",start,Endpoint process event,Playboy.pif,cmd.exe,"Playboy.pif, p",-,-,-,-,-,-,-,-,-,-,-,-,-,-,-,-
"Sep 16, 2024 @ 19:14:32.062",end,Endpoint process event,cmd.exe,cmd.exe,"cmd, /c, copy, /b, ..\Algorithm, +, ..\Dept, +, ..\Containers, +, ..\Cal, +, ..\Filled, +, ..\Plymouth, +, ..\Checks, +, ..\Grounds, p",-,-,-,-,-,-,-,-,-,-,-,-,-,-,-,-
"Sep 16, 2024 @ 19:14:32.059",creation,Endpoint file event,cmd.exe,-,-,-,-,p,-,-,-,-,-,-,-,-,-,-,-,-,-
"Sep 16, 2024 @ 19:14:32.031",start,Endpoint process event,cmd.exe,cmd.exe,"cmd, /c, copy, /b, ..\Algorithm, +, ..\Dept, +, ..\Containers, +, ..\Cal, +, ..\Filled, +, ..\Plymouth, +, ..\Checks, +, ..\Grounds, p",-,-,-,-,-,-,-,-,-,-,-,-,-,-,-,-
"Sep 16, 2024 @ 19:14:31.990",modification,Endpoint file event,cmd.exe,-,-,-,-,Playboy.pif,-,-,-,-,-,-,-,-,-,-,-,-,-
"Sep 16, 2024 @ 19:14:31.930",creation,Endpoint file event,cmd.exe,-,-,-,-,Playboy.pif,-,-,-,-,-,-,-,-,-,-,-,-,-
"Sep 16, 2024 @ 19:14:31.928",end,Endpoint process event,findstr.exe,cmd.exe,"findstr, /V, NonCostsDialogueAngels, Oe",-,-,-,-,-,-,-,-,-,-,-,-,-,-,-,-
"Sep 16, 2024 @ 19:14:31.910",start,Endpoint process event,findstr.exe,cmd.exe,"findstr, /V, NonCostsDialogueAngels, Oe",-,-,-,-,-,-,-,-,-,-,-,-,-,-,-,-
"Sep 16, 2024 @ 19:14:31.887",end,Endpoint process event,cmd.exe,cmd.exe,"cmd, /c, md, 758927",-,-,-,-,-,-,-,-,-,-,-,-,-,-,-,-
"Sep 16, 2024 @ 19:14:31.869",start,Endpoint process event,cmd.exe,cmd.exe,"cmd, /c, md, 758927",-,-,-,-,-,-,-,-,-,-,-,-,-,-,-,-
"Sep 16, 2024 @ 19:14:31.854",end,Endpoint process event,findstr.exe,cmd.exe,"findstr, /I, avastui avgui bdservicehost nswscsvc sophoshealth",-,-,-,-,-,-,-,-,-,-,-,-,-,-,-,-
"Sep 16, 2024 @ 19:14:31.852",end,Endpoint process event,tasklist.exe,cmd.exe,tasklist,-,-,-,-,-,-,-,-,-,-,-,-,-,-,-,-
"Sep 16, 2024 @ 19:14:31.660",load,Endpoint DLL load event,tasklist.exe,-,-,wmiutils.dll,wmiutils.dll,-,-,-,-,-,-,-,-,-,-,-,-,-,-
"Sep 16, 2024 @ 19:14:31.637",load,Endpoint DLL load event,tasklist.exe,-,-,fastprox.dll,fastprox.dll,-,-,-,-,-,-,-,-,-,-,-,-,-,-
"Sep 16, 2024 @ 19:14:31.635",load,Endpoint DLL load event,tasklist.exe,-,-,wbemsvc.dll,wbemsvc.dll,-,-,-,-,-,-,-,-,-,-,-,-,-,-
"Sep 16, 2024 @ 19:14:31.629",load,Endpoint DLL load event,tasklist.exe,-,-,wbemprox.dll,wbemprox.dll,-,-,-,-,-,-,-,-,-,-,-,-,-,-
"Sep 16, 2024 @ 19:14:31.629",load,Endpoint DLL load event,tasklist.exe,-,-,-,wbemcomn.dll,-,-,-,-,-,-,-,-,-,-,-,-,-,-
"Sep 16, 2024 @ 19:14:31.607",start,Endpoint process event,findstr.exe,cmd.exe,"findstr, /I, avastui avgui bdservicehost nswscsvc sophoshealth",-,-,-,-,-,-,-,-,-,-,-,-,-,-,-,-
"Sep 16, 2024 @ 19:14:31.601",start,Endpoint process event,tasklist.exe,cmd.exe,tasklist,-,-,-,-,-,-,-,-,-,-,-,-,-,-,-,-
"Sep 16, 2024 @ 19:14:31.547",end,Endpoint process event,findstr.exe,cmd.exe,"findstr, /I, wrsa opssvc",-,-,-,-,-,-,-,-,-,-,-,-,-,-,-,-
"Sep 16, 2024 @ 19:14:30.635",start,Endpoint process event,findstr.exe,cmd.exe,"findstr, /I, wrsa opssvc",-,-,-,-,-,-,-,-,-,-,-,-,-,-,-,-
"Sep 16, 2024 @ 19:14:28.812",rename,Endpoint file event,cmd.exe,-,-,-,-,Exceed.bat,-,-,-,-,-,-,-,-,-,-,-,-,-
"Sep 16, 2024 @ 19:14:28.647",start,Endpoint process event,cmd.exe,4c26dd1754f1bd8da1c39bc2c7721d5bccbd6403d56f0370c53ee4d518167874.exe,"C:\Windows\System32\cmd.exe, /c, move, Exceed, Exceed.bat, &, Exceed.bat",-,-,-,-,-,-,-,-,-,-,-,-,-,-,-,-
"Sep 16, 2024 @ 19:14:28.192",modification,Endpoint registry event,4c26dd1754f1bd8da1c39bc2c7721d5bccbd6403d56f0370c53ee4d518167874.exe,-,-,-,-,-,HKEY_USERS\S-1-5-21-2438712759-301890551-4283054500-1001\SOFTWARE\Microsoft\Windows\CurrentVersion\Internet Settings\ZoneMap\ProxyBypass,ProxyBypass,-,-,-,-,-,-,-,-,-,-,-
"Sep 16, 2024 @ 19:14:28.192",modification,Endpoint registry event,4c26dd1754f1bd8da1c39bc2c7721d5bccbd6403d56f0370c53ee4d518167874.exe,-,-,-,-,-,HKEY_USERS\S-1-5-21-2438712759-301890551-4283054500-1001\SOFTWARE\Microsoft\Windows\CurrentVersion\Internet Settings\ZoneMap\IntranetName,IntranetName,-,-,-,-,-,-,-,-,-,-,-
"Sep 16, 2024 @ 19:14:28.192",modification,Endpoint registry event,4c26dd1754f1bd8da1c39bc2c7721d5bccbd6403d56f0370c53ee4d518167874.exe,-,-,-,-,-,HKEY_USERS\S-1-5-21-2438712759-301890551-4283054500-1001\SOFTWARE\Microsoft\Windows\CurrentVersion\Internet Settings\ZoneMap\UNCAsIntranet,UNCAsIntranet,-,-,-,-,-,-,-,-,-,-,-
"Sep 16, 2024 @ 19:14:28.192",modification,Endpoint registry event,4c26dd1754f1bd8da1c39bc2c7721d5bccbd6403d56f0370c53ee4d518167874.exe,-,-,-,-,-,HKEY_USERS\S-1-5-21-2438712759-301890551-4283054500-1001\SOFTWARE\Microsoft\Windows\CurrentVersion\Internet Settings\ZoneMap\AutoDetect,AutoDetect,-,-,-,-,-,-,-,-,-,-,-
"Sep 16, 2024 @ 19:14:27.831",creation,Endpoint file event,4c26dd1754f1bd8da1c39bc2c7721d5bccbd6403d56f0370c53ee4d518167874.exe,-,-,-,-,Algorithm,-,-,-,-,-,-,-,-,-,-,-,-,-
"Sep 16, 2024 @ 19:14:27.824",creation,Endpoint file event,4c26dd1754f1bd8da1c39bc2c7721d5bccbd6403d56f0370c53ee4d518167874.exe,-,-,-,-,Leu,-,-,-,-,-,-,-,-,-,-,-,-,-
"Sep 16, 2024 @ 19:14:27.773",creation,Endpoint file event,4c26dd1754f1bd8da1c39bc2c7721d5bccbd6403d56f0370c53ee4d518167874.exe,-,-,-,-,WishlistPure,-,-,-,-,-,-,-,-,-,-,-,-,-
"Sep 16, 2024 @ 19:14:27.771",creation,Endpoint file event,4c26dd1754f1bd8da1c39bc2c7721d5bccbd6403d56f0370c53ee4d518167874.exe,-,-,-,-,Oe,-,-,-,-,-,-,-,-,-,-,-,-,-
"Sep 16, 2024 @ 19:14:27.770",creation,Endpoint file event,4c26dd1754f1bd8da1c39bc2c7721d5bccbd6403d56f0370c53ee4d518167874.exe,-,-,-,-,Cal,-,-,-,-,-,-,-,-,-,-,-,-,-
"Sep 16, 2024 @ 19:14:27.766",creation,Endpoint file event,4c26dd1754f1bd8da1c39bc2c7721d5bccbd6403d56f0370c53ee4d518167874.exe,-,-,-,-,NovelSmith,-,-,-,-,-,-,-,-,-,-,-,-,-
"Sep 16, 2024 @ 19:14:27.764",creation,Endpoint file event,4c26dd1754f1bd8da1c39bc2c7721d5bccbd6403d56f0370c53ee4d518167874.exe,-,-,-,-,Exceed,-,-,-,-,-,-,-,-,-,-,-,-,-
"Sep 16, 2024 @ 19:14:27.761",creation,Endpoint file event,4c26dd1754f1bd8da1c39bc2c7721d5bccbd6403d56f0370c53ee4d518167874.exe,-,-,-,-,Plymouth,-,-,-,-,-,-,-,-,-,-,-,-,-
"Sep 16, 2024 @ 19:14:27.756",creation,Endpoint file event,4c26dd1754f1bd8da1c39bc2c7721d5bccbd6403d56f0370c53ee4d518167874.exe,-,-,-,-,Filled,-,-,-,-,-,-,-,-,-,-,-,-,-
"Sep 16, 2024 @ 19:14:27.751",creation,Endpoint file event,4c26dd1754f1bd8da1c39bc2c7721d5bccbd6403d56f0370c53ee4d518167874.exe,-,-,-,-,Dept,-,-,-,-,-,-,-,-,-,-,-,-,-
"Sep 16, 2024 @ 19:14:27.741",creation,Endpoint file event,4c26dd1754f1bd8da1c39bc2c7721d5bccbd6403d56f0370c53ee4d518167874.exe,-,-,-,-,MatsKate,-,-,-,-,-,-,-,-,-,-,-,-,-
"Sep 16, 2024 @ 19:14:27.740",creation,Endpoint file event,4c26dd1754f1bd8da1c39bc2c7721d5bccbd6403d56f0370c53ee4d518167874.exe,-,-,-,-,DebtCraft,-,-,-,-,-,-,-,-,-,-,-,-,-
"Sep 16, 2024 @ 19:14:27.739",creation,Endpoint file event,4c26dd1754f1bd8da1c39bc2c7721d5bccbd6403d56f0370c53ee4d518167874.exe,-,-,-,-,Checks,-,-,-,-,-,-,-,-,-,-,-,-,-
"Sep 16, 2024 @ 19:14:27.734",creation,Endpoint file event,4c26dd1754f1bd8da1c39bc2c7721d5bccbd6403d56f0370c53ee4d518167874.exe,-,-,-,-,Grounds,-,-,-,-,-,-,-,-,-,-,-,-,-
"Sep 16, 2024 @ 19:14:27.702",creation,Endpoint file event,4c26dd1754f1bd8da1c39bc2c7721d5bccbd6403d56f0370c53ee4d518167874.exe,-,-,-,-,Containers,-,-,-,-,-,-,-,-,-,-,-,-,-
"Sep 16, 2024 @ 19:14:27.695",deletion,Endpoint file event,4c26dd1754f1bd8da1c39bc2c7721d5bccbd6403d56f0370c53ee4d518167874.exe,-,-,-,-,nsjA383.tmp,-,-,-,-,-,-,-,-,-,-,-,-,-
"Sep 16, 2024 @ 19:14:27.127",load,Endpoint DLL load event,4c26dd1754f1bd8da1c39bc2c7721d5bccbd6403d56f0370c53ee4d518167874.exe,-,-,-,4c26dd1754f1bd8da1c39bc2c7721d5bccbd6403d56f0370c53ee4d518167874.exe,-,-,-,-,-,-,-,-,-,-,-,-,-,-
"Sep 16, 2024 @ 19:14:17.066",execution,Malware Detection Alert,4c26dd1754f1bd8da1c39bc2c7721d5bccbd6403d56f0370c53ee4d518167874.exe,explorer.exe,C:\Users\John\4c26dd1754f1bd8da1c39bc2c7721d5bccbd6403d56f0370c53ee4d518167874.exe,-,-,4c26dd1754f1bd8da1c39bc2c7721d5bccbd6403d56f0370c53ee4d518167874.exe,-,-,-,-,-,-,-,-,-,-,-,-,-
"Sep 28, 2024 @ 20:12:20.624",start,Endpoint process event,2669369c76cc7f03f64e68a2bd2bbfa0d4be9de6daba01e19866da9a7585b4d0.exe,services.exe,"C:\Users\John\2669369c76cc7f03f64e68a2bd2bbfa0d4be9de6daba01e19866da9a7585b4d0.exe, -m, security",-,-,-,-,-,-,-,-,-,-,-,-,-,-,Lateral Movement,SMB/Windows Admin Shares
"Sep 28, 2024 @ 20:11:17.742",start,Endpoint process event,2669369c76cc7f03f64e68a2bd2bbfa0d4be9de6daba01e19866da9a7585b4d0.exe,services.exe,"C:\Users\John\2669369c76cc7f03f64e68a2bd2bbfa0d4be9de6daba01e19866da9a7585b4d0.exe, -m, security",-,-,-,-,-,-,-,-,-,-,-,-,-,-,"Execution, Defense Evasion","Service Execution, Invalid Code Signature"
"Sep 28, 2024 @ 20:10:54.928",end,Endpoint process event,2669369c76cc7f03f64e68a2bd2bbfa0d4be9de6daba01e19866da9a7585b4d0.exe,explorer.exe,C:\Users\John\2669369c76cc7f03f64e68a2bd2bbfa0d4be9de6daba01e19866da9a7585b4d0.exe,-,-,-,-,-,-,-,-,-,-,-,-,-,-,-,-
"Sep 28, 2024 @ 20:10:54.446",creation,Malware Detection Alert,2669369c76cc7f03f64e68a2bd2bbfa0d4be9de6daba01e19866da9a7585b4d0.exe,explorer.exe,C:\Users\John\2669369c76cc7f03f64e68a2bd2bbfa0d4be9de6daba01e19866da9a7585b4d0.exe,-,-,tasksche.exe,-,-,-,-,-,-,-,-,-,-,-,-,-
"Sep 28, 2024 @ 20:10:46.456",creation,Endpoint file event,2669369c76cc7f03f64e68a2bd2bbfa0d4be9de6daba01e19866da9a7585b4d0.exe,-,-,-,-,tasksche.exe,-,-,-,-,-,-,-,-,-,-,-,-,-
"Sep 28, 2024 @ 20:10:46.425",lookup_requested,"DNS query is completed for the name www.iuqerfsodp9ifjaposdfjhgosurijfaewrwergwea.com, type 28, query options 2251800887582720 with status 1460 Results  ",2669369c76cc7f03f64e68a2bd2bbfa0d4be9de6daba01e19866da9a7585b4d0.exe,-,-,-,-,-,-,-,www.iuqerfsodp9ifjaposdfjhgosurijfaewrwergwea.com,104.16.166.228,-,-,United States,San Francisco,37.78035,-122.39059,"Cloudflare, Inc.",-,-
"Sep 28, 2024 @ 20:10:38.368",modification,Endpoint registry event,2669369c76cc7f03f64e68a2bd2bbfa0d4be9de6daba01e19866da9a7585b4d0.exe,-,-,-,-,-,HKEY_USERS\.DEFAULT\Software\Microsoft\Windows\CurrentVersion\Internet Settings\ZoneMap\UNCAsIntranet,UNCAsIntranet,-,-,-,-,-,-,-,-,-,-,-
"Sep 28, 2024 @ 20:10:38.368",modification,Endpoint registry event,2669369c76cc7f03f64e68a2bd2bbfa0d4be9de6daba01e19866da9a7585b4d0.exe,-,-,-,-,-,HKEY_USERS\.DEFAULT\Software\Microsoft\Windows\CurrentVersion\Internet Settings\ZoneMap\AutoDetect,AutoDetect,-,-,-,-,-,-,-,-,-,-,-
"Sep 28, 2024 @ 20:10:38.367",modification,Endpoint registry event,2669369c76cc7f03f64e68a2bd2bbfa0d4be9de6daba01e19866da9a7585b4d0.exe,-,-,-,-,-,HKEY_USERS\.DEFAULT\Software\Microsoft\Windows\CurrentVersion\Internet Settings\ZoneMap\ProxyBypass,ProxyBypass,-,-,-,-,-,-,-,-,-,-,-
"Sep 28, 2024 @ 20:10:38.367",modification,Endpoint registry event,2669369c76cc7f03f64e68a2bd2bbfa0d4be9de6daba01e19866da9a7585b4d0.exe,-,-,-,-,-,HKEY_USERS\.DEFAULT\Software\Microsoft\Windows\CurrentVersion\Internet Settings\ZoneMap\IntranetName,IntranetName,-,-,-,-,-,-,-,-,-,-,-
"Sep 28, 2024 @ 20:10:38.303",load,Endpoint DLL load event,2669369c76cc7f03f64e68a2bd2bbfa0d4be9de6daba01e19866da9a7585b4d0.exe,-,-,-,2669369c76cc7f03f64e68a2bd2bbfa0d4be9de6daba01e19866da9a7585b4d0.exe,-,-,-,-,-,-,-,-,-,-,-,-,-,-
"Sep 28, 2024 @ 20:10:31.079",start,Endpoint process event,2669369c76cc7f03f64e68a2bd2bbfa0d4be9de6daba01e19866da9a7585b4d0.exe,services.exe,"C:\Users\John\2669369c76cc7f03f64e68a2bd2bbfa0d4be9de6daba01e19866da9a7585b4d0.exe, -m, security",-,-,-,-,-,-,-,-,-,-,-,-,-,-,-,-
"Sep 28, 2024 @ 20:10:31.075",execution,Malware Detection Alert,2669369c76cc7f03f64e68a2bd2bbfa0d4be9de6daba01e19866da9a7585b4d0.exe,services.exe,"C:\Users\John\2669369c76cc7f03f64e68a2bd2bbfa0d4be9de6daba01e19866da9a7585b4d0.exe, -m, security",-,-,2669369c76cc7f03f64e68a2bd2bbfa0d4be9de6daba01e19866da9a7585b4d0.exe,-,-,-,-,-,-,-,-,-,-,-,-,-
"Sep 28, 2024 @ 20:10:23.953",modification,Endpoint registry event,2669369c76cc7f03f64e68a2bd2bbfa0d4be9de6daba01e19866da9a7585b4d0.exe,-,-,-,-,-,HKEY_USERS\S-1-5-21-2438712759-301890551-4283054500-1001\SOFTWARE\Microsoft\Windows\CurrentVersion\Internet Settings\ZoneMap\AutoDetect,AutoDetect,-,-,-,-,-,-,-,-,-,-,-
"Sep 28, 2024 @ 20:10:23.952",modification,Endpoint registry event,2669369c76cc7f03f64e68a2bd2bbfa0d4be9de6daba01e19866da9a7585b4d0.exe,-,-,-,-,-,HKEY_USERS\S-1-5-21-2438712759-301890551-4283054500-1001\SOFTWARE\Microsoft\Windows\CurrentVersion\Internet Settings\ZoneMap\IntranetName,IntranetName,-,-,-,-,-,-,-,-,-,-,-
"Sep 28, 2024 @ 20:10:23.952",modification,Endpoint registry event,2669369c76cc7f03f64e68a2bd2bbfa0d4be9de6daba01e19866da9a7585b4d0.exe,-,-,-,-,-,HKEY_USERS\S-1-5-21-2438712759-301890551-4283054500-1001\SOFTWARE\Microsoft\Windows\CurrentVersion\Internet Settings\ZoneMap\UNCAsIntranet,UNCAsIntranet,-,-,-,-,-,-,-,-,-,-,-
"Sep 28, 2024 @ 20:10:23.951",modification,Endpoint registry event,2669369c76cc7f03f64e68a2bd2bbfa0d4be9de6daba01e19866da9a7585b4d0.exe,-,-,-,-,-,HKEY_USERS\S-1-5-21-2438712759-301890551-4283054500-1001\SOFTWARE\Microsoft\Windows\CurrentVersion\Internet Settings\ZoneMap\ProxyBypass,ProxyBypass,-,-,-,-,-,-,-,-,-,-,-
"Sep 28, 2024 @ 20:10:15.731",execution,Malware Detection Alert,2669369c76cc7f03f64e68a2bd2bbfa0d4be9de6daba01e19866da9a7585b4d0.exe,explorer.exe,C:\Users\John\2669369c76cc7f03f64e68a2bd2bbfa0d4be9de6daba01e19866da9a7585b4d0.exe,-,-,2669369c76cc7f03f64e68a2bd2bbfa0d4be9de6daba01e19866da9a7585b4d0.exe,-,-,-,-,-,-,-,-,-,-,-,-,-
"Sep 28, 2024 @ 20:10:15.725",start,Endpoint process event,2669369c76cc7f03f64e68a2bd2bbfa0d4be9de6daba01e19866da9a7585b4d0.exe,explorer.exe,C:\Users\John\2669369c76cc7f03f64e68a2bd2bbfa0d4be9de6daba01e19866da9a7585b4d0.exe,-,-,-,-,-,-,-,-,-,-,-,-,-,-,-,-
"Sep 12, 2024 @ 20:38:51.617",lookup_requested,"DNS query is completed for the name pastebin.com, type 28, query options 2251800887582720 with status 10054 Results  ",Plugin.exe,-,-,-,-,-,-,-,pastebin.com,104.20.4.235,False,33,United States,San Francisco,37.78035,-122.39059,"Cloudflare, Inc.",-,-
"Sep 12, 2024 @ 20:38:38.312",lookup_requested,"DNS query is completed for the name pastebin.com, type 28, query options 2251800887582720 with status 1460 Results  ",Plugin.exe,-,-,-,-,-,-,-,pastebin.com,104.20.4.235,False,33,United States,San Francisco,37.78035,-122.39059,"Cloudflare, Inc.","Command and Control, Exfiltration","Domain Generation Algorithms, Exfiltration to Code Repository, Exfiltration to Cloud Storage"
"Sep 12, 2024 @ 20:35:35.678",modification,Endpoint registry event,Plugin.exe,-,-,-,-,-,HKEY_USERS\S-1-5-21-2438712759-301890551-4283054500-1001\SOFTWARE\9C9AB487BCCA\Flood,Flood,-,-,-,-,-,-,-,-,-,-,-
"Sep 12, 2024 @ 20:35:32.488",modification,Endpoint registry event,Plugin.exe,-,-,-,-,-,HKEY_USERS\S-1-5-21-2438712759-301890551-4283054500-1001\SOFTWARE\9C9AB487BCCA\USB,USB,-,-,-,-,-,-,-,-,-,-,-
"Sep 12, 2024 @ 20:35:30.375",modification,Endpoint registry event,Plugin.exe,-,-,-,-,-,HKEY_USERS\S-1-5-21-2438712759-301890551-4283054500-1001\SOFTWARE\9C9AB487BCCA\Rans-Status,Rans-Status,-,-,-,-,-,-,-,-,-,-,-
"Sep 12, 2024 @ 20:35:27.730",modification,Endpoint registry event,Plugin.exe,-,-,-,-,-,HKLM\SOFTWARE\WOW6432Node\Microsoft\Tracing\Plugin_RASMANCS\FileDirectory,FileDirectory,-,-,-,-,-,-,-,-,-,-,-
"Sep 12, 2024 @ 20:35:27.728",modification,Endpoint registry event,Plugin.exe,-,-,-,-,-,HKLM\SOFTWARE\WOW6432Node\Microsoft\Tracing\Plugin_RASMANCS\MaxFileSize,MaxFileSize,-,-,-,-,-,-,-,-,-,-,-
"Sep 12, 2024 @ 20:35:27.727",modification,Endpoint registry event,Plugin.exe,-,-,-,-,-,HKLM\SOFTWARE\WOW6432Node\Microsoft\Tracing\Plugin_RASMANCS\ConsoleTracingMask,ConsoleTracingMask,-,-,-,-,-,-,-,-,-,-,-
"Sep 12, 2024 @ 20:35:27.726",modification,Endpoint registry event,Plugin.exe,-,-,-,-,-,HKLM\SOFTWARE\WOW6432Node\Microsoft\Tracing\Plugin_RASMANCS\FileTracingMask,FileTracingMask,-,-,-,-,-,-,-,-,-,-,-
"Sep 12, 2024 @ 20:35:27.725",modification,Endpoint registry event,Plugin.exe,-,-,-,-,-,HKLM\SOFTWARE\WOW6432Node\Microsoft\Tracing\Plugin_RASMANCS\EnableConsoleTracing,EnableConsoleTracing,-,-,-,-,-,-,-,-,-,-,-
"Sep 12, 2024 @ 20:35:27.724",modification,Endpoint registry event,Plugin.exe,-,-,-,-,-,HKLM\SOFTWARE\WOW6432Node\Microsoft\Tracing\Plugin_RASMANCS\EnableAutoFileTracing,EnableAutoFileTracing,-,-,-,-,-,-,-,-,-,-,-
"Sep 12, 2024 @ 20:35:27.723",modification,Endpoint registry event,Plugin.exe,-,-,-,-,-,HKLM\SOFTWARE\WOW6432Node\Microsoft\Tracing\Plugin_RASMANCS\EnableFileTracing,EnableFileTracing,-,-,-,-,-,-,-,-,-,-,-
"Sep 12, 2024 @ 20:35:27.721",modification,Endpoint registry event,Plugin.exe,-,-,-,-,-,HKLM\SOFTWARE\WOW6432Node\Microsoft\Tracing\Plugin_RASAPI32\FileDirectory,FileDirectory,-,-,-,-,-,-,-,-,-,-,-
"Sep 12, 2024 @ 20:35:27.720",modification,Endpoint registry event,Plugin.exe,-,-,-,-,-,HKLM\SOFTWARE\WOW6432Node\Microsoft\Tracing\Plugin_RASAPI32\MaxFileSize,MaxFileSize,-,-,-,-,-,-,-,-,-,-,-
"Sep 12, 2024 @ 20:35:27.719",modification,Endpoint registry event,Plugin.exe,-,-,-,-,-,HKLM\SOFTWARE\WOW6432Node\Microsoft\Tracing\Plugin_RASAPI32\ConsoleTracingMask,ConsoleTracingMask,-,-,-,-,-,-,-,-,-,-,-
"Sep 12, 2024 @ 20:35:27.717",modification,Endpoint registry event,Plugin.exe,-,-,-,-,-,HKLM\SOFTWARE\WOW6432Node\Microsoft\Tracing\Plugin_RASAPI32\FileTracingMask,FileTracingMask,-,-,-,-,-,-,-,-,-,-,-
"Sep 12, 2024 @ 20:35:27.716",modification,Endpoint registry event,Plugin.exe,-,-,-,-,-,HKLM\SOFTWARE\WOW6432Node\Microsoft\Tracing\Plugin_RASAPI32\EnableAutoFileTracing,EnableAutoFileTracing,-,-,-,-,-,-,-,-,-,-,-
"Sep 12, 2024 @ 20:35:27.716",modification,Endpoint registry event,Plugin.exe,-,-,-,-,-,HKLM\SOFTWARE\WOW6432Node\Microsoft\Tracing\Plugin_RASAPI32\EnableConsoleTracing,EnableConsoleTracing,-,-,-,-,-,-,-,-,-,-,-
"Sep 12, 2024 @ 20:35:27.714",modification,Endpoint registry event,Plugin.exe,-,-,-,-,-,HKLM\SOFTWARE\WOW6432Node\Microsoft\Tracing\Plugin_RASAPI32\EnableFileTracing,EnableFileTracing,-,-,-,-,-,-,-,-,-,-,-
"Sep 12, 2024 @ 20:35:27.713",modification,Endpoint registry event,Plugin.exe,-,-,-,-,-,HKLM\SOFTWARE\WOW6432Node\Microsoft\Tracing\EnableConsoleTracing,EnableConsoleTracing,-,-,-,-,-,-,-,-,-,-,-
"Sep 12, 2024 @ 20:35:27.610",load,Endpoint DLL load event,Plugin.exe,-,-,-,System.Xml.ni.dll,-,-,-,-,-,-,-,-,-,-,-,-,-,-
"Sep 12, 2024 @ 20:35:27.607",load,Endpoint DLL load event,Plugin.exe,-,-,-,System.Configuration.ni.dll,-,-,-,-,-,-,-,-,-,-,-,-,-,-
"Sep 12, 2024 @ 20:35:23.258",load,Endpoint DLL load event,Plugin.exe,-,-,-,System.Core.ni.dll,-,-,-,-,-,-,-,-,-,-,-,-,-,-
"Sep 12, 2024 @ 20:35:22.171",load,Endpoint DLL load event,Plugin.exe,-,-,fastprox.dll,fastprox.dll,-,-,-,-,-,-,-,-,-,-,-,-,-,-
"Sep 12, 2024 @ 20:35:22.168",load,Endpoint DLL load event,Plugin.exe,-,-,wbemsvc.dll,wbemsvc.dll,-,-,-,-,-,-,-,-,-,-,-,-,-,-
"Sep 12, 2024 @ 20:35:22.155",load,Endpoint DLL load event,Plugin.exe,-,-,-,WMINet_Utils.dll,-,-,-,-,-,-,-,-,-,-,-,-,-,-
"Sep 12, 2024 @ 20:35:22.147",load,Endpoint DLL load event,Plugin.exe,-,-,wbemprox.dll,wbemprox.dll,-,-,-,-,-,-,-,-,-,-,-,-,-,-
"Sep 12, 2024 @ 20:35:22.133",load,Endpoint DLL load event,Plugin.exe,-,-,-,wbemcomn.dll,-,-,-,-,-,-,-,-,-,-,-,-,-,-
"Sep 12, 2024 @ 20:35:22.132",load,Endpoint DLL load event,Plugin.exe,-,-,wmiutils.dll,wmiutils.dll,-,-,-,-,-,-,-,-,-,-,-,-,-,-
"Sep 12, 2024 @ 20:35:19.052",load,Endpoint DLL load event,Plugin.exe,-,-,-,System.ni.dll,-,-,-,-,-,-,-,-,-,-,-,-,-,-
"Sep 12, 2024 @ 20:35:19.038",end,Endpoint process event,c9bc1fdfd47f19c1af3631334c0687809cb0d4f5307af3037823212539d81c20.exe,explorer.exe,C:\Users\John\c9bc1fdfd47f19c1af3631334c0687809cb0d4f5307af3037823212539d81c20.exe,-,-,-,-,-,-,-,-,-,-,-,-,-,-,-,-
"Sep 12, 2024 @ 20:35:19.018",load,Endpoint DLL load event,Plugin.exe,-,-,-,clr.dll,-,-,-,-,-,-,-,-,-,-,-,-,-,-
"Sep 12, 2024 @ 20:35:19.004",load,Endpoint DLL load event,Plugin.exe,-,-,-,Plugin.exe,-,-,-,-,-,-,-,-,-,-,-,-,-,-
"Sep 12, 2024 @ 20:35:08.980",start,Endpoint process event,Plugin.exe,c9bc1fdfd47f19c1af3631334c0687809cb0d4f5307af3037823212539d81c20.exe,C:\Users\John\AppData\Local\Temp\System\Plugin.exe,-,-,-,-,-,-,-,-,-,-,-,-,-,-,-,-
"Sep 12, 2024 @ 20:35:08.971",execution,Malware Detection Alert,Plugin.exe,c9bc1fdfd47f19c1af3631334c0687809cb0d4f5307af3037823212539d81c20.exe,C:\Users\John\AppData\Local\Temp\System\Plugin.exe,-,-,Plugin.exe,-,-,-,-,-,-,-,-,-,-,-,-,-
"Sep 12, 2024 @ 20:35:08.519",modification,Endpoint registry event,c9bc1fdfd47f19c1af3631334c0687809cb0d4f5307af3037823212539d81c20.exe,-,-,-,-,-,HKEY_USERS\S-1-5-21-2438712759-301890551-4283054500-1001\SOFTWARE\Microsoft\Windows\CurrentVersion\Internet Settings\ZoneMap\UNCAsIntranet,UNCAsIntranet,-,-,-,-,-,-,-,-,-,-,-
"Sep 12, 2024 @ 20:35:08.519",modification,Endpoint registry event,c9bc1fdfd47f19c1af3631334c0687809cb0d4f5307af3037823212539d81c20.exe,-,-,-,-,-,HKEY_USERS\S-1-5-21-2438712759-301890551-4283054500-1001\SOFTWARE\Microsoft\Windows\CurrentVersion\Internet Settings\ZoneMap\AutoDetect,AutoDetect,-,-,-,-,-,-,-,-,-,-,-
"Sep 12, 2024 @ 20:35:08.518",modification,Endpoint registry event,c9bc1fdfd47f19c1af3631334c0687809cb0d4f5307af3037823212539d81c20.exe,-,-,-,-,-,HKEY_USERS\S-1-5-21-2438712759-301890551-4283054500-1001\SOFTWARE\Microsoft\Windows\CurrentVersion\Internet Settings\ZoneMap\IntranetName,IntranetName,-,-,-,-,-,-,-,-,-,-,-
"Sep 12, 2024 @ 20:35:08.517",modification,Endpoint registry event,c9bc1fdfd47f19c1af3631334c0687809cb0d4f5307af3037823212539d81c20.exe,-,-,-,-,-,HKEY_USERS\S-1-5-21-2438712759-301890551-4283054500-1001\SOFTWARE\Microsoft\Windows\CurrentVersion\Internet Settings\ZoneMap\ProxyBypass,ProxyBypass,-,-,-,-,-,-,-,-,-,-,-
"Sep 12, 2024 @ 20:35:07.879",end,Endpoint process event,schtasks.exe,c9bc1fdfd47f19c1af3631334c0687809cb0d4f5307af3037823212539d81c20.exe,"schtasks, /create, /f, /sc, ONLOGON, /RL, HIGHEST, /tn, LimeRAT-Admin, /tr, 'C:\Users\John\AppData\Local\Temp\System\Plugin.exe'",-,-,-,-,-,-,-,-,-,-,-,-,-,-,-,-
"Sep 12, 2024 @ 20:35:07.850",load,Endpoint DLL load event,schtasks.exe,-,-,taskschd.dll,taskschd.dll,-,-,-,-,-,-,-,-,-,-,-,-,-,-
"Sep 12, 2024 @ 20:35:07.405",start,Endpoint process event,schtasks.exe,c9bc1fdfd47f19c1af3631334c0687809cb0d4f5307af3037823212539d81c20.exe,"schtasks, /create, /f, /sc, ONLOGON, /RL, HIGHEST, /tn, LimeRAT-Admin, /tr, 'C:\Users\John\AppData\Local\Temp\System\Plugin.exe'",-,-,-,-,-,-,-,-,-,-,-,-,-,-,-,-
"Sep 12, 2024 @ 20:35:07.378",creation,Endpoint file event,c9bc1fdfd47f19c1af3631334c0687809cb0d4f5307af3037823212539d81c20.exe,-,-,-,-,Plugin.exe,-,-,-,-,-,-,-,-,-,-,-,-,-
"Sep 12, 2024 @ 20:35:07.375",creation,Malware Detection Alert,c9bc1fdfd47f19c1af3631334c0687809cb0d4f5307af3037823212539d81c20.exe,explorer.exe,C:\Users\John\c9bc1fdfd47f19c1af3631334c0687809cb0d4f5307af3037823212539d81c20.exe,-,-,Plugin.exe,-,-,-,-,-,-,-,-,-,-,-,-,-
"Sep 12, 2024 @ 20:35:07.369",load,Endpoint DLL load event,c9bc1fdfd47f19c1af3631334c0687809cb0d4f5307af3037823212539d81c20.exe,-,-,-,System.Core.ni.dll,-,-,-,-,-,-,-,-,-,-,-,-,-,-
"Sep 12, 2024 @ 20:35:05.590",load,Endpoint DLL load event,c9bc1fdfd47f19c1af3631334c0687809cb0d4f5307af3037823212539d81c20.exe,-,-,fastprox.dll,fastprox.dll,-,-,-,-,-,-,-,-,-,-,-,-,-,-
"Sep 12, 2024 @ 20:35:05.587",load,Endpoint DLL load event,c9bc1fdfd47f19c1af3631334c0687809cb0d4f5307af3037823212539d81c20.exe,-,-,wbemsvc.dll,wbemsvc.dll,-,-,-,-,-,-,-,-,-,-,-,-,-,-
"Sep 12, 2024 @ 20:35:05.574",load,Endpoint DLL load event,c9bc1fdfd47f19c1af3631334c0687809cb0d4f5307af3037823212539d81c20.exe,-,-,-,WMINet_Utils.dll,-,-,-,-,-,-,-,-,-,-,-,-,-,-
"Sep 12, 2024 @ 20:35:05.565",load,Endpoint DLL load event,c9bc1fdfd47f19c1af3631334c0687809cb0d4f5307af3037823212539d81c20.exe,-,-,wbemprox.dll,wbemprox.dll,-,-,-,-,-,-,-,-,-,-,-,-,-,-
"Sep 12, 2024 @ 20:35:05.556",load,Endpoint DLL load event,c9bc1fdfd47f19c1af3631334c0687809cb0d4f5307af3037823212539d81c20.exe,-,-,-,wbemcomn.dll,-,-,-,-,-,-,-,-,-,-,-,-,-,-
"Sep 12, 2024 @ 20:35:05.555",load,Endpoint DLL load event,c9bc1fdfd47f19c1af3631334c0687809cb0d4f5307af3037823212539d81c20.exe,-,-,wmiutils.dll,wmiutils.dll,-,-,-,-,-,-,-,-,-,-,-,-,-,-
"Sep 12, 2024 @ 20:35:02.336",load,Endpoint DLL load event,c9bc1fdfd47f19c1af3631334c0687809cb0d4f5307af3037823212539d81c20.exe,-,-,-,System.ni.dll,-,-,-,-,-,-,-,-,-,-,-,-,-,-
"Sep 12, 2024 @ 20:35:02.264",load,Endpoint DLL load event,c9bc1fdfd47f19c1af3631334c0687809cb0d4f5307af3037823212539d81c20.exe,-,-,-,clr.dll,-,-,-,-,-,-,-,-,-,-,-,-,-,-
"Sep 12, 2024 @ 20:35:02.234",load,Endpoint DLL load event,c9bc1fdfd47f19c1af3631334c0687809cb0d4f5307af3037823212539d81c20.exe,-,-,-,c9bc1fdfd47f19c1af3631334c0687809cb0d4f5307af3037823212539d81c20.exe,-,-,-,-,-,-,-,-,-,-,-,-,-,-
"Sep 12, 2024 @ 20:34:55.845",execution,Malware Detection Alert,c9bc1fdfd47f19c1af3631334c0687809cb0d4f5307af3037823212539d81c20.exe,explorer.exe,C:\Users\John\c9bc1fdfd47f19c1af3631334c0687809cb0d4f5307af3037823212539d81c20.exe,-,-,c9bc1fdfd47f19c1af3631334c0687809cb0d4f5307af3037823212539d81c20.exe,-,-,-,-,-,-,-,-,-,-,-,-,-
"Sep 12, 2024 @ 20:34:55.845",start,Endpoint process event,c9bc1fdfd47f19c1af3631334c0687809cb0d4f5307af3037823212539d81c20.exe,explorer.exe,C:\Users\John\c9bc1fdfd47f19c1af3631334c0687809cb0d4f5307af3037823212539d81c20.exe,-,-,-,-,-,-,-,-,-,-,-,-,-,-,-,-
"Sep 16, 2024 @ 21:39:57.645",overwrite,Endpoint file event,syschvard.exe,-,-,-,-,tbtnds.dat,-,-,-,-,-,-,-,-,-,-,-,-,-
"Sep 16, 2024 @ 21:28:40.276",creation,Endpoint file event,syschvard.exe,-,-,-,-,tbtnds.dat,-,-,-,-,-,-,-,-,-,-,-,-,-
"Sep 16, 2024 @ 21:28:37.950",lookup_requested,"DNS query is completed for the name www.update.microsoft.com, type 1, query options 2251801155993600 with status 1460 Results  ",syschvard.exe,-,-,-,-,-,-,-,www.update.microsoft.com,20.72.235.82,-,-,United States,Quincy,47.23430,-119.85255,Microsoft Corporation,-,-
"Sep 16, 2024 @ 21:28:13.537",start,Endpoint process event,powershell.exe,cmd.exe,"powershell, -Command, Add-MpPreference -ExclusionPath $env:windir; Add-MpPreference -ExclusionPath $env:TEMP; Add-MpPreference -ExclusionPath $env:USERPROFILE",-,-,-,-,-,-,-,-,-,-,-,-,-,-,"Defense Evasion, Execution","Disable or Modify Tools, Indicator Blocking, PowerShell"
"Sep 16, 2024 @ 21:27:32.057",end,Endpoint process event,cmd.exe,syschvard.exe,"C:\Windows\System32\cmd.exe, /c, powershell, -Command, Add-MpPreference -ExclusionPath $env:windir; Add-MpPreference -ExclusionPath $env:TEMP; Add-MpPreference -ExclusionPath $env:USERPROFILE",-,-,-,-,-,-,-,-,-,-,-,-,-,-,-,-
"Sep 16, 2024 @ 21:27:32.048",end,Endpoint process event,powershell.exe,cmd.exe,"powershell, -Command, Add-MpPreference -ExclusionPath $env:windir; Add-MpPreference -ExclusionPath $env:TEMP; Add-MpPreference -ExclusionPath $env:USERPROFILE",-,-,-,-,-,-,-,-,-,-,-,-,-,-,-,-
"Sep 16, 2024 @ 21:27:32.041",overwrite,Endpoint file event,powershell.exe,-,-,-,-,StartupProfileData-NonInteractive,-,-,-,-,-,-,-,-,-,-,-,-,-
"Sep 16, 2024 @ 21:27:31.461",load,Endpoint DLL load event,powershell.exe,-,-,fastprox.dll,fastprox.dll,-,-,-,-,-,-,-,-,-,-,-,-,-,-
"Sep 16, 2024 @ 21:27:31.459",load,Endpoint DLL load event,powershell.exe,-,-,wbemsvc.dll,wbemsvc.dll,-,-,-,-,-,-,-,-,-,-,-,-,-,-
"Sep 16, 2024 @ 21:27:31.454",load,Endpoint DLL load event,powershell.exe,-,-,-,wbemcomn.dll,-,-,-,-,-,-,-,-,-,-,-,-,-,-
"Sep 16, 2024 @ 21:27:31.453",load,Endpoint DLL load event,powershell.exe,-,-,wbemprox.dll,wbemprox.dll,-,-,-,-,-,-,-,-,-,-,-,-,-,-
"Sep 16, 2024 @ 21:27:30.246",modification,Endpoint registry event,powershell.exe,-,-,-,-,-,HKEY_USERS\S-1-5-21-2438712759-301890551-4283054500-1001\SOFTWARE\Microsoft\Windows\CurrentVersion\Internet Settings\ZoneMap\AutoDetect,AutoDetect,-,-,-,-,-,-,-,-,-,-,-
"Sep 16, 2024 @ 21:27:30.244",modification,Endpoint registry event,powershell.exe,-,-,-,-,-,HKEY_USERS\S-1-5-21-2438712759-301890551-4283054500-1001\SOFTWARE\Microsoft\Windows\CurrentVersion\Internet Settings\ZoneMap\UNCAsIntranet,UNCAsIntranet,-,-,-,-,-,-,-,-,-,-,-
"Sep 16, 2024 @ 21:27:30.243",modification,Endpoint registry event,powershell.exe,-,-,-,-,-,HKEY_USERS\S-1-5-21-2438712759-301890551-4283054500-1001\SOFTWARE\Microsoft\Windows\CurrentVersion\Internet Settings\ZoneMap\IntranetName,IntranetName,-,-,-,-,-,-,-,-,-,-,-
"Sep 16, 2024 @ 21:27:30.242",modification,Endpoint registry event,powershell.exe,-,-,-,-,-,HKEY_USERS\S-1-5-21-2438712759-301890551-4283054500-1001\SOFTWARE\Microsoft\Windows\CurrentVersion\Internet Settings\ZoneMap\ProxyBypass,ProxyBypass,-,-,-,-,-,-,-,-,-,-,-
"Sep 16, 2024 @ 21:27:30.222",deletion,Endpoint file event,powershell.exe,-,-,-,-,__PSScriptPolicyTest_kq3dsltl.ux4.psm1,-,-,-,-,-,-,-,-,-,-,-,-,-
"Sep 16, 2024 @ 21:27:30.221",deletion,Endpoint file event,powershell.exe,-,-,-,-,__PSScriptPolicyTest_45ddjcjo.ivm.ps1,-,-,-,-,-,-,-,-,-,-,-,-,-
"Sep 16, 2024 @ 21:27:30.216",creation,Endpoint file event,powershell.exe,-,-,-,-,__PSScriptPolicyTest_kq3dsltl.ux4.psm1,-,-,-,-,-,-,-,-,-,-,-,-,-
"Sep 16, 2024 @ 21:27:30.205",creation,Endpoint file event,powershell.exe,-,-,-,-,__PSScriptPolicyTest_45ddjcjo.ivm.ps1,-,-,-,-,-,-,-,-,-,-,-,-,-
"Sep 16, 2024 @ 21:27:28.822",modification,Endpoint registry event,syschvard.exe,-,-,-,-,-,HKEY_USERS\S-1-5-21-2438712759-301890551-4283054500-1001\SOFTWARE\Microsoft\Windows\CurrentVersion\Internet Settings\5.0\Cache\History\CachePrefix,CachePrefix,-,-,-,-,-,-,-,-,-,-,-
"Sep 16, 2024 @ 21:27:28.821",modification,Endpoint registry event,syschvard.exe,-,-,-,-,-,HKEY_USERS\S-1-5-21-2438712759-301890551-4283054500-1001\SOFTWARE\Microsoft\Windows\CurrentVersion\Internet Settings\5.0\Cache\Content\CachePrefix,CachePrefix,-,-,-,-,-,-,-,-,-,-,-
"Sep 16, 2024 @ 21:27:28.821",modification,Endpoint registry event,syschvard.exe,-,-,-,-,-,HKEY_USERS\S-1-5-21-2438712759-301890551-4283054500-1001\SOFTWARE\Microsoft\Windows\CurrentVersion\Internet Settings\5.0\Cache\Cookies\CachePrefix,CachePrefix,-,-,-,-,-,-,-,-,-,-,-
"Sep 16, 2024 @ 21:27:28.154",load,Endpoint DLL load event,powershell.exe,-,-,System.Configuration.dll,System.Configuration.ni.dll,-,-,-,-,-,-,-,-,-,-,-,-,-,-
"Sep 16, 2024 @ 21:27:28.065",deletion,Endpoint file event,powershell.exe,-,-,-,-,__PSScriptPolicyTest_hrwm5gib.tiz.psm1,-,-,-,-,-,-,-,-,-,-,-,-,-
"Sep 16, 2024 @ 21:27:28.063",deletion,Endpoint file event,powershell.exe,-,-,-,-,__PSScriptPolicyTest_frziuayp.fb0.ps1,-,-,-,-,-,-,-,-,-,-,-,-,-
"Sep 16, 2024 @ 21:27:27.522",creation,Endpoint file event,powershell.exe,-,-,-,-,__PSScriptPolicyTest_hrwm5gib.tiz.psm1,-,-,-,-,-,-,-,-,-,-,-,-,-
"Sep 16, 2024 @ 21:27:27.514",creation,Endpoint file event,powershell.exe,-,-,-,-,__PSScriptPolicyTest_frziuayp.fb0.ps1,-,-,-,-,-,-,-,-,-,-,-,-,-
"Sep 16, 2024 @ 21:27:27.510",load,Endpoint DLL load event,powershell.exe,-,-,Microsoft.Management.Infrastructure.dll,Microsoft.Management.Infrastructure.ni.dll,-,-,-,-,-,-,-,-,-,-,-,-,-,-
"Sep 16, 2024 @ 21:27:27.390",load,Endpoint DLL load event,powershell.exe,-,-,System.Xml.dll,System.Xml.ni.dll,-,-,-,-,-,-,-,-,-,-,-,-,-,-
"Sep 16, 2024 @ 21:27:27.279",load,Endpoint DLL load event,powershell.exe,-,-,System.Core.dll,System.Core.ni.dll,-,-,-,-,-,-,-,-,-,-,-,-,-,-
"Sep 16, 2024 @ 21:27:27.277",load,Endpoint DLL load event,powershell.exe,-,-,System.dll,System.ni.dll,-,-,-,-,-,-,-,-,-,-,-,-,-,-
"Sep 16, 2024 @ 21:27:27.101",load,Endpoint DLL load event,powershell.exe,-,-,-,System.Management.Automation.dll,-,-,-,-,-,-,-,-,-,-,-,-,-,-
"Sep 16, 2024 @ 21:27:26.802",end,Endpoint process event,cmd.exe,syschvard.exe,"C:\Windows\System32\cmd.exe, /c, sc, stop, UsoSvc, &, sc, stop, WaaSMedicSvc, &, sc, stop, wuauserv, &, sc, stop, DoSvc, &, sc, stop, BITS",-,-,-,-,-,-,-,-,-,-,-,-,-,-,-,-
"Sep 16, 2024 @ 21:27:26.753",load,Endpoint DLL load event,powershell.exe,-,-,clr.dll,clr.dll,-,-,-,-,-,-,-,-,-,-,-,-,-,-
"Sep 16, 2024 @ 21:27:26.413",start,Endpoint process event,powershell.exe,cmd.exe,"powershell, -Command, Add-MpPreference -ExclusionPath $env:windir; Add-MpPreference -ExclusionPath $env:TEMP; Add-MpPreference -ExclusionPath $env:USERPROFILE",-,-,-,-,-,-,-,-,-,-,-,-,-,-,-,-
"Sep 16, 2024 @ 21:27:26.278",modification,Endpoint registry event,syschvard.exe,-,-,-,-,-,HKLM\SOFTWARE\WOW6432Node\Microsoft\Security Center\UpdatesOverride,UpdatesOverride,-,-,-,-,-,-,-,-,-,-,-
"Sep 16, 2024 @ 21:27:26.278",modification,Endpoint registry event,syschvard.exe,-,-,-,-,-,HKLM\SOFTWARE\WOW6432Node\Microsoft\Security Center\UpdatesDisableNotify,UpdatesDisableNotify,-,-,-,-,-,-,-,-,-,-,-
"Sep 16, 2024 @ 21:27:26.277",modification,Endpoint registry event,syschvard.exe,-,-,-,-,-,HKLM\SOFTWARE\WOW6432Node\Microsoft\Security Center\FirewallOverride,FirewallOverride,-,-,-,-,-,-,-,-,-,-,-
"Sep 16, 2024 @ 21:27:26.277",modification,Endpoint registry event,syschvard.exe,-,-,-,-,-,HKLM\SOFTWARE\WOW6432Node\Microsoft\Security Center\FirewallDisableNotify,FirewallDisableNotify,-,-,-,-,-,-,-,-,-,-,-
"Sep 16, 2024 @ 21:27:26.277",modification,Endpoint registry event,syschvard.exe,-,-,-,-,-,HKLM\SOFTWARE\WOW6432Node\Microsoft\Security Center\AntiSpywareOverride,AntiSpywareOverride,-,-,-,-,-,-,-,-,-,-,-
"Sep 16, 2024 @ 21:27:26.277",modification,Endpoint registry event,syschvard.exe,-,-,-,-,-,HKLM\SOFTWARE\WOW6432Node\Microsoft\Security Center\AntiVirusOverride,AntiVirusOverride,-,-,-,-,-,-,-,-,-,-,-
"Sep 16, 2024 @ 21:27:26.277",modification,Endpoint registry event,syschvard.exe,-,-,-,-,-,HKLM\SOFTWARE\WOW6432Node\Microsoft\Security Center\AntiVirusDisableNotify,AntiVirusDisableNotify,-,-,-,-,-,-,-,-,-,-,-
"Sep 16, 2024 @ 21:27:26.276",modification,Endpoint registry event,syschvard.exe,-,-,-,-,-,HKLM\SOFTWARE\Policies\Microsoft\Windows\WindowsUpdate\DisableWindowsUpdateAccess,DisableWindowsUpdateAccess,-,-,-,-,-,-,-,-,-,-,-
"Sep 16, 2024 @ 21:27:26.276",modification,Endpoint registry event,syschvard.exe,-,-,-,-,-,HKLM\SOFTWARE\Policies\Microsoft\Windows\WindowsUpdate\AU\NoAutoUpdate,NoAutoUpdate,-,-,-,-,-,-,-,-,-,-,-
"Sep 16, 2024 @ 21:27:26.275",modification,Endpoint registry event,syschvard.exe,-,-,-,-,-,HKLM\SOFTWARE\Microsoft\Windows\CurrentVersion\Explorer\Advanced\Folder\Hidden\SHOWALL\CheckedValue,CheckedValue,-,-,-,-,-,-,-,-,-,-,-
"Sep 16, 2024 @ 21:27:26.275",modification,Endpoint registry event,syschvard.exe,-,-,-,-,-,HKLM\SYSTEM\ControlSet001\Services\UsoSvc\Start,Start,-,-,-,-,-,-,-,-,-,-,-
"Sep 16, 2024 @ 21:27:26.275",modification,Endpoint registry event,syschvard.exe,-,-,-,-,-,HKLM\SYSTEM\ControlSet001\Services\WaaSMedicSvc\Start,Start,-,-,-,-,-,-,-,-,-,-,-
"Sep 16, 2024 @ 21:27:26.275",modification,Endpoint registry event,syschvard.exe,-,-,-,-,-,HKLM\SYSTEM\ControlSet001\Services\wuauserv\Start,Start,-,-,-,-,-,-,-,-,-,-,-
"Sep 16, 2024 @ 21:27:26.275",modification,Endpoint registry event,syschvard.exe,-,-,-,-,-,HKLM\SYSTEM\ControlSet001\Services\DoSvc\Start,Start,-,-,-,-,-,-,-,-,-,-,-
"Sep 16, 2024 @ 21:27:26.275",modification,Endpoint registry event,syschvard.exe,-,-,-,-,-,HKLM\SYSTEM\ControlSet001\Services\BITS\Start,Start,-,-,-,-,-,-,-,-,-,-,-
"Sep 16, 2024 @ 21:27:26.271",start,Endpoint process event,cmd.exe,syschvard.exe,"C:\Windows\System32\cmd.exe, /c, sc, stop, UsoSvc, &, sc, stop, WaaSMedicSvc, &, sc, stop, wuauserv, &, sc, stop, DoSvc, &, sc, stop, BITS",-,-,-,-,-,-,-,-,-,-,-,-,-,-,-,-
"Sep 16, 2024 @ 21:27:26.248",start,Endpoint process event,cmd.exe,syschvard.exe,"C:\Windows\System32\cmd.exe, /c, powershell, -Command, Add-MpPreference -ExclusionPath $env:windir; Add-MpPreference -ExclusionPath $env:TEMP; Add-MpPreference -ExclusionPath $env:USERPROFILE",-,-,-,-,-,-,-,-,-,-,-,-,-,-,-,-
"Sep 16, 2024 @ 21:27:25.910",modification,Endpoint registry event,syschvard.exe,-,-,-,-,-,HKEY_USERS\S-1-5-21-2438712759-301890551-4283054500-1001\SOFTWARE\Microsoft\Windows\CurrentVersion\Internet Settings\ZoneMap\IntranetName,IntranetName,-,-,-,-,-,-,-,-,-,-,-
"Sep 16, 2024 @ 21:27:25.910",modification,Endpoint registry event,syschvard.exe,-,-,-,-,-,HKEY_USERS\S-1-5-21-2438712759-301890551-4283054500-1001\SOFTWARE\Microsoft\Windows\CurrentVersion\Internet Settings\ZoneMap\UNCAsIntranet,UNCAsIntranet,-,-,-,-,-,-,-,-,-,-,-
"Sep 16, 2024 @ 21:27:25.910",modification,Endpoint registry event,syschvard.exe,-,-,-,-,-,HKEY_USERS\S-1-5-21-2438712759-301890551-4283054500-1001\SOFTWARE\Microsoft\Windows\CurrentVersion\Internet Settings\ZoneMap\AutoDetect,AutoDetect,-,-,-,-,-,-,-,-,-,-,-
"Sep 16, 2024 @ 21:27:25.909",modification,Endpoint registry event,syschvard.exe,-,-,-,-,-,HKEY_USERS\S-1-5-21-2438712759-301890551-4283054500-1001\SOFTWARE\Microsoft\Windows\CurrentVersion\Internet Settings\ZoneMap\ProxyBypass,ProxyBypass,-,-,-,-,-,-,-,-,-,-,-
"Sep 16, 2024 @ 21:27:23.959",end,Endpoint process event,dcc51ea4252198d176b3249339675d2ea54759d1fb9aab487bc69f56f7ba2ac1.exe,explorer.exe,C:\Users\John\dcc51ea4252198d176b3249339675d2ea54759d1fb9aab487bc69f56f7ba2ac1.exe,-,-,-,-,-,-,-,-,-,-,-,-,-,-,-,-
"Sep 16, 2024 @ 21:27:22.946",load,Endpoint DLL load event,syschvard.exe,-,-,-,syschvard.exe,-,-,-,-,-,-,-,-,-,-,-,-,-,-
"Sep 16, 2024 @ 21:27:15.084",creation,Malware Detection Alert,dcc51ea4252198d176b3249339675d2ea54759d1fb9aab487bc69f56f7ba2ac1.exe,explorer.exe,C:\Users\John\dcc51ea4252198d176b3249339675d2ea54759d1fb9aab487bc69f56f7ba2ac1.exe,-,-,syschvard.exe,-,-,-,-,-,-,-,-,-,-,-,-,-
"Sep 16, 2024 @ 21:27:15.084",execution,Malware Detection Alert,syschvard.exe,dcc51ea4252198d176b3249339675d2ea54759d1fb9aab487bc69f56f7ba2ac1.exe,C:\Windows\syschvard.exe,-,-,syschvard.exe,-,-,-,-,-,-,-,-,-,-,-,-,-
"Sep 16, 2024 @ 21:27:15.084",start,Endpoint process event,syschvard.exe,dcc51ea4252198d176b3249339675d2ea54759d1fb9aab487bc69f56f7ba2ac1.exe,C:\Windows\syschvard.exe,-,-,-,-,-,-,-,-,-,-,-,-,-,-,-,-
"Sep 16, 2024 @ 21:27:15.078",modification,Endpoint registry event,dcc51ea4252198d176b3249339675d2ea54759d1fb9aab487bc69f56f7ba2ac1.exe,-,-,-,-,-,HKLM\SOFTWARE\WOW6432Node\Microsoft\Windows\CurrentVersion\Run\Windows Settings,Windows Settings,-,-,-,-,-,-,-,-,-,-,-
"Sep 16, 2024 @ 21:27:15.077",creation,Endpoint file event,dcc51ea4252198d176b3249339675d2ea54759d1fb9aab487bc69f56f7ba2ac1.exe,-,-,-,-,syschvard.exe,-,-,-,-,-,-,-,-,-,-,-,-,-
"Sep 16, 2024 @ 21:27:12.909",load,Endpoint DLL load event,dcc51ea4252198d176b3249339675d2ea54759d1fb9aab487bc69f56f7ba2ac1.exe,-,-,-,dcc51ea4252198d176b3249339675d2ea54759d1fb9aab487bc69f56f7ba2ac1.exe,-,-,-,-,-,-,-,-,-,-,-,-,-,-
"Sep 16, 2024 @ 21:27:06.619",start,Endpoint process event,dcc51ea4252198d176b3249339675d2ea54759d1fb9aab487bc69f56f7ba2ac1.exe,explorer.exe,C:\Users\John\dcc51ea4252198d176b3249339675d2ea54759d1fb9aab487bc69f56f7ba2ac1.exe,-,-,-,-,-,-,-,-,-,-,-,-,-,-,-,-
"Sep 16, 2024 @ 21:27:06.612",execution,Malware Detection Alert,dcc51ea4252198d176b3249339675d2ea54759d1fb9aab487bc69f56f7ba2ac1.exe,explorer.exe,C:\Users\John\dcc51ea4252198d176b3249339675d2ea54759d1fb9aab487bc69f56f7ba2ac1.exe,-,-,dcc51ea4252198d176b3249339675d2ea54759d1fb9aab487bc69f56f7ba2ac1.exe,-,-,-,-,-,-,-,-,-,-,-,-,-
"Sep 28, 2024 @ 18:21:00.224",end,Endpoint process event,xhikv.exe,39198d3c1aa3a57c84b503b5ee22ac887e6db6c8780aa0f31adcef89b3ffa6b9.exe,"C:\Users\John\AppData\Local\Temp\xhikv.exe, -",-,-,-,-,-,-,-,-,-,-,-,-,-,-,-,-
"Sep 28, 2024 @ 18:20:56.908",lookup_requested,"DNS query is completed for the name www.wikipedia.org, type 1, query options 2251801155993600 with status 10054 Results  ",xhikv.exe,-,-,-,-,-,-,-,www.wikipedia.org,103.102.166.224,-,-,Singapore,Singapore,1.29041,103.85211,"Wikimedia Foundation, Inc.",-,-
"Sep 28, 2024 @ 18:20:48.829",lookup_requested,"DNS query is completed for the name www.bbc.co.uk, type 1, query options 2251801155993600 with status 1460 Results  ",xhikv.exe,-,-,-,-,-,-,-,www.bbc.co.uk,199.232.44.81,-,-,United States,San Francisco,37.77712,-122.41964,"Fastly, Inc.",-,-
"Sep 28, 2024 @ 18:20:39.711",lookup_requested,"DNS query is completed for the name www.myspace.com, type 1, query options 2251801155993600 with status 1460 Results  ",xhikv.exe,-,-,-,-,-,-,-,www.myspace.com,34.111.176.156,-,-,United States,Kansas City,39.10344,-94.58311,Google LLC,-,-
"Sep 28, 2024 @ 18:20:30.629",lookup_requested,"DNS query is completed for the name www.adobe.com, type 1, query options 2251801155993600 with status 10054 Results  ",xhikv.exe,-,-,-,-,-,-,-,www.adobe.com,23.47.190.128,-,-,Singapore,Singapore,1.29041,103.85211,"Akamai Technologies, Inc.",-,-
"Sep 28, 2024 @ 18:20:20.560",lookup_requested,"DNS query is completed for the name www.youtube.com, type 1, query options 2251801155993600 with status 10054 Results  ",xhikv.exe,-,-,-,-,-,-,-,www.youtube.com,142.251.175.190,-,-,Singapore,Singapore,1.29041,103.85211,Google LLC,-,-
"Sep 28, 2024 @ 18:20:10.472",lookup_requested,"DNS query is completed for the name www.blogger.com, type 1, query options 2251801155993600 with status 1460 Results  ",xhikv.exe,-,-,-,-,-,-,-,www.blogger.com,172.253.118.191,-,-,Singapore,Singapore,1.29041,103.85211,Google LLC,-,-
"Sep 28, 2024 @ 18:19:02.141",lookup_requested,"DNS query is completed for the name www.google.com, type 1, query options 2251801155993600 with status 10054 Results  ",xhikv.exe,-,-,-,-,-,-,-,www.google.com,142.251.175.147,-,-,Singapore,Singapore,1.29041,103.85211,Google LLC,-,-
"Sep 28, 2024 @ 18:18:53.081",lookup_requested,"DNS query is completed for the name www.baidu.com, type 1, query options 2251801155993600 with status 10054 Results  ",xhikv.exe,-,-,-,-,-,-,-,www.baidu.com,45.113.192.102,-,-,Singapore,Singapore,1.29041,103.85211,baidu.com,-,-
"Sep 28, 2024 @ 18:18:28.821",lookup_requested,"DNS query is completed for the name www.facebook.com, type 1, query options 2251801155993600 with status 1460 Results  ",xhikv.exe,-,-,-,-,-,-,-,www.facebook.com,157.240.229.35,-,-,United States,Ashburn,39.05232,-77.48270,"Facebook, Inc.",-,-
"Sep 28, 2024 @ 18:18:03.553",lookup_requested,"DNS query is completed for the name www.imdb.com, type 1, query options 2251801155993600 with status 1460 Results  ",xhikv.exe,-,-,-,-,-,-,-,www.imdb.com,13.33.79.214,-,-,Singapore,Singapore,1.35208,103.81984,"Amazon.com, Inc.",-,-
"Sep 28, 2024 @ 18:17:05.756",modification,Endpoint registry event,xhikv.exe,-,-,-,-,-,HKLM\SOFTWARE\Microsoft\Windows\CurrentVersion\Policies\System\PromptOnSecureDesktop,PromptOnSecureDesktop,-,-,-,-,-,-,-,-,-,"Privilege Escalation, Defense Evasion","Bypass User Account Control, Bypass User Account Control, Disable or Modify Tools"
"Sep 28, 2024 @ 18:17:05.755",modification,Endpoint registry event,xhikv.exe,-,-,-,-,-,HKLM\SOFTWARE\Microsoft\Windows\CurrentVersion\Policies\System\ConsentPromptBehaviorAdmin,ConsentPromptBehaviorAdmin,-,-,-,-,-,-,-,-,-,"Privilege Escalation, Defense Evasion","Bypass User Account Control, Bypass User Account Control, Disable or Modify Tools"
"Sep 28, 2024 @ 18:17:05.751",modification,Endpoint registry event,xhikv.exe,-,-,-,-,-,HKLM\SOFTWARE\Microsoft\Windows\CurrentVersion\Policies\System\EnableLUA,EnableLUA,-,-,-,-,-,-,-,-,-,"Privilege Escalation, Defense Evasion","Bypass User Account Control, Bypass User Account Control, Disable or Modify Tools"
"Sep 28, 2024 @ 18:17:05.745",modification,Endpoint registry event,39198d3c1aa3a57c84b503b5ee22ac887e6db6c8780aa0f31adcef89b3ffa6b9.exe,-,-,-,-,-,HKLM\SOFTWARE\Microsoft\Windows\CurrentVersion\Policies\System\PromptOnSecureDesktop,PromptOnSecureDesktop,-,-,-,-,-,-,-,-,-,"Privilege Escalation, Defense Evasion","Bypass User Account Control, Bypass User Account Control, Disable or Modify Tools"
"Sep 28, 2024 @ 18:17:05.741",modification,Endpoint registry event,39198d3c1aa3a57c84b503b5ee22ac887e6db6c8780aa0f31adcef89b3ffa6b9.exe,-,-,-,-,-,HKLM\SOFTWARE\Microsoft\Windows\CurrentVersion\Policies\System\ConsentPromptBehaviorAdmin,ConsentPromptBehaviorAdmin,-,-,-,-,-,-,-,-,-,"Privilege Escalation, Defense Evasion","Bypass User Account Control, Bypass User Account Control, Disable or Modify Tools"
"Sep 28, 2024 @ 18:17:05.732",modification,Endpoint registry event,39198d3c1aa3a57c84b503b5ee22ac887e6db6c8780aa0f31adcef89b3ffa6b9.exe,-,-,-,-,-,HKLM\SOFTWARE\Microsoft\Windows\CurrentVersion\Policies\System\EnableLUA,EnableLUA,-,-,-,-,-,-,-,-,-,"Privilege Escalation, Defense Evasion","Bypass User Account Control, Bypass User Account Control, Disable or Modify Tools"
"Sep 28, 2024 @ 18:16:56.111",lookup_requested,"DNS query is completed for the name www.yahoo.com, type 1, query options 2251801155993600 with status 10054 Results  ",xhikv.exe,-,-,-,-,-,-,-,www.yahoo.com,180.222.114.11,-,-,Singapore,Singapore,1.29041,103.85211,IN1 CLD Pool,-,-
"Sep 28, 2024 @ 18:16:08.531",lookup_requested,"DNS query is completed for the name www.whatismyip.com, type 1, query options 2251801155993600 with status 10054 Results  ",xhikv.exe,-,-,-,-,-,-,-,www.whatismyip.com,104.27.206.92,-,-,United States,San Francisco,37.78035,-122.39059,"Cloudflare, Inc.",-,-
"Sep 28, 2024 @ 18:16:04.423",lookup_requested,"DNS query is completed for the name whatismyipaddress.com, type 1, query options 2251801155993600 with status 1460 Results  ",xhikv.exe,-,-,-,-,-,-,-,whatismyipaddress.com,104.19.223.79,False,32,United States,San Francisco,37.78035,-122.39059,"Cloudflare, Inc.",-,-
"Sep 28, 2024 @ 18:16:00.053",modification,Endpoint registry event,xhikv.exe,-,-,-,-,-,HKEY_USERS\S-1-5-21-2438712759-301890551-4283054500-1001\SOFTWARE\Microsoft\Windows\CurrentVersion\RunOnce\ldmwpejxkxoaj,ldmwpejxkxoaj,-,-,-,-,-,-,-,-,-,Persistence,Registry Run Keys / Startup Folder
"Sep 28, 2024 @ 18:16:00.052",modification,Endpoint registry event,xhikv.exe,-,-,-,-,-,HKEY_USERS\S-1-5-21-2438712759-301890551-4283054500-1001\SOFTWARE\Microsoft\Windows\CurrentVersion\Run\mdlumaerdpfq,mdlumaerdpfq,-,-,-,-,-,-,-,-,-,Persistence,Registry Run Keys / Startup Folder
"Sep 28, 2024 @ 18:16:00.050",modification,Endpoint registry event,xhikv.exe,-,-,-,-,-,HKLM\SOFTWARE\Microsoft\Windows\CurrentVersion\Policies\Explorer\Run\pfmulybnyjy,pfmulybnyjy,-,-,-,-,-,-,-,-,-,Persistence,Registry Run Keys / Startup Folder
"Sep 28, 2024 @ 18:16:00.035",modification,Endpoint registry event,xhikv.exe,-,-,-,-,-,HKEY_USERS\S-1-5-21-2438712759-301890551-4283054500-1001\SOFTWARE\Microsoft\Windows\CurrentVersion\RunOnce\upbokckbrhbqcxjk,upbokckbrhbqcxjk,-,-,-,-,-,-,-,-,-,Persistence,Registry Run Keys / Startup Folder
"Sep 28, 2024 @ 18:16:00.033",modification,Endpoint registry event,xhikv.exe,-,-,-,-,-,HKEY_USERS\S-1-5-21-2438712759-301890551-4283054500-1001\SOFTWARE\Microsoft\Windows\CurrentVersion\Run\pjugbszpetmalfq,pjugbszpetmalfq,-,-,-,-,-,-,-,-,-,Persistence,Registry Run Keys / Startup Folder
"Sep 28, 2024 @ 18:16:00.028",modification,Endpoint registry event,xhikv.exe,-,-,-,-,-,HKLM\SOFTWARE\Microsoft\Windows\CurrentVersion\Policies\Explorer\Run\mfpaukqfthzmwp,mfpaukqfthzmwp,-,-,-,-,-,-,-,-,-,Persistence,Registry Run Keys / Startup Folder
"Sep 28, 2024 @ 18:16:00.000",modification,Endpoint registry event,39198d3c1aa3a57c84b503b5ee22ac887e6db6c8780aa0f31adcef89b3ffa6b9.exe,-,-,-,-,-,HKEY_USERS\S-1-5-21-2438712759-301890551-4283054500-1001\SOFTWARE\Microsoft\Windows\CurrentVersion\RunOnce\ldmwpejxkxoaj,ldmwpejxkxoaj,-,-,-,-,-,-,-,-,-,Persistence,Registry Run Keys / Startup Folder
"Sep 28, 2024 @ 18:15:59.993",modification,Endpoint registry event,39198d3c1aa3a57c84b503b5ee22ac887e6db6c8780aa0f31adcef89b3ffa6b9.exe,-,-,-,-,-,HKEY_USERS\S-1-5-21-2438712759-301890551-4283054500-1001\SOFTWARE\Microsoft\Windows\CurrentVersion\Run\mdlumaerdpfq,mdlumaerdpfq,-,-,-,-,-,-,-,-,-,Persistence,Registry Run Keys / Startup Folder
"Sep 28, 2024 @ 18:15:59.986",modification,Endpoint registry event,39198d3c1aa3a57c84b503b5ee22ac887e6db6c8780aa0f31adcef89b3ffa6b9.exe,-,-,-,-,-,HKLM\SOFTWARE\Microsoft\Windows\CurrentVersion\Policies\Explorer\Run\pfmulybnyjy,pfmulybnyjy,-,-,-,-,-,-,-,-,-,Persistence,Registry Run Keys / Startup Folder
"Sep 28, 2024 @ 18:15:59.978",modification,Endpoint registry event,39198d3c1aa3a57c84b503b5ee22ac887e6db6c8780aa0f31adcef89b3ffa6b9.exe,-,-,-,-,-,HKEY_USERS\S-1-5-21-2438712759-301890551-4283054500-1001\SOFTWARE\Microsoft\Windows\CurrentVersion\RunOnce\upbokckbrhbqcxjk,upbokckbrhbqcxjk,-,-,-,-,-,-,-,-,-,Persistence,Registry Run Keys / Startup Folder
"Sep 28, 2024 @ 18:15:59.974",modification,Endpoint registry event,39198d3c1aa3a57c84b503b5ee22ac887e6db6c8780aa0f31adcef89b3ffa6b9.exe,-,-,-,-,-,HKEY_USERS\S-1-5-21-2438712759-301890551-4283054500-1001\SOFTWARE\Microsoft\Windows\CurrentVersion\Run\pjugbszpetmalfq,pjugbszpetmalfq,-,-,-,-,-,-,-,-,-,Persistence,Registry Run Keys / Startup Folder
"Sep 28, 2024 @ 18:15:59.968",modification,Endpoint registry event,39198d3c1aa3a57c84b503b5ee22ac887e6db6c8780aa0f31adcef89b3ffa6b9.exe,-,-,-,-,-,HKLM\SOFTWARE\Microsoft\Windows\CurrentVersion\Policies\Explorer\Run\mfpaukqfthzmwp,mfpaukqfthzmwp,-,-,-,-,-,-,-,-,-,Persistence,Registry Run Keys / Startup Folder
"Sep 28, 2024 @ 18:15:56.362",lookup_requested,"DNS query is completed for the name whatismyip.everdot.org, type 1, query options 2251801155993600 with status 1460 Results  ",xhikv.exe,-,-,-,-,-,-,-,whatismyip.everdot.org,-,-,-,-,-,-,-,-,-,-
"Sep 28, 2024 @ 18:15:45.294",lookup_requested,"DNS query is completed for the name www.showmyipaddress.com, type 1, query options 2251801155993600 with status 1460 Results  ",xhikv.exe,-,-,-,-,-,-,-,www.showmyipaddress.com,104.21.74.56,-,-,United States,San Francisco,37.78035,-122.39059,"Cloudflare, Inc.",-,-
"Sep 28, 2024 @ 18:15:42.644",modification,Endpoint registry event,xhikv.exe,-,-,-,-,-,HKLM\SOFTWARE\Microsoft\Windows\CurrentVersion\Policies\Explorer\Run\pfmulybnyjy,pfmulybnyjy,-,-,-,-,-,-,-,-,-,"Persistence, Defense Evasion","Registry Run Keys / Startup Folder, Screensaver"
"Sep 28, 2024 @ 18:15:42.642",modification,Endpoint registry event,xhikv.exe,-,-,-,-,-,HKLM\SOFTWARE\Microsoft\Windows\CurrentVersion\Policies\Explorer\Run\mfpaukqfthzmwp,mfpaukqfthzmwp,-,-,-,-,-,-,-,-,-,"Persistence, Defense Evasion","Registry Run Keys / Startup Folder, Screensaver"
"Sep 28, 2024 @ 18:15:42.633",modification,Endpoint registry event,39198d3c1aa3a57c84b503b5ee22ac887e6db6c8780aa0f31adcef89b3ffa6b9.exe,-,-,-,-,-,HKLM\SOFTWARE\Microsoft\Windows\CurrentVersion\Policies\Explorer\Run\pfmulybnyjy,pfmulybnyjy,-,-,-,-,-,-,-,-,-,"Persistence, Defense Evasion","Registry Run Keys / Startup Folder, Screensaver"
"Sep 28, 2024 @ 18:15:42.630",modification,Endpoint registry event,39198d3c1aa3a57c84b503b5ee22ac887e6db6c8780aa0f31adcef89b3ffa6b9.exe,-,-,-,-,-,HKLM\SOFTWARE\Microsoft\Windows\CurrentVersion\Policies\Explorer\Run\mfpaukqfthzmwp,mfpaukqfthzmwp,-,-,-,-,-,-,-,-,-,"Persistence, Defense Evasion","Registry Run Keys / Startup Folder, Screensaver"
"Sep 28, 2024 @ 18:15:04.738",lookup_requested,"DNS query is completed for the name www.whatismyip.ca, type 1, query options 2251801155993600 with status 1460 Results  ",xhikv.exe,-,-,-,-,-,-,-,www.whatismyip.ca,-,-,-,-,-,-,-,-,-,-
"Sep 28, 2024 @ 18:13:39.455",modification,Endpoint registry event,xhikv.exe,-,-,-,-,-,HKLM\SOFTWARE\WOW6432Node\Microsoft\Windows\Security Center\UpdatesDisableNotify,UpdatesDisableNotify,-,-,-,-,-,-,-,-,-,-,-
"Sep 28, 2024 @ 18:13:39.345",modification,Endpoint registry event,xhikv.exe,-,-,-,-,-,HKLM\SOFTWARE\WOW6432Node\Microsoft\Windows\Security Center\FirewallDisableNotify,FirewallDisableNotify,-,-,-,-,-,-,-,-,-,-,-
"Sep 28, 2024 @ 18:13:39.234",modification,Endpoint registry event,xhikv.exe,-,-,-,-,-,HKLM\SOFTWARE\WOW6432Node\Microsoft\Windows\Security Center\AntiVirusDisableNotify,AntiVirusDisableNotify,-,-,-,-,-,-,-,-,-,-,-
"Sep 28, 2024 @ 18:13:39.124",modification,Endpoint registry event,xhikv.exe,-,-,-,-,-,HKLM\SOFTWARE\WOW6432Node\Microsoft\Windows\Security Center\UacDisableNotify,UacDisableNotify,-,-,-,-,-,-,-,-,-,-,-
"Sep 28, 2024 @ 18:13:39.013",modification,Endpoint registry event,xhikv.exe,-,-,-,-,-,HKLM\SOFTWARE\WOW6432Node\Microsoft\Windows\Security Center\FirewallOverride,FirewallOverride,-,-,-,-,-,-,-,-,-,-,-
"Sep 28, 2024 @ 18:13:38.904",modification,Endpoint registry event,xhikv.exe,-,-,-,-,-,HKLM\SOFTWARE\WOW6432Node\Microsoft\Windows\Security Center\AntiVirusOverride,AntiVirusOverride,-,-,-,-,-,-,-,-,-,-,-
"Sep 28, 2024 @ 18:13:38.782",modification,Endpoint registry event,xhikv.exe,-,-,-,-,-,HKLM\SOFTWARE\Microsoft\Windows\CurrentVersion\Explorer\Advanced\Folder\Hidden\SHOWALL\CheckedValue,CheckedValue,-,-,-,-,-,-,-,-,-,-,-
"Sep 28, 2024 @ 18:13:38.671",modification,Endpoint registry event,xhikv.exe,-,-,-,-,-,HKLM\SOFTWARE\Microsoft\Windows\CurrentVersion\Policies\Explorer\NoDriveTypeAutoRun,NoDriveTypeAutoRun,-,-,-,-,-,-,-,-,-,-,-
"Sep 28, 2024 @ 18:13:38.444",modification,Endpoint registry event,xhikv.exe,-,-,-,-,-,HKEY_USERS\S-1-5-21-2438712759-301890551-4283054500-1001\SOFTWARE\Microsoft\Windows\CurrentVersion\Policies\Explorer\NoDriveTypeAutoRun,NoDriveTypeAutoRun,-,-,-,-,-,-,-,-,-,-,-
"Sep 28, 2024 @ 18:13:38.232",modification,Endpoint registry event,xhikv.exe,-,-,-,-,-,HKLM\SOFTWARE\Microsoft\Windows\CurrentVersion\Policies\System\FilterAdministratorToken,FilterAdministratorToken,-,-,-,-,-,-,-,-,-,-,-
"Sep 28, 2024 @ 18:13:38.120",modification,Endpoint registry event,xhikv.exe,-,-,-,-,-,HKLM\SOFTWARE\Microsoft\Windows\CurrentVersion\Policies\System\ValidateAdminCodeSignatures,ValidateAdminCodeSignatures,-,-,-,-,-,-,-,-,-,-,-
"Sep 28, 2024 @ 18:13:38.011",modification,Endpoint registry event,xhikv.exe,-,-,-,-,-,HKLM\SOFTWARE\Microsoft\Windows\CurrentVersion\Policies\System\PromptOnSecureDesktop,PromptOnSecureDesktop,-,-,-,-,-,-,-,-,-,-,-
"Sep 28, 2024 @ 18:13:37.904",modification,Endpoint registry event,xhikv.exe,-,-,-,-,-,HKLM\SOFTWARE\Microsoft\Windows\CurrentVersion\Policies\System\EnableVirtualization,EnableVirtualization,-,-,-,-,-,-,-,-,-,-,-
"Sep 28, 2024 @ 18:13:37.798",modification,Endpoint registry event,xhikv.exe,-,-,-,-,-,HKLM\SOFTWARE\Microsoft\Windows\CurrentVersion\Policies\System\EnableSecureUIAPaths,EnableSecureUIAPaths,-,-,-,-,-,-,-,-,-,-,-
"Sep 28, 2024 @ 18:13:37.689",modification,Endpoint registry event,xhikv.exe,-,-,-,-,-,HKLM\SOFTWARE\Microsoft\Windows\CurrentVersion\Policies\System\EnableInstallerDetection,EnableInstallerDetection,-,-,-,-,-,-,-,-,-,-,-
"Sep 28, 2024 @ 18:13:37.576",modification,Endpoint registry event,xhikv.exe,-,-,-,-,-,HKLM\SOFTWARE\Microsoft\Windows\CurrentVersion\Policies\System\ConsentPromptBehaviorUser,ConsentPromptBehaviorUser,-,-,-,-,-,-,-,-,-,-,-
"Sep 28, 2024 @ 18:13:37.465",modification,Endpoint registry event,xhikv.exe,-,-,-,-,-,HKLM\SOFTWARE\Microsoft\Windows\CurrentVersion\Policies\System\ConsentPromptBehaviorAdmin,ConsentPromptBehaviorAdmin,-,-,-,-,-,-,-,-,-,-,-
"Sep 28, 2024 @ 18:13:37.427",end,Endpoint process event,39198d3c1aa3a57c84b503b5ee22ac887e6db6c8780aa0f31adcef89b3ffa6b9.exe,explorer.exe,C:\Users\John\39198d3c1aa3a57c84b503b5ee22ac887e6db6c8780aa0f31adcef89b3ffa6b9.exe,-,-,-,-,-,-,-,-,-,-,-,-,-,-,-,-
"Sep 28, 2024 @ 18:13:37.128",modification,Endpoint registry event,xhikv.exe,-,-,-,-,-,HKLM\SOFTWARE\Microsoft\Windows\CurrentVersion\Policies\System\DisableRegistryTools,DisableRegistryTools,-,-,-,-,-,-,-,-,-,-,-
"Sep 28, 2024 @ 18:13:36.889",modification,Endpoint registry event,xhikv.exe,-,-,-,-,-,HKEY_USERS\S-1-5-21-2438712759-301890551-4283054500-1001\SOFTWARE\Microsoft\Windows\CurrentVersion\Policies\System\DisableRegistryTools,DisableRegistryTools,-,-,-,-,-,-,-,-,-,-,-
"Sep 28, 2024 @ 18:13:36.741",modification,Endpoint registry event,xhikv.exe,-,-,-,-,-,HKEY_USERS\S-1-5-21-2438712759-301890551-4283054500-1001\SOFTWARE\Microsoft\Windows\CurrentVersion\RunOnce\ldmwpejxkxoaj,ldmwpejxkxoaj,-,-,-,-,-,-,-,-,-,-,-
"Sep 28, 2024 @ 18:13:36.633",modification,Endpoint registry event,xhikv.exe,-,-,-,-,-,HKEY_USERS\S-1-5-21-2438712759-301890551-4283054500-1001\SOFTWARE\Microsoft\Windows\CurrentVersion\Run\mdlumaerdpfq,mdlumaerdpfq,-,-,-,-,-,-,-,-,-,-,-
"Sep 28, 2024 @ 18:13:36.402",modification,Endpoint registry event,xhikv.exe,-,-,-,-,-,HKLM\SOFTWARE\Microsoft\Windows\CurrentVersion\Policies\Explorer\Run\pfmulybnyjy,pfmulybnyjy,-,-,-,-,-,-,-,-,-,-,-
"Sep 28, 2024 @ 18:13:36.280",modification,Endpoint registry event,xhikv.exe,-,-,-,-,-,HKLM\SOFTWARE\WOW6432Node\Microsoft\Windows\CurrentVersion\RunOnce\bxkyvoxpgxsivregs,bxkyvoxpgxsivregs,-,-,-,-,-,-,-,-,-,-,-
"Sep 28, 2024 @ 18:13:36.169",modification,Endpoint registry event,xhikv.exe,-,-,-,-,-,HKLM\SOFTWARE\WOW6432Node\Microsoft\Windows\CurrentVersion\Run\khvkicmfxplcqnberz,khvkicmfxplcqnberz,-,-,-,-,-,-,-,-,-,-,-
"Sep 28, 2024 @ 18:13:36.058",modification,Endpoint registry event,xhikv.exe,-,-,-,-,-,HKEY_USERS\S-1-5-21-2438712759-301890551-4283054500-1001\SOFTWARE\Microsoft\Windows\CurrentVersion\RunOnce\upbokckbrhbqcxjk,upbokckbrhbqcxjk,-,-,-,-,-,-,-,-,-,-,-
"Sep 28, 2024 @ 18:13:35.945",modification,Endpoint registry event,xhikv.exe,-,-,-,-,-,HKEY_USERS\S-1-5-21-2438712759-301890551-4283054500-1001\SOFTWARE\Microsoft\Windows\CurrentVersion\Run\pjugbszpetmalfq,pjugbszpetmalfq,-,-,-,-,-,-,-,-,-,-,-
"Sep 28, 2024 @ 18:13:35.822",modification,Endpoint registry event,xhikv.exe,-,-,-,-,-,HKLM\SOFTWARE\Microsoft\Windows\CurrentVersion\Policies\Explorer\Run\mfpaukqfthzmwp,mfpaukqfthzmwp,-,-,-,-,-,-,-,-,-,-,-
"Sep 28, 2024 @ 18:13:35.682",modification,Endpoint registry event,xhikv.exe,-,-,-,-,-,HKLM\SOFTWARE\WOW6432Node\Microsoft\Windows\CurrentVersion\RunOnce\ldmwpejxkxoaj,ldmwpejxkxoaj,-,-,-,-,-,-,-,-,-,-,-
"Sep 28, 2024 @ 18:13:35.415",modification,Endpoint registry event,xhikv.exe,-,-,-,-,-,HKLM\SOFTWARE\WOW6432Node\Microsoft\Windows\CurrentVersion\Run\mdlumaerdpfq,mdlumaerdpfq,-,-,-,-,-,-,-,-,-,-,-
"Sep 28, 2024 @ 18:13:35.285",modification,Endpoint registry event,xhikv.exe,-,-,-,-,-,HKLM\SOFTWARE\WOW6432Node\Microsoft\Windows NT\CurrentVersion\Winlogon\Shell,Shell,-,-,-,-,-,-,-,-,-,-,-
"Sep 28, 2024 @ 18:13:35.269",modification,Endpoint registry event,xhikv.exe,-,-,-,-,-,HKLM\SOFTWARE\Microsoft\Windows\CurrentVersion\Policies\System\EnableLUA,EnableLUA,-,-,-,-,-,-,-,-,-,-,-
"Sep 28, 2024 @ 18:13:34.834",load,Endpoint DLL load event,xhikv.exe,-,-,-,xhikv.exe,-,-,-,-,-,-,-,-,-,-,-,-,-,-
"Sep 28, 2024 @ 18:13:34.453",overwrite,Endpoint file event,xhikv.exe,-,-,-,-,ldmwpejxkxoajbkiqtpbtxsrdyqzjcrwkxk.nwo,-,-,-,-,-,-,-,-,-,-,-,-,-
"Sep 28, 2024 @ 18:13:34.452",creation,Endpoint file event,xhikv.exe,-,-,-,-,ldmwpejxkxoajbkiqtpbtxsrdyqzjcrwkxk.nwo,-,-,-,-,-,-,-,-,-,-,-,-,-
"Sep 28, 2024 @ 18:13:34.395",creation,Endpoint file event,xhikv.exe,-,-,-,-,cjhgosmprtzayfdqnfqryrbp.ahf,-,-,-,-,-,-,-,-,-,-,-,-,-
"Sep 28, 2024 @ 18:13:34.395",overwrite,Endpoint file event,xhikv.exe,-,-,-,-,cjhgosmprtzayfdqnfqryrbp.ahf,-,-,-,-,-,-,-,-,-,-,-,-,-
"Sep 28, 2024 @ 18:13:32.550",start,Endpoint process event,xhikv.exe,39198d3c1aa3a57c84b503b5ee22ac887e6db6c8780aa0f31adcef89b3ffa6b9.exe,"C:\Users\John\AppData\Local\Temp\xhikv.exe, -",-,-,-,-,-,-,-,-,-,-,-,-,-,-,-,-
"Sep 28, 2024 @ 18:13:23.118",modification,Endpoint registry event,39198d3c1aa3a57c84b503b5ee22ac887e6db6c8780aa0f31adcef89b3ffa6b9.exe,-,-,-,-,-,HKLM\SOFTWARE\WOW6432Node\Microsoft\Windows\Security Center\UpdatesDisableNotify,UpdatesDisableNotify,-,-,-,-,-,-,-,-,-,-,-
"Sep 28, 2024 @ 18:13:23.002",modification,Endpoint registry event,39198d3c1aa3a57c84b503b5ee22ac887e6db6c8780aa0f31adcef89b3ffa6b9.exe,-,-,-,-,-,HKLM\SOFTWARE\WOW6432Node\Microsoft\Windows\Security Center\FirewallDisableNotify,FirewallDisableNotify,-,-,-,-,-,-,-,-,-,-,-
"Sep 28, 2024 @ 18:13:22.885",modification,Endpoint registry event,39198d3c1aa3a57c84b503b5ee22ac887e6db6c8780aa0f31adcef89b3ffa6b9.exe,-,-,-,-,-,HKLM\SOFTWARE\WOW6432Node\Microsoft\Windows\Security Center\AntiVirusDisableNotify,AntiVirusDisableNotify,-,-,-,-,-,-,-,-,-,-,-
"Sep 28, 2024 @ 18:13:22.769",modification,Endpoint registry event,39198d3c1aa3a57c84b503b5ee22ac887e6db6c8780aa0f31adcef89b3ffa6b9.exe,-,-,-,-,-,HKLM\SOFTWARE\WOW6432Node\Microsoft\Windows\Security Center\UacDisableNotify,UacDisableNotify,-,-,-,-,-,-,-,-,-,-,-
"Sep 28, 2024 @ 18:13:22.653",modification,Endpoint registry event,39198d3c1aa3a57c84b503b5ee22ac887e6db6c8780aa0f31adcef89b3ffa6b9.exe,-,-,-,-,-,HKLM\SOFTWARE\WOW6432Node\Microsoft\Windows\Security Center\FirewallOverride,FirewallOverride,-,-,-,-,-,-,-,-,-,-,-
"Sep 28, 2024 @ 18:13:22.550",execution,Malware Detection Alert,xhikv.exe,39198d3c1aa3a57c84b503b5ee22ac887e6db6c8780aa0f31adcef89b3ffa6b9.exe,"C:\Users\John\AppData\Local\Temp\xhikv.exe, -",-,-,xhikv.exe,-,-,-,-,-,-,-,-,-,-,-,-,-
"Sep 28, 2024 @ 18:13:22.539",modification,Endpoint registry event,39198d3c1aa3a57c84b503b5ee22ac887e6db6c8780aa0f31adcef89b3ffa6b9.exe,-,-,-,-,-,HKLM\SOFTWARE\WOW6432Node\Microsoft\Windows\Security Center\AntiVirusOverride,AntiVirusOverride,-,-,-,-,-,-,-,-,-,-,-
"Sep 28, 2024 @ 18:13:22.422",modification,Endpoint registry event,39198d3c1aa3a57c84b503b5ee22ac887e6db6c8780aa0f31adcef89b3ffa6b9.exe,-,-,-,-,-,HKLM\SOFTWARE\Microsoft\Windows\CurrentVersion\Explorer\Advanced\Folder\Hidden\SHOWALL\CheckedValue,CheckedValue,-,-,-,-,-,-,-,-,-,-,-
"Sep 28, 2024 @ 18:13:22.316",modification,Endpoint registry event,39198d3c1aa3a57c84b503b5ee22ac887e6db6c8780aa0f31adcef89b3ffa6b9.exe,-,-,-,-,-,HKLM\SOFTWARE\Microsoft\Windows\CurrentVersion\Policies\Explorer\NoDriveTypeAutoRun,NoDriveTypeAutoRun,-,-,-,-,-,-,-,-,-,-,-
"Sep 28, 2024 @ 18:13:22.130",modification,Endpoint registry event,39198d3c1aa3a57c84b503b5ee22ac887e6db6c8780aa0f31adcef89b3ffa6b9.exe,-,-,-,-,-,HKEY_USERS\S-1-5-21-2438712759-301890551-4283054500-1001\SOFTWARE\Microsoft\Windows\CurrentVersion\Internet Settings\ZoneMap\AutoDetect,AutoDetect,-,-,-,-,-,-,-,-,-,-,-
"Sep 28, 2024 @ 18:13:22.129",modification,Endpoint registry event,39198d3c1aa3a57c84b503b5ee22ac887e6db6c8780aa0f31adcef89b3ffa6b9.exe,-,-,-,-,-,HKEY_USERS\S-1-5-21-2438712759-301890551-4283054500-1001\SOFTWARE\Microsoft\Windows\CurrentVersion\Internet Settings\ZoneMap\IntranetName,IntranetName,-,-,-,-,-,-,-,-,-,-,-
"Sep 28, 2024 @ 18:13:22.129",modification,Endpoint registry event,39198d3c1aa3a57c84b503b5ee22ac887e6db6c8780aa0f31adcef89b3ffa6b9.exe,-,-,-,-,-,HKEY_USERS\S-1-5-21-2438712759-301890551-4283054500-1001\SOFTWARE\Microsoft\Windows\CurrentVersion\Internet Settings\ZoneMap\UNCAsIntranet,UNCAsIntranet,-,-,-,-,-,-,-,-,-,-,-
"Sep 28, 2024 @ 18:13:22.128",modification,Endpoint registry event,39198d3c1aa3a57c84b503b5ee22ac887e6db6c8780aa0f31adcef89b3ffa6b9.exe,-,-,-,-,-,HKEY_USERS\S-1-5-21-2438712759-301890551-4283054500-1001\SOFTWARE\Microsoft\Windows\CurrentVersion\Internet Settings\ZoneMap\ProxyBypass,ProxyBypass,-,-,-,-,-,-,-,-,-,-,-
"Sep 28, 2024 @ 18:13:22.097",modification,Endpoint registry event,39198d3c1aa3a57c84b503b5ee22ac887e6db6c8780aa0f31adcef89b3ffa6b9.exe,-,-,-,-,-,HKEY_USERS\S-1-5-21-2438712759-301890551-4283054500-1001\SOFTWARE\Microsoft\Windows\CurrentVersion\Policies\Explorer\NoDriveTypeAutoRun,NoDriveTypeAutoRun,-,-,-,-,-,-,-,-,-,-,-
"Sep 28, 2024 @ 18:13:21.866",modification,Endpoint registry event,39198d3c1aa3a57c84b503b5ee22ac887e6db6c8780aa0f31adcef89b3ffa6b9.exe,-,-,-,-,-,HKLM\SOFTWARE\Microsoft\Windows\CurrentVersion\Policies\System\FilterAdministratorToken,FilterAdministratorToken,-,-,-,-,-,-,-,-,-,-,-
"Sep 28, 2024 @ 18:13:21.756",modification,Endpoint registry event,39198d3c1aa3a57c84b503b5ee22ac887e6db6c8780aa0f31adcef89b3ffa6b9.exe,-,-,-,-,-,HKLM\SOFTWARE\Microsoft\Windows\CurrentVersion\Policies\System\ValidateAdminCodeSignatures,ValidateAdminCodeSignatures,-,-,-,-,-,-,-,-,-,-,-
"Sep 28, 2024 @ 18:13:21.639",modification,Endpoint registry event,39198d3c1aa3a57c84b503b5ee22ac887e6db6c8780aa0f31adcef89b3ffa6b9.exe,-,-,-,-,-,HKLM\SOFTWARE\Microsoft\Windows\CurrentVersion\Policies\System\PromptOnSecureDesktop,PromptOnSecureDesktop,-,-,-,-,-,-,-,-,-,-,-
"Sep 28, 2024 @ 18:13:21.521",modification,Endpoint registry event,39198d3c1aa3a57c84b503b5ee22ac887e6db6c8780aa0f31adcef89b3ffa6b9.exe,-,-,-,-,-,HKLM\SOFTWARE\Microsoft\Windows\CurrentVersion\Policies\System\EnableVirtualization,EnableVirtualization,-,-,-,-,-,-,-,-,-,-,-
"Sep 28, 2024 @ 18:13:21.486",overwrite,Endpoint file event,39198d3c1aa3a57c84b503b5ee22ac887e6db6c8780aa0f31adcef89b3ffa6b9.exe,-,-,-,-,xhikv.exe,-,-,-,-,-,-,-,-,-,-,-,-,-
"Sep 28, 2024 @ 18:13:21.406",modification,Endpoint registry event,39198d3c1aa3a57c84b503b5ee22ac887e6db6c8780aa0f31adcef89b3ffa6b9.exe,-,-,-,-,-,HKLM\SOFTWARE\Microsoft\Windows\CurrentVersion\Policies\System\EnableSecureUIAPaths,EnableSecureUIAPaths,-,-,-,-,-,-,-,-,-,-,-
"Sep 28, 2024 @ 18:13:21.292",modification,Endpoint registry event,39198d3c1aa3a57c84b503b5ee22ac887e6db6c8780aa0f31adcef89b3ffa6b9.exe,-,-,-,-,-,HKLM\SOFTWARE\Microsoft\Windows\CurrentVersion\Policies\System\EnableInstallerDetection,EnableInstallerDetection,-,-,-,-,-,-,-,-,-,-,-
"Sep 28, 2024 @ 18:13:21.177",modification,Endpoint registry event,39198d3c1aa3a57c84b503b5ee22ac887e6db6c8780aa0f31adcef89b3ffa6b9.exe,-,-,-,-,-,HKLM\SOFTWARE\Microsoft\Windows\CurrentVersion\Policies\System\ConsentPromptBehaviorUser,ConsentPromptBehaviorUser,-,-,-,-,-,-,-,-,-,-,-
"Sep 28, 2024 @ 18:13:21.066",modification,Endpoint registry event,39198d3c1aa3a57c84b503b5ee22ac887e6db6c8780aa0f31adcef89b3ffa6b9.exe,-,-,-,-,-,HKLM\SOFTWARE\Microsoft\Windows\CurrentVersion\Policies\System\ConsentPromptBehaviorAdmin,ConsentPromptBehaviorAdmin,-,-,-,-,-,-,-,-,-,-,-
"Sep 28, 2024 @ 18:13:20.749",modification,Endpoint registry event,39198d3c1aa3a57c84b503b5ee22ac887e6db6c8780aa0f31adcef89b3ffa6b9.exe,-,-,-,-,-,HKLM\SOFTWARE\Microsoft\Windows\CurrentVersion\Policies\System\DisableRegistryTools,DisableRegistryTools,-,-,-,-,-,-,-,-,-,-,-
"Sep 28, 2024 @ 18:13:20.531",creation,Malware Detection Alert,39198d3c1aa3a57c84b503b5ee22ac887e6db6c8780aa0f31adcef89b3ffa6b9.exe,explorer.exe,C:\Users\John\39198d3c1aa3a57c84b503b5ee22ac887e6db6c8780aa0f31adcef89b3ffa6b9.exe,-,-,xhikv.exe,-,-,-,-,-,-,-,-,-,-,-,-,-
"Sep 28, 2024 @ 18:13:20.521",creation,Endpoint file event,39198d3c1aa3a57c84b503b5ee22ac887e6db6c8780aa0f31adcef89b3ffa6b9.exe,-,-,-,-,xhikv.exe,-,-,-,-,-,-,-,-,-,-,-,-,-
"Sep 28, 2024 @ 18:13:20.505",modification,Endpoint registry event,39198d3c1aa3a57c84b503b5ee22ac887e6db6c8780aa0f31adcef89b3ffa6b9.exe,-,-,-,-,-,HKEY_USERS\S-1-5-21-2438712759-301890551-4283054500-1001\SOFTWARE\Microsoft\Windows\CurrentVersion\Policies\System\DisableRegistryTools,DisableRegistryTools,-,-,-,-,-,-,-,-,-,-,-
"Sep 28, 2024 @ 18:13:20.357",modification,Endpoint registry event,39198d3c1aa3a57c84b503b5ee22ac887e6db6c8780aa0f31adcef89b3ffa6b9.exe,-,-,-,-,-,HKEY_USERS\S-1-5-21-2438712759-301890551-4283054500-1001\SOFTWARE\Microsoft\Windows\CurrentVersion\RunOnce\ldmwpejxkxoaj,ldmwpejxkxoaj,-,-,-,-,-,-,-,-,-,-,-
"Sep 28, 2024 @ 18:13:20.234",modification,Endpoint registry event,39198d3c1aa3a57c84b503b5ee22ac887e6db6c8780aa0f31adcef89b3ffa6b9.exe,-,-,-,-,-,HKEY_USERS\S-1-5-21-2438712759-301890551-4283054500-1001\SOFTWARE\Microsoft\Windows\CurrentVersion\Run\mdlumaerdpfq,mdlumaerdpfq,-,-,-,-,-,-,-,-,-,-,-
"Sep 28, 2024 @ 18:13:20.009",modification,Endpoint registry event,39198d3c1aa3a57c84b503b5ee22ac887e6db6c8780aa0f31adcef89b3ffa6b9.exe,-,-,-,-,-,HKLM\SOFTWARE\Microsoft\Windows\CurrentVersion\Policies\Explorer\Run\pfmulybnyjy,pfmulybnyjy,-,-,-,-,-,-,-,-,-,-,-
"Sep 28, 2024 @ 18:13:19.887",modification,Endpoint registry event,39198d3c1aa3a57c84b503b5ee22ac887e6db6c8780aa0f31adcef89b3ffa6b9.exe,-,-,-,-,-,HKLM\SOFTWARE\WOW6432Node\Microsoft\Windows\CurrentVersion\RunOnce\bxkyvoxpgxsivregs,bxkyvoxpgxsivregs,-,-,-,-,-,-,-,-,-,-,-
"Sep 28, 2024 @ 18:13:19.764",modification,Endpoint registry event,39198d3c1aa3a57c84b503b5ee22ac887e6db6c8780aa0f31adcef89b3ffa6b9.exe,-,-,-,-,-,HKLM\SOFTWARE\WOW6432Node\Microsoft\Windows\CurrentVersion\Run\khvkicmfxplcqnberz,khvkicmfxplcqnberz,-,-,-,-,-,-,-,-,-,-,-
"Sep 28, 2024 @ 18:13:19.644",modification,Endpoint registry event,39198d3c1aa3a57c84b503b5ee22ac887e6db6c8780aa0f31adcef89b3ffa6b9.exe,-,-,-,-,-,HKEY_USERS\S-1-5-21-2438712759-301890551-4283054500-1001\SOFTWARE\Microsoft\Windows\CurrentVersion\RunOnce\upbokckbrhbqcxjk,upbokckbrhbqcxjk,-,-,-,-,-,-,-,-,-,-,-
"Sep 28, 2024 @ 18:13:19.536",modification,Endpoint registry event,39198d3c1aa3a57c84b503b5ee22ac887e6db6c8780aa0f31adcef89b3ffa6b9.exe,-,-,-,-,-,HKEY_USERS\S-1-5-21-2438712759-301890551-4283054500-1001\SOFTWARE\Microsoft\Windows\CurrentVersion\Run\pjugbszpetmalfq,pjugbszpetmalfq,-,-,-,-,-,-,-,-,-,-,-
"Sep 28, 2024 @ 18:13:19.429",modification,Endpoint registry event,39198d3c1aa3a57c84b503b5ee22ac887e6db6c8780aa0f31adcef89b3ffa6b9.exe,-,-,-,-,-,HKLM\SOFTWARE\Microsoft\Windows\CurrentVersion\Policies\Explorer\Run\mfpaukqfthzmwp,mfpaukqfthzmwp,-,-,-,-,-,-,-,-,-,-,-
"Sep 28, 2024 @ 18:13:19.314",modification,Endpoint registry event,39198d3c1aa3a57c84b503b5ee22ac887e6db6c8780aa0f31adcef89b3ffa6b9.exe,-,-,-,-,-,HKLM\SOFTWARE\WOW6432Node\Microsoft\Windows\CurrentVersion\RunOnce\ldmwpejxkxoaj,ldmwpejxkxoaj,-,-,-,-,-,-,-,-,-,-,-
"Sep 28, 2024 @ 18:13:19.087",modification,Endpoint registry event,39198d3c1aa3a57c84b503b5ee22ac887e6db6c8780aa0f31adcef89b3ffa6b9.exe,-,-,-,-,-,HKLM\SOFTWARE\WOW6432Node\Microsoft\Windows\CurrentVersion\Run\mdlumaerdpfq,mdlumaerdpfq,-,-,-,-,-,-,-,-,-,-,-
"Sep 28, 2024 @ 18:13:18.973",modification,Endpoint registry event,39198d3c1aa3a57c84b503b5ee22ac887e6db6c8780aa0f31adcef89b3ffa6b9.exe,-,-,-,-,-,HKLM\SOFTWARE\WOW6432Node\Microsoft\Windows NT\CurrentVersion\Winlogon\Shell,Shell,-,-,-,-,-,-,-,-,-,-,-
"Sep 28, 2024 @ 18:13:18.922",modification,Endpoint registry event,39198d3c1aa3a57c84b503b5ee22ac887e6db6c8780aa0f31adcef89b3ffa6b9.exe,-,-,-,-,-,HKLM\SOFTWARE\Microsoft\Windows\CurrentVersion\Policies\System\EnableLUA,EnableLUA,-,-,-,-,-,-,-,-,-,-,-
"Sep 28, 2024 @ 18:13:18.214",load,Endpoint DLL load event,39198d3c1aa3a57c84b503b5ee22ac887e6db6c8780aa0f31adcef89b3ffa6b9.exe,-,-,-,39198d3c1aa3a57c84b503b5ee22ac887e6db6c8780aa0f31adcef89b3ffa6b9.exe,-,-,-,-,-,-,-,-,-,-,-,-,-,-
"Sep 28, 2024 @ 18:13:08.956",start,Endpoint process event,39198d3c1aa3a57c84b503b5ee22ac887e6db6c8780aa0f31adcef89b3ffa6b9.exe,explorer.exe,C:\Users\John\39198d3c1aa3a57c84b503b5ee22ac887e6db6c8780aa0f31adcef89b3ffa6b9.exe,-,-,-,-,-,-,-,-,-,-,-,-,-,-,-,-
"Sep 28, 2024 @ 18:13:08.944",execution,Malware Detection Alert,39198d3c1aa3a57c84b503b5ee22ac887e6db6c8780aa0f31adcef89b3ffa6b9.exe,explorer.exe,C:\Users\John\39198d3c1aa3a57c84b503b5ee22ac887e6db6c8780aa0f31adcef89b3ffa6b9.exe,-,-,39198d3c1aa3a57c84b503b5ee22ac887e6db6c8780aa0f31adcef89b3ffa6b9.exe,-,-,-,-,-,-,-,-,-,-,-,-,-
"Sep 7, 2024 @ 21:52:47.082",start,Endpoint process event,hjadvay.exe,services.exe,C:\Windows\SysWOW64\hjadvay.exe,-,-,-,-,-,-,-,-,-,-,-,-,-,-,"Execution, Defense Evasion","Service Execution, Invalid Code Signature"
"Sep 7, 2024 @ 21:50:53.012",deletion,Endpoint file event,cmd.exe,-,-,-,-,5cb460e537ea1a574718f64cfd1f24f16794dd01bf7795525fe918b93a8221af.exe,-,-,-,-,-,-,-,-,-,-,-,Defense Evasion,"Invalid Code Signature, File Deletion"
"Sep 7, 2024 @ 21:50:53.011",end,Endpoint process event,5cb460e537ea1a574718f64cfd1f24f16794dd01bf7795525fe918b93a8221af.exe,explorer.exe,C:\Users\John\5cb460e537ea1a574718f64cfd1f24f16794dd01bf7795525fe918b93a8221af.exe,-,-,-,-,-,-,-,-,-,-,-,-,-,-,Defense Evasion,"Invalid Code Signature, File Deletion"
"Sep 7, 2024 @ 21:48:30.773",end,Endpoint process event,cmd.exe,5cb460e537ea1a574718f64cfd1f24f16794dd01bf7795525fe918b93a8221af.exe,"C:\Windows\system32\cmd.exe, /c, del, C:\Users\John\5CB460~1.EXE, >, nul",-,-,-,-,-,-,-,-,-,-,-,-,-,-,-,-
"Sep 7, 2024 @ 21:48:30.772",deletion,Endpoint file event,cmd.exe,-,-,-,-,5cb460e537ea1a574718f64cfd1f24f16794dd01bf7795525fe918b93a8221af.exe,-,-,-,-,-,-,-,-,-,-,-,-,-
"Sep 7, 2024 @ 21:48:30.701",end,Endpoint process event,5cb460e537ea1a574718f64cfd1f24f16794dd01bf7795525fe918b93a8221af.exe,explorer.exe,C:\Users\John\5cb460e537ea1a574718f64cfd1f24f16794dd01bf7795525fe918b93a8221af.exe,-,-,-,-,-,-,-,-,-,-,-,-,-,-,-,-
"Sep 7, 2024 @ 21:48:30.464",start,Endpoint process event,cmd.exe,5cb460e537ea1a574718f64cfd1f24f16794dd01bf7795525fe918b93a8221af.exe,"C:\Windows\system32\cmd.exe, /c, del, C:\Users\John\5CB460~1.EXE, >, nul",-,-,-,-,-,-,-,-,-,-,-,-,-,-,-,-
"Sep 7, 2024 @ 21:48:30.182",modification,Endpoint registry event,5cb460e537ea1a574718f64cfd1f24f16794dd01bf7795525fe918b93a8221af.exe,-,-,-,-,-,HKEY_USERS\S-1-5-21-2438712759-301890551-4283054500-1001\SOFTWARE\Microsoft\Windows\CurrentVersion\Internet Settings\ZoneMap\IntranetName,IntranetName,-,-,-,-,-,-,-,-,-,-,-
"Sep 7, 2024 @ 21:48:30.182",modification,Endpoint registry event,5cb460e537ea1a574718f64cfd1f24f16794dd01bf7795525fe918b93a8221af.exe,-,-,-,-,-,HKEY_USERS\S-1-5-21-2438712759-301890551-4283054500-1001\SOFTWARE\Microsoft\Windows\CurrentVersion\Internet Settings\ZoneMap\UNCAsIntranet,UNCAsIntranet,-,-,-,-,-,-,-,-,-,-,-
"Sep 7, 2024 @ 21:48:30.182",modification,Endpoint registry event,5cb460e537ea1a574718f64cfd1f24f16794dd01bf7795525fe918b93a8221af.exe,-,-,-,-,-,HKEY_USERS\S-1-5-21-2438712759-301890551-4283054500-1001\SOFTWARE\Microsoft\Windows\CurrentVersion\Internet Settings\ZoneMap\AutoDetect,AutoDetect,-,-,-,-,-,-,-,-,-,-,-
"Sep 7, 2024 @ 21:48:30.181",modification,Endpoint registry event,5cb460e537ea1a574718f64cfd1f24f16794dd01bf7795525fe918b93a8221af.exe,-,-,-,-,-,HKEY_USERS\S-1-5-21-2438712759-301890551-4283054500-1001\SOFTWARE\Microsoft\Windows\CurrentVersion\Internet Settings\ZoneMap\ProxyBypass,ProxyBypass,-,-,-,-,-,-,-,-,-,-,-
"Sep 7, 2024 @ 21:48:30.037",modification,Endpoint registry event,5cb460e537ea1a574718f64cfd1f24f16794dd01bf7795525fe918b93a8221af.exe,-,-,-,-,-,HKLM\SYSTEM\ControlSet001\Services\Windows Test My Version 4.0\Description,Description,-,-,-,-,-,-,-,-,-,-,-
"Sep 7, 2024 @ 21:48:30.024",load,Endpoint DLL load event,hjadvay.exe,-,-,-,hjadvay.exe,-,-,-,-,-,-,-,-,-,-,-,-,-,-
"Sep 7, 2024 @ 21:48:20.015",start,Endpoint process event,hjadvay.exe,services.exe,C:\Windows\SysWOW64\hjadvay.exe,-,-,-,-,-,-,-,-,-,-,-,-,-,-,-,-
"Sep 7, 2024 @ 21:48:20.014",execution,Malware Detection Alert,hjadvay.exe,services.exe,C:\Windows\SysWOW64\hjadvay.exe,-,-,hjadvay.exe,-,-,-,-,-,-,-,-,-,-,-,-,-
"Sep 7, 2024 @ 21:48:19.999",creation,Endpoint file event,5cb460e537ea1a574718f64cfd1f24f16794dd01bf7795525fe918b93a8221af.exe,-,-,-,-,hjadvay.exe,-,-,-,-,-,-,-,-,-,-,-,-,-
"Sep 7, 2024 @ 21:48:19.998",creation,Malware Detection Alert,5cb460e537ea1a574718f64cfd1f24f16794dd01bf7795525fe918b93a8221af.exe,explorer.exe,C:\Users\John\5cb460e537ea1a574718f64cfd1f24f16794dd01bf7795525fe918b93a8221af.exe,-,-,hjadvay.exe,-,-,-,-,-,-,-,-,-,-,-,-,-
"Sep 7, 2024 @ 21:48:19.968",load,Endpoint DLL load event,5cb460e537ea1a574718f64cfd1f24f16794dd01bf7795525fe918b93a8221af.exe,-,-,-,5cb460e537ea1a574718f64cfd1f24f16794dd01bf7795525fe918b93a8221af.exe,-,-,-,-,-,-,-,-,-,-,-,-,-,-
"Sep 7, 2024 @ 21:48:14.746",execution,Malware Detection Alert,5cb460e537ea1a574718f64cfd1f24f16794dd01bf7795525fe918b93a8221af.exe,explorer.exe,C:\Users\John\5cb460e537ea1a574718f64cfd1f24f16794dd01bf7795525fe918b93a8221af.exe,-,-,5cb460e537ea1a574718f64cfd1f24f16794dd01bf7795525fe918b93a8221af.exe,-,-,-,-,-,-,-,-,-,-,-,-,-
"Sep 7, 2024 @ 21:48:14.746",start,Endpoint process event,5cb460e537ea1a574718f64cfd1f24f16794dd01bf7795525fe918b93a8221af.exe,explorer.exe,C:\Users\John\5cb460e537ea1a574718f64cfd1f24f16794dd01bf7795525fe918b93a8221af.exe,-,-,-,-,-,-,-,-,-,-,-,-,-,-,-,-
"Sep 23, 2024 @ 14:54:31.956",end,Endpoint process event,wsqmcons.exe,svchost.exe,C:\Windows\System32\wsqmcons.exe,-,-,-,-,-,-,-,-,-,-,-,-,-,-,-,-
"Sep 23, 2024 @ 14:54:31.165",start,Endpoint process event,wsqmcons.exe,svchost.exe,C:\Windows\System32\wsqmcons.exe,-,-,-,-,-,-,-,-,-,-,-,-,-,-,-,-
"Sep 23, 2024 @ 14:53:40.947",end,Endpoint process event,MSBuild.exe,acae26cfe00f442507c384c69eb5a85326754c214795becd65ad4e798e881a83.exe,C:\Windows\Microsoft.NET\Framework\v4.0.30319\MSBuild.exe,-,-,-,-,-,-,-,-,-,-,-,-,-,-,-,-
"Sep 23, 2024 @ 14:53:19.878",modification,Endpoint registry event,MSBuild.exe,-,-,-,-,-,HKEY_USERS\S-1-5-21-2438712759-301890551-4283054500-1001\SOFTWARE\Microsoft\Windows\CurrentVersion\Internet Settings\ZoneMap\UNCAsIntranet,UNCAsIntranet,-,-,-,-,-,-,-,-,-,-,-
"Sep 23, 2024 @ 14:53:19.878",modification,Endpoint registry event,MSBuild.exe,-,-,-,-,-,HKEY_USERS\S-1-5-21-2438712759-301890551-4283054500-1001\SOFTWARE\Microsoft\Windows\CurrentVersion\Internet Settings\ZoneMap\AutoDetect,AutoDetect,-,-,-,-,-,-,-,-,-,-,-
"Sep 23, 2024 @ 14:53:19.877",modification,Endpoint registry event,MSBuild.exe,-,-,-,-,-,HKEY_USERS\S-1-5-21-2438712759-301890551-4283054500-1001\SOFTWARE\Microsoft\Windows\CurrentVersion\Internet Settings\ZoneMap\IntranetName,IntranetName,-,-,-,-,-,-,-,-,-,-,-
"Sep 23, 2024 @ 14:53:19.877",modification,Endpoint registry event,MSBuild.exe,-,-,-,-,-,HKEY_USERS\S-1-5-21-2438712759-301890551-4283054500-1001\SOFTWARE\Microsoft\Windows\CurrentVersion\Internet Settings\ZoneMap\ProxyBypass,ProxyBypass,-,-,-,-,-,-,-,-,-,-,-
"Sep 23, 2024 @ 14:53:19.868",modification,Endpoint registry event,MSBuild.exe,-,-,-,-,-,HKEY_USERS\S-1-5-21-2438712759-301890551-4283054500-1001\SOFTWARE\Microsoft\Windows\CurrentVersion\Internet Settings\5.0\Cache\History\CachePrefix,CachePrefix,-,-,-,-,-,-,-,-,-,-,-
"Sep 23, 2024 @ 14:53:19.867",modification,Endpoint registry event,MSBuild.exe,-,-,-,-,-,HKEY_USERS\S-1-5-21-2438712759-301890551-4283054500-1001\SOFTWARE\Microsoft\Windows\CurrentVersion\Internet Settings\5.0\Cache\Cookies\CachePrefix,CachePrefix,-,-,-,-,-,-,-,-,-,-,-
"Sep 23, 2024 @ 14:53:19.866",modification,Endpoint registry event,MSBuild.exe,-,-,-,-,-,HKEY_USERS\S-1-5-21-2438712759-301890551-4283054500-1001\SOFTWARE\Microsoft\Windows\CurrentVersion\Internet Settings\5.0\Cache\Content\CachePrefix,CachePrefix,-,-,-,-,-,-,-,-,-,-,-
"Sep 23, 2024 @ 14:53:19.793",end,Endpoint process event,acae26cfe00f442507c384c69eb5a85326754c214795becd65ad4e798e881a83.exe,explorer.exe,C:\Users\John\acae26cfe00f442507c384c69eb5a85326754c214795becd65ad4e798e881a83.exe,-,-,-,-,-,-,-,-,-,-,-,-,-,-,-,-
"Sep 23, 2024 @ 14:53:19.778",start,Endpoint process event,MSBuild.exe,acae26cfe00f442507c384c69eb5a85326754c214795becd65ad4e798e881a83.exe,C:\Windows\Microsoft.NET\Framework\v4.0.30319\MSBuild.exe,-,-,-,-,-,-,-,-,-,-,-,-,-,-,-,-
"Sep 23, 2024 @ 14:53:19.270",load,Endpoint DLL load event,acae26cfe00f442507c384c69eb5a85326754c214795becd65ad4e798e881a83.exe,-,-,System.Core.dll,System.Core.ni.dll,-,-,-,-,-,-,-,-,-,-,-,-,-,-
"Sep 23, 2024 @ 14:53:19.155",load,Endpoint DLL load event,acae26cfe00f442507c384c69eb5a85326754c214795becd65ad4e798e881a83.exe,-,-,System.dll,System.ni.dll,-,-,-,-,-,-,-,-,-,-,-,-,-,-
"Sep 23, 2024 @ 14:53:18.069",load,Endpoint DLL load event,acae26cfe00f442507c384c69eb5a85326754c214795becd65ad4e798e881a83.exe,-,-,clr.dll,clr.dll,-,-,-,-,-,-,-,-,-,-,-,-,-,-
"Sep 23, 2024 @ 14:53:17.778",load,Endpoint DLL load event,acae26cfe00f442507c384c69eb5a85326754c214795becd65ad4e798e881a83.exe,-,-,otr.exe,acae26cfe00f442507c384c69eb5a85326754c214795becd65ad4e798e881a83.exe,-,-,-,-,-,-,-,-,-,-,-,-,-,-
"Sep 23, 2024 @ 14:53:11.036",start,Endpoint process event,acae26cfe00f442507c384c69eb5a85326754c214795becd65ad4e798e881a83.exe,explorer.exe,C:\Users\John\acae26cfe00f442507c384c69eb5a85326754c214795becd65ad4e798e881a83.exe,-,-,-,-,-,-,-,-,-,-,-,-,-,-,-,-
"Sep 23, 2024 @ 14:53:11.030",execution,Malware Detection Alert,acae26cfe00f442507c384c69eb5a85326754c214795becd65ad4e798e881a83.exe,explorer.exe,C:\Users\John\acae26cfe00f442507c384c69eb5a85326754c214795becd65ad4e798e881a83.exe,-,-,acae26cfe00f442507c384c69eb5a85326754c214795becd65ad4e798e881a83.exe,-,-,-,-,-,-,-,-,-,-,-,-,-
"Sep 16, 2024 @ 13:34:47.947",end,Endpoint process event,069739cb5a77bd4d1782bdcf1e0324d7c4d63493d4addfb0913093981f96c8c2.exe,explorer.exe,C:\Users\John\069739cb5a77bd4d1782bdcf1e0324d7c4d63493d4addfb0913093981f96c8c2.exe,-,-,-,-,-,-,-,-,-,-,-,-,-,-,-,-
"Sep 16, 2024 @ 13:34:47.943",lookup_requested,"DNS query is completed for the name note.youdao.com, type 28, query options 2251800887582720 with status 1460 Results  ",069739cb5a77bd4d1782bdcf1e0324d7c4d63493d4addfb0913093981f96c8c2.exe,-,-,-,-,-,-,-,note.youdao.com,163.181.199.245,-,-,Singapore,Singapore,1.29041,103.85211,Alibaba Cloud LLC,-,-
"Sep 16, 2024 @ 13:34:30.788",modification,Endpoint registry event,069739cb5a77bd4d1782bdcf1e0324d7c4d63493d4addfb0913093981f96c8c2.exe,-,-,-,-,-,HKEY_USERS\S-1-5-21-2438712759-301890551-4283054500-1001\SOFTWARE\Microsoft\Windows\CurrentVersion\Internet Settings\ZoneMap\AutoDetect,AutoDetect,-,-,-,-,-,-,-,-,-,-,-
"Sep 16, 2024 @ 13:34:30.787",modification,Endpoint registry event,069739cb5a77bd4d1782bdcf1e0324d7c4d63493d4addfb0913093981f96c8c2.exe,-,-,-,-,-,HKEY_USERS\S-1-5-21-2438712759-301890551-4283054500-1001\SOFTWARE\Microsoft\Windows\CurrentVersion\Internet Settings\ZoneMap\ProxyBypass,ProxyBypass,-,-,-,-,-,-,-,-,-,-,-
"Sep 16, 2024 @ 13:34:30.787",modification,Endpoint registry event,069739cb5a77bd4d1782bdcf1e0324d7c4d63493d4addfb0913093981f96c8c2.exe,-,-,-,-,-,HKEY_USERS\S-1-5-21-2438712759-301890551-4283054500-1001\SOFTWARE\Microsoft\Windows\CurrentVersion\Internet Settings\ZoneMap\IntranetName,IntranetName,-,-,-,-,-,-,-,-,-,-,-
"Sep 16, 2024 @ 13:34:30.787",modification,Endpoint registry event,069739cb5a77bd4d1782bdcf1e0324d7c4d63493d4addfb0913093981f96c8c2.exe,-,-,-,-,-,HKEY_USERS\S-1-5-21-2438712759-301890551-4283054500-1001\SOFTWARE\Microsoft\Windows\CurrentVersion\Internet Settings\ZoneMap\UNCAsIntranet,UNCAsIntranet,-,-,-,-,-,-,-,-,-,-,-
"Sep 16, 2024 @ 13:34:30.754",load,Endpoint DLL load event,069739cb5a77bd4d1782bdcf1e0324d7c4d63493d4addfb0913093981f96c8c2.exe,-,-,fastprox.dll,fastprox.dll,-,-,-,-,-,-,-,-,-,-,-,-,-,-
"Sep 16, 2024 @ 13:34:30.751",load,Endpoint DLL load event,069739cb5a77bd4d1782bdcf1e0324d7c4d63493d4addfb0913093981f96c8c2.exe,-,-,wbemsvc.dll,wbemsvc.dll,-,-,-,-,-,-,-,-,-,-,-,-,-,-
"Sep 16, 2024 @ 13:34:30.748",load,Endpoint DLL load event,069739cb5a77bd4d1782bdcf1e0324d7c4d63493d4addfb0913093981f96c8c2.exe,-,-,wbemcomn.dll,wbemcomn.dll,-,-,-,-,-,-,-,-,-,-,-,-,-,-
"Sep 16, 2024 @ 13:34:30.747",load,Endpoint DLL load event,069739cb5a77bd4d1782bdcf1e0324d7c4d63493d4addfb0913093981f96c8c2.exe,-,-,wbemprox.dll,wbemprox.dll,-,-,-,-,-,-,-,-,-,-,-,-,-,-
"Sep 16, 2024 @ 13:34:29.292",load,Endpoint DLL load event,069739cb5a77bd4d1782bdcf1e0324d7c4d63493d4addfb0913093981f96c8c2.exe,-,-,-,069739cb5a77bd4d1782bdcf1e0324d7c4d63493d4addfb0913093981f96c8c2.exe,-,-,-,-,-,-,-,-,-,-,-,-,-,-
"Sep 16, 2024 @ 13:34:19.961",execution,Malware Detection Alert,069739cb5a77bd4d1782bdcf1e0324d7c4d63493d4addfb0913093981f96c8c2.exe,explorer.exe,C:\Users\John\069739cb5a77bd4d1782bdcf1e0324d7c4d63493d4addfb0913093981f96c8c2.exe,-,-,069739cb5a77bd4d1782bdcf1e0324d7c4d63493d4addfb0913093981f96c8c2.exe,-,-,-,-,-,-,-,-,-,-,-,-,-
"Sep 16, 2024 @ 13:34:19.960",start,Endpoint process event,069739cb5a77bd4d1782bdcf1e0324d7c4d63493d4addfb0913093981f96c8c2.exe,explorer.exe,C:\Users\John\069739cb5a77bd4d1782bdcf1e0324d7c4d63493d4addfb0913093981f96c8c2.exe,-,-,-,-,-,-,-,-,-,-,-,-,-,-,-,-
"Sep 12, 2024 @ 19:06:52.464",lookup_requested,"DNS query is completed for the name t.me, type 28, query options 2251800887582720 with status 10054 Results  ",RegAsm.exe,-,-,-,-,-,-,-,t.me,149.154.167.99,False,30,Netherlands,Amsterdam,52.37018,4.87324,Telegram Messenger Amsterdam Network,"Command and Control, Exfiltration","Domain Generation Algorithms, Exfiltration to Code Repository, Exfiltration to Cloud Storage"
"Sep 12, 2024 @ 19:02:17.211",end,Endpoint process event,cmd.exe,RegAsm.exe,"C:\Windows\system32\cmd.exe, /c, timeout, /t, 10, &, del, /f, /q, C:\Windows\Microsoft.NET\Framework\v4.0.30319\RegAsm.exe, &, rd, /s, /q, C:\ProgramData\CBAKFCBFHJDH, &, exit",-,-,-,-,-,-,-,-,-,-,-,-,-,-,-,-
"Sep 12, 2024 @ 19:02:17.208",deletion,Endpoint file event,cmd.exe,-,-,-,-,RegAsm.exe,-,-,-,-,-,-,-,-,-,-,-,-,-
"Sep 12, 2024 @ 19:02:17.204",end,Endpoint process event,timeout.exe,cmd.exe,"timeout, /t, 10",-,-,-,-,-,-,-,-,-,-,-,-,-,-,-,-
"Sep 12, 2024 @ 19:02:07.186",start,Endpoint process event,timeout.exe,cmd.exe,"timeout, /t, 10",-,-,-,-,-,-,-,-,-,-,-,-,-,-,-,-
"Sep 12, 2024 @ 19:02:07.090",end,Endpoint process event,RegAsm.exe,9e9c2fb86b9215aabb51108105b5c5a553f9c2d4904f8f03c4a8b7ff3602c989.exe,C:\Windows\Microsoft.NET\Framework\v4.0.30319\RegAsm.exe,-,-,-,-,-,-,-,-,-,-,-,-,-,-,-,-
"Sep 12, 2024 @ 19:02:06.783",start,Endpoint process event,cmd.exe,RegAsm.exe,"C:\Windows\system32\cmd.exe, /c, timeout, /t, 10, &, del, /f, /q, C:\Windows\Microsoft.NET\Framework\v4.0.30319\RegAsm.exe, &, rd, /s, /q, C:\ProgramData\CBAKFCBFHJDH, &, exit",-,-,-,-,-,-,-,-,-,-,-,-,-,-,-,-
"Sep 12, 2024 @ 19:02:06.129",modification,Endpoint registry event,RegAsm.exe,-,-,-,-,-,HKEY_USERS\S-1-5-21-2438712759-301890551-4283054500-1001\SOFTWARE\Microsoft\Windows\CurrentVersion\Shell Extensions\Cached\{40DD6E20-7C17-11CE-A804-00AA003CA9F6} {000214EF-0000-0000-C000-000000000046} 0xFFFF,{40DD6E20-7C17-11CE-A804-00AA003CA9F6} {000214EF-0000-0000-C000-000000000046} 0xFFFF,-,-,-,-,-,-,-,-,-,-,-
"Sep 12, 2024 @ 19:02:05.597",lookup_requested,"DNS query is completed for the name stadiatechnologies.com, type 28, query options 2251800887582720 with status 1460 Results  ",RegAsm.exe,-,-,-,-,-,-,-,stadiatechnologies.com,95.164.119.162,False,-5,United Kingdom,London,51.50722,-0.12759,STARK INDUSTRIES SOLUTIONS LTD.,-,-
"Sep 12, 2024 @ 19:01:58.525",open,Endpoint file event,RegAsm.exe,-,-,-,-,recentservers.xml,-,-,-,-,-,-,-,-,-,-,-,-,-
"Sep 12, 2024 @ 19:01:58.177",load,Endpoint DLL load event,RegAsm.exe,-,-,WBEMDISP.DLL,wbemdisp.dll,-,-,-,-,-,-,-,-,-,-,-,-,-,-
"Sep 12, 2024 @ 19:01:57.920",load,Endpoint DLL load event,RegAsm.exe,-,-,fastprox.dll,fastprox.dll,-,-,-,-,-,-,-,-,-,-,-,-,-,-
"Sep 12, 2024 @ 19:01:57.870",load,Endpoint DLL load event,RegAsm.exe,-,-,wbemsvc.dll,wbemsvc.dll,-,-,-,-,-,-,-,-,-,-,-,-,-,-
"Sep 12, 2024 @ 19:01:57.828",load,Endpoint DLL load event,RegAsm.exe,-,-,-,wbemcomn.dll,-,-,-,-,-,-,-,-,-,-,-,-,-,-
"Sep 12, 2024 @ 19:01:57.827",load,Endpoint DLL load event,RegAsm.exe,-,-,wbemprox.dll,wbemprox.dll,-,-,-,-,-,-,-,-,-,-,-,-,-,-
"Sep 12, 2024 @ 19:01:57.710",lookup_requested,"DNS query is completed for the name t.me, type 28, query options 2251800887582720 with status 10054 Results  ",RegAsm.exe,-,-,-,-,-,-,-,t.me,149.154.167.99,False,30,Netherlands,Amsterdam,52.37018,4.87324,Telegram Messenger Amsterdam Network,-,-
"Sep 12, 2024 @ 19:01:51.660",lookup_requested,"DNS query is completed for the name steamcommunity.com, type 28, query options 2251800887582720 with status 10054 Results  ",RegAsm.exe,-,-,-,-,-,-,-,steamcommunity.com,104.69.45.52,False,44,Singapore,Singapore,1.29041,103.85211,"Akamai Technologies, Inc.",-,-
"Sep 12, 2024 @ 19:01:33.521",modification,Endpoint registry event,RegAsm.exe,-,-,-,-,-,HKEY_USERS\S-1-5-21-2438712759-301890551-4283054500-1001\SOFTWARE\Microsoft\Windows\CurrentVersion\Internet Settings\ZoneMap\AutoDetect,AutoDetect,-,-,-,-,-,-,-,-,-,-,-
"Sep 12, 2024 @ 19:01:33.520",modification,Endpoint registry event,RegAsm.exe,-,-,-,-,-,HKEY_USERS\S-1-5-21-2438712759-301890551-4283054500-1001\SOFTWARE\Microsoft\Windows\CurrentVersion\Internet Settings\ZoneMap\ProxyBypass,ProxyBypass,-,-,-,-,-,-,-,-,-,-,-
"Sep 12, 2024 @ 19:01:33.520",modification,Endpoint registry event,RegAsm.exe,-,-,-,-,-,HKEY_USERS\S-1-5-21-2438712759-301890551-4283054500-1001\SOFTWARE\Microsoft\Windows\CurrentVersion\Internet Settings\ZoneMap\IntranetName,IntranetName,-,-,-,-,-,-,-,-,-,-,-
"Sep 12, 2024 @ 19:01:33.520",modification,Endpoint registry event,RegAsm.exe,-,-,-,-,-,HKEY_USERS\S-1-5-21-2438712759-301890551-4283054500-1001\SOFTWARE\Microsoft\Windows\CurrentVersion\Internet Settings\ZoneMap\UNCAsIntranet,UNCAsIntranet,-,-,-,-,-,-,-,-,-,-,-
"Sep 12, 2024 @ 19:01:33.330",modification,Endpoint registry event,RegAsm.exe,-,-,-,-,-,HKEY_USERS\S-1-5-21-2438712759-301890551-4283054500-1001\SOFTWARE\Microsoft\Windows\CurrentVersion\Internet Settings\5.0\Cache\History\CachePrefix,CachePrefix,-,-,-,-,-,-,-,-,-,-,-
"Sep 12, 2024 @ 19:01:33.329",modification,Endpoint registry event,RegAsm.exe,-,-,-,-,-,HKEY_USERS\S-1-5-21-2438712759-301890551-4283054500-1001\SOFTWARE\Microsoft\Windows\CurrentVersion\Internet Settings\5.0\Cache\Content\CachePrefix,CachePrefix,-,-,-,-,-,-,-,-,-,-,-
"Sep 12, 2024 @ 19:01:33.329",modification,Endpoint registry event,RegAsm.exe,-,-,-,-,-,HKEY_USERS\S-1-5-21-2438712759-301890551-4283054500-1001\SOFTWARE\Microsoft\Windows\CurrentVersion\Internet Settings\5.0\Cache\Cookies\CachePrefix,CachePrefix,-,-,-,-,-,-,-,-,-,-,-
"Sep 12, 2024 @ 19:01:29.848",deletion,Endpoint file event,RegAsm.exe,-,-,-,-,delays.tmp,-,-,-,-,-,-,-,-,-,-,-,-,-
"Sep 12, 2024 @ 19:01:29.847",creation,Endpoint file event,RegAsm.exe,-,-,-,-,delays.tmp,-,-,-,-,-,-,-,-,-,-,-,-,-
"Sep 12, 2024 @ 19:01:28.687",end,Endpoint process event,9e9c2fb86b9215aabb51108105b5c5a553f9c2d4904f8f03c4a8b7ff3602c989.exe,explorer.exe,C:\Users\John\9e9c2fb86b9215aabb51108105b5c5a553f9c2d4904f8f03c4a8b7ff3602c989.exe,-,-,-,-,-,-,-,-,-,-,-,-,-,-,-,-
"Sep 12, 2024 @ 19:01:28.665",start,Endpoint process event,RegAsm.exe,9e9c2fb86b9215aabb51108105b5c5a553f9c2d4904f8f03c4a8b7ff3602c989.exe,C:\Windows\Microsoft.NET\Framework\v4.0.30319\RegAsm.exe,-,-,-,-,-,-,-,-,-,-,-,-,-,-,-,-
"Sep 12, 2024 @ 19:01:28.252",load,Endpoint DLL load event,9e9c2fb86b9215aabb51108105b5c5a553f9c2d4904f8f03c4a8b7ff3602c989.exe,-,-,System.Core.dll,System.Core.ni.dll,-,-,-,-,-,-,-,-,-,-,-,-,-,-
"Sep 12, 2024 @ 19:01:28.120",load,Endpoint DLL load event,9e9c2fb86b9215aabb51108105b5c5a553f9c2d4904f8f03c4a8b7ff3602c989.exe,-,-,System.dll,System.ni.dll,-,-,-,-,-,-,-,-,-,-,-,-,-,-
"Sep 12, 2024 @ 19:01:26.560",load,Endpoint DLL load event,9e9c2fb86b9215aabb51108105b5c5a553f9c2d4904f8f03c4a8b7ff3602c989.exe,-,-,clr.dll,clr.dll,-,-,-,-,-,-,-,-,-,-,-,-,-,-
"Sep 12, 2024 @ 19:01:26.307",load,Endpoint DLL load event,9e9c2fb86b9215aabb51108105b5c5a553f9c2d4904f8f03c4a8b7ff3602c989.exe,-,-,mainlab.exe,9e9c2fb86b9215aabb51108105b5c5a553f9c2d4904f8f03c4a8b7ff3602c989.exe,-,-,-,-,-,-,-,-,-,-,-,-,-,-
"Sep 12, 2024 @ 18:43:42.913",lookup_requested,"DNS query is completed for the name reserve-wadergroup.biz, type 28, query options 2251800887582720 with status 10054 Results  ",uteni.exe,-,-,-,-,-,-,-,reserve-wadergroup.biz,-,-,-,-,-,-,-,-,-,-
"Sep 12, 2024 @ 18:41:01.231",modification,Endpoint registry event,uteni.exe,-,-,-,-,-,HKEY_USERS\S-1-5-21-2438712759-301890551-4283054500-1001\SOFTWARE\Microsoft\Windows\CurrentVersion\Run\Macoxyl,Macoxyl,-,-,-,-,-,-,-,-,-,Persistence,Registry Run Keys / Startup Folder
"Sep 12, 2024 @ 18:40:24.881",start,Endpoint process event,dXCKeJ.exe,cmd.exe,"C:\Users\John\AppData\Local\Temp\dXCKeJ.exe, RFUpQf",-,-,-,-,-,-,-,-,-,-,-,-,-,-,Defense Evasion,Rename System Utilities
"Sep 12, 2024 @ 18:39:23.862",lookup_requested,"DNS query is completed for the name ohajaonha.in, type 28, query options 2251800887582720 with status 1460 Results  ",uteni.exe,-,-,-,-,-,-,-,ohajaonha.in,-,-,-,-,-,-,-,-,-,-
"Sep 12, 2024 @ 18:36:50.718",modification,Endpoint registry event,uteni.exe,-,-,-,-,-,HKEY_USERS\S-1-5-21-2438712759-301890551-4283054500-1001\SOFTWARE\Microsoft\Windows\CurrentVersion\Run\Macoxyl,Macoxyl,-,-,-,-,-,-,-,-,-,-,-
"Sep 12, 2024 @ 18:36:50.659",modification,Endpoint registry event,uteni.exe,-,-,-,-,-,HKEY_USERS\S-1-5-21-2438712759-301890551-4283054500-1001\SOFTWARE\Microsoft\Windows\CurrentVersion\Internet Settings\ZoneMap\ProxyBypass,ProxyBypass,-,-,-,-,-,-,-,-,-,-,-
"Sep 12, 2024 @ 18:36:50.659",modification,Endpoint registry event,uteni.exe,-,-,-,-,-,HKEY_USERS\S-1-5-21-2438712759-301890551-4283054500-1001\SOFTWARE\Microsoft\Windows\CurrentVersion\Internet Settings\ZoneMap\IntranetName,IntranetName,-,-,-,-,-,-,-,-,-,-,-
"Sep 12, 2024 @ 18:36:50.659",modification,Endpoint registry event,uteni.exe,-,-,-,-,-,HKEY_USERS\S-1-5-21-2438712759-301890551-4283054500-1001\SOFTWARE\Microsoft\Windows\CurrentVersion\Internet Settings\ZoneMap\UNCAsIntranet,UNCAsIntranet,-,-,-,-,-,-,-,-,-,-,-
"Sep 12, 2024 @ 18:36:50.659",modification,Endpoint registry event,uteni.exe,-,-,-,-,-,HKEY_USERS\S-1-5-21-2438712759-301890551-4283054500-1001\SOFTWARE\Microsoft\Windows\CurrentVersion\Internet Settings\ZoneMap\AutoDetect,AutoDetect,-,-,-,-,-,-,-,-,-,-,-
"Sep 12, 2024 @ 18:36:50.632",modification,Endpoint registry event,uteni.exe,-,-,-,-,-,HKEY_USERS\S-1-5-21-2438712759-301890551-4283054500-1001\SOFTWARE\Microsoft\Windows\CurrentVersion\Internet Settings\5.0\Cache\History\CachePrefix,CachePrefix,-,-,-,-,-,-,-,-,-,-,-
"Sep 12, 2024 @ 18:36:50.631",modification,Endpoint registry event,uteni.exe,-,-,-,-,-,HKEY_USERS\S-1-5-21-2438712759-301890551-4283054500-1001\SOFTWARE\Microsoft\Windows\CurrentVersion\Internet Settings\5.0\Cache\Cookies\CachePrefix,CachePrefix,-,-,-,-,-,-,-,-,-,-,-
"Sep 12, 2024 @ 18:36:50.630",modification,Endpoint registry event,uteni.exe,-,-,-,-,-,HKEY_USERS\S-1-5-21-2438712759-301890551-4283054500-1001\SOFTWARE\Microsoft\Windows\CurrentVersion\Internet Settings\5.0\Cache\Content\CachePrefix,CachePrefix,-,-,-,-,-,-,-,-,-,-,-
"Sep 12, 2024 @ 18:36:50.600",end,Endpoint process event,cmd.exe,se.exe,"C:\Windows\system32\cmd.exe, /c, C:\Users\John\AppData\Local\Temp\tmp120305e1.bat",-,-,-,-,-,-,-,-,-,-,-,-,-,-,-,-
"Sep 12, 2024 @ 18:36:50.587",end,Endpoint process event,se.exe,svchost.exe,C:\Users\John\AppData\Local\Temp\se.exe,-,-,-,-,-,-,-,-,-,-,-,-,-,-,-,-
"Sep 12, 2024 @ 18:36:50.569",rename,Endpoint file event,uteni.exe,-,-,-,-,ypyfc.tmp,-,-,-,-,-,-,-,-,-,-,-,-,-
"Sep 12, 2024 @ 18:36:50.516",start,Endpoint process event,cmd.exe,se.exe,"C:\Windows\system32\cmd.exe, /c, C:\Users\John\AppData\Local\Temp\tmp120305e1.bat",-,-,-,-,-,-,-,-,-,-,-,-,-,-,-,-
"Sep 12, 2024 @ 18:36:50.512",modification,Endpoint registry event,uteni.exe,-,-,-,-,-,HKEY_USERS\S-1-5-21-2438712759-301890551-4283054500-1001\SOFTWARE\Microsoft\Perae\Hokouzyte,Hokouzyte,-,-,-,-,-,-,-,-,-,-,-
"Sep 12, 2024 @ 18:36:50.511",overwrite,Endpoint file event,se.exe,-,-,-,-,tmp120305e1.bat,-,-,-,-,-,-,-,-,-,-,-,-,-
"Sep 12, 2024 @ 18:36:50.509",creation,Endpoint file event,se.exe,-,-,-,-,tmp120305e1.bat,-,-,-,-,-,-,-,-,-,-,-,-,-
"Sep 12, 2024 @ 18:36:50.433",load,Endpoint DLL load event,se.exe,-,-,wbemsvc.dll,wbemsvc.dll,-,-,-,-,-,-,-,-,-,-,-,-,-,-
"Sep 12, 2024 @ 18:36:50.348",modification,Endpoint registry event,se.exe,-,-,-,-,-,HKEY_USERS\S-1-5-21-2438712759-301890551-4283054500-1001\SOFTWARE\Microsoft\Perae\Hokouzyte,Hokouzyte,-,-,-,-,-,-,-,-,-,-,-
"Sep 12, 2024 @ 18:36:50.303",load,Endpoint DLL load event,se.exe,-,-,-,wbemcomn.dll,-,-,-,-,-,-,-,-,-,-,-,-,-,-
"Sep 12, 2024 @ 18:36:50.283",load,Endpoint DLL load event,se.exe,-,-,wbemprox.dll,wbemprox.dll,-,-,-,-,-,-,-,-,-,-,-,-,-,-
"Sep 12, 2024 @ 18:36:49.279",modification,Endpoint registry event,se.exe,-,-,-,-,-,HKEY_USERS\S-1-5-21-2438712759-301890551-4283054500-1001\SOFTWARE\Microsoft\Internet Explorer\Privacy\CleanCookies,CleanCookies,-,-,-,-,-,-,-,-,-,-,-
"Sep 12, 2024 @ 18:36:49.010",load,Endpoint DLL load event,uteni.exe,-,-,-,uteni.exe,-,-,-,-,-,-,-,-,-,-,-,-,-,-
"Sep 12, 2024 @ 18:36:39.040",execution,Malware Detection Alert,uteni.exe,se.exe,C:\Users\John\AppData\Roaming\Oqoz\uteni.exe,-,-,uteni.exe,-,-,-,-,-,-,-,-,-,-,-,-,-
"Sep 12, 2024 @ 18:36:39.040",overwrite,Malware Detection Alert,se.exe,svchost.exe,C:\Users\John\AppData\Local\Temp\se.exe,-,-,uteni.exe,-,-,-,-,-,-,-,-,-,-,-,-,-
"Sep 12, 2024 @ 18:36:38.995",start,Endpoint process event,uteni.exe,se.exe,C:\Users\John\AppData\Roaming\Oqoz\uteni.exe,-,-,-,-,-,-,-,-,-,-,-,-,-,-,-,-
"Sep 12, 2024 @ 18:36:38.979",overwrite,Endpoint file event,se.exe,-,-,-,-,uteni.exe,-,-,-,-,-,-,-,-,-,-,-,-,-
"Sep 12, 2024 @ 18:36:38.496",creation,Endpoint file event,se.exe,-,-,-,-,alro.baa,-,-,-,-,-,-,-,-,-,-,-,-,-
"Sep 12, 2024 @ 18:36:38.495",creation,Endpoint file event,se.exe,-,-,-,-,ypyfc.izm,-,-,-,-,-,-,-,-,-,-,-,-,-
"Sep 12, 2024 @ 18:36:38.456",creation,Endpoint file event,se.exe,-,-,-,-,uteni.exe,-,-,-,-,-,-,-,-,-,-,-,-,-
"Sep 12, 2024 @ 18:36:38.305",load,Endpoint DLL load event,se.exe,-,-,-,se.exe,-,-,-,-,-,-,-,-,-,-,-,-,-,-
"Sep 12, 2024 @ 18:36:32.054",start,Endpoint process event,se.exe,svchost.exe,C:\Users\John\AppData\Local\Temp\se.exe,-,-,-,-,-,-,-,-,-,-,-,-,-,-,-,-
"Sep 12, 2024 @ 18:36:32.051",execution,Malware Detection Alert,se.exe,svchost.exe,C:\Users\John\AppData\Local\Temp\se.exe,-,-,se.exe,-,-,-,-,-,-,-,-,-,-,-,-,-
"Sep 12, 2024 @ 18:36:09.358",end,Endpoint process event,aa84cc4fd2150d0dd0986943e8567dca381c47c69b29673e8ba120d922fcced3.exe,explorer.exe,C:\Users\John\aa84cc4fd2150d0dd0986943e8567dca381c47c69b29673e8ba120d922fcced3.exe,-,-,-,-,-,-,-,-,-,-,-,-,-,-,-,-
"Sep 12, 2024 @ 18:36:09.072",end,Endpoint process event,cmd.exe,aa84cc4fd2150d0dd0986943e8567dca381c47c69b29673e8ba120d922fcced3.exe,"C:\Windows\system32\cmd.exe, /c, C:\Users\John\AppData\Local\Temp\dXCKeJ.exe, RFUpQf",-,-,-,-,-,-,-,-,-,-,-,-,-,-,-,-
"Sep 12, 2024 @ 18:36:09.069",end,Endpoint process event,dXCKeJ.exe,cmd.exe,"C:\Users\John\AppData\Local\Temp\dXCKeJ.exe, RFUpQf",-,-,-,-,-,-,-,-,-,-,-,-,-,-,-,-
"Sep 12, 2024 @ 18:36:08.768",rename,Endpoint file event,dXCKeJ.exe,-,-,-,-,dXCKeJ.exe,-,-,-,-,-,-,-,-,-,-,-,-,-
"Sep 12, 2024 @ 18:36:08.768",rename,Endpoint file event,dXCKeJ.exe,-,-,-,-,RFUpQf,-,-,-,-,-,-,-,-,-,-,-,-,-
"Sep 12, 2024 @ 18:36:08.767",rename,Endpoint file event,dXCKeJ.exe,-,-,-,-,emMVCc.txt,-,-,-,-,-,-,-,-,-,-,-,-,-
"Sep 12, 2024 @ 18:36:08.711",load,Endpoint DLL load event,dXCKeJ.exe,-,-,AutoIt3.exe,dXCKeJ.exe,-,-,-,-,-,-,-,-,-,-,-,-,-,-
"Sep 12, 2024 @ 18:36:08.700",start,Endpoint process event,dXCKeJ.exe,cmd.exe,"C:\Users\John\AppData\Local\Temp\dXCKeJ.exe, RFUpQf",-,-,-,-,-,-,-,-,-,-,-,-,-,-,-,-
"Sep 12, 2024 @ 18:36:08.560",start,Endpoint process event,cmd.exe,aa84cc4fd2150d0dd0986943e8567dca381c47c69b29673e8ba120d922fcced3.exe,"C:\Windows\system32\cmd.exe, /c, C:\Users\John\AppData\Local\Temp\dXCKeJ.exe, RFUpQf",-,-,-,-,-,-,-,-,-,-,-,-,-,-,-,-
"Sep 12, 2024 @ 18:36:08.518",creation,Endpoint file event,aa84cc4fd2150d0dd0986943e8567dca381c47c69b29673e8ba120d922fcced3.exe,-,-,-,-,emMVCc.txt,-,-,-,-,-,-,-,-,-,-,-,-,-
"Sep 12, 2024 @ 18:36:08.045",deletion,Endpoint file event,aa84cc4fd2150d0dd0986943e8567dca381c47c69b29673e8ba120d922fcced3.exe,-,-,-,-,emMVCc.txt,-,-,-,-,-,-,-,-,-,-,-,-,-
"Sep 12, 2024 @ 18:36:08.042",creation,Endpoint file event,aa84cc4fd2150d0dd0986943e8567dca381c47c69b29673e8ba120d922fcced3.exe,-,-,-,-,RFUpQf,-,-,-,-,-,-,-,-,-,-,-,-,-
"Sep 12, 2024 @ 18:36:07.728",deletion,Endpoint file event,aa84cc4fd2150d0dd0986943e8567dca381c47c69b29673e8ba120d922fcced3.exe,-,-,-,-,RFUpQf,-,-,-,-,-,-,-,-,-,-,-,-,-
"Sep 12, 2024 @ 18:36:07.727",deletion,Endpoint file event,aa84cc4fd2150d0dd0986943e8567dca381c47c69b29673e8ba120d922fcced3.exe,-,-,-,-,aut5D6B.tmp,-,-,-,-,-,-,-,-,-,-,-,-,-
"Sep 12, 2024 @ 18:36:07.725",overwrite,Endpoint file event,aa84cc4fd2150d0dd0986943e8567dca381c47c69b29673e8ba120d922fcced3.exe,-,-,-,-,aut5D6B.tmp,-,-,-,-,-,-,-,-,-,-,-,-,-
"Sep 12, 2024 @ 18:36:07.721",deletion,Endpoint file event,aa84cc4fd2150d0dd0986943e8567dca381c47c69b29673e8ba120d922fcced3.exe,-,-,-,-,aut5D4B.tmp,-,-,-,-,-,-,-,-,-,-,-,-,-
"Sep 12, 2024 @ 18:36:07.705",overwrite,Endpoint file event,aa84cc4fd2150d0dd0986943e8567dca381c47c69b29673e8ba120d922fcced3.exe,-,-,-,-,aut5D4B.tmp,-,-,-,-,-,-,-,-,-,-,-,-,-
"Sep 12, 2024 @ 18:36:07.686",deletion,Endpoint file event,aa84cc4fd2150d0dd0986943e8567dca381c47c69b29673e8ba120d922fcced3.exe,-,-,-,-,aut5D2B.tmp,-,-,-,-,-,-,-,-,-,-,-,-,-
"Sep 12, 2024 @ 18:36:07.685",creation,Endpoint file event,aa84cc4fd2150d0dd0986943e8567dca381c47c69b29673e8ba120d922fcced3.exe,-,-,-,-,dXCKeJ.exe,-,-,-,-,-,-,-,-,-,-,-,-,-
"Sep 12, 2024 @ 18:36:07.670",overwrite,Endpoint file event,aa84cc4fd2150d0dd0986943e8567dca381c47c69b29673e8ba120d922fcced3.exe,-,-,-,-,aut5D2B.tmp,-,-,-,-,-,-,-,-,-,-,-,-,-
"Sep 12, 2024 @ 18:36:06.881",load,Endpoint DLL load event,aa84cc4fd2150d0dd0986943e8567dca381c47c69b29673e8ba120d922fcced3.exe,-,-,-,aa84cc4fd2150d0dd0986943e8567dca381c47c69b29673e8ba120d922fcced3.exe,-,-,-,-,-,-,-,-,-,-,-,-,-,-
"Sep 12, 2024 @ 18:35:56.810",start,Endpoint process event,aa84cc4fd2150d0dd0986943e8567dca381c47c69b29673e8ba120d922fcced3.exe,explorer.exe,C:\Users\John\aa84cc4fd2150d0dd0986943e8567dca381c47c69b29673e8ba120d922fcced3.exe,-,-,-,-,-,-,-,-,-,-,-,-,-,-,-,-
"Sep 12, 2024 @ 18:35:56.809",execution,Malware Detection Alert,aa84cc4fd2150d0dd0986943e8567dca381c47c69b29673e8ba120d922fcced3.exe,explorer.exe,C:\Users\John\aa84cc4fd2150d0dd0986943e8567dca381c47c69b29673e8ba120d922fcced3.exe,-,-,aa84cc4fd2150d0dd0986943e8567dca381c47c69b29673e8ba120d922fcced3.exe,-,-,-,-,-,-,-,-,-,-,-,-,-
